time_s,area_0_%_BOLD,area_1_%_BOLD,area_2_%_BOLD,area_3_%_BOLD,area_4_%_BOLD,area_5_%_BOLD,area_6_%_BOLD,area_7_%_BOLD,area_8_%_BOLD,area_9_%_BOLD,area_10_%_BOLD,area_11_%_BOLD,area_12_%_BOLD,area_13_%_BOLD,area_14_%_BOLD,area_15_%_BOLD,area_16_%_BOLD,area_17_%_BOLD,area_18_%_BOLD,area_19_%_BOLD,area_20_%_BOLD,area_21_%_BOLD,area_22_%_BOLD,area_23_%_BOLD,area_24_%_BOLD,area_25_%_BOLD,area_26_%_BOLD,area_27_%_BOLD,area_28_%_BOLD,area_29_%_BOLD,area_30_%_BOLD,area_31_%_BOLD,area_32_%_BOLD,area_33_%_BOLD,area_34_%_BOLD,area_35_%_BOLD,area_36_%_BOLD,area_37_%_BOLD,area_38_%_BOLD,area_39_%_BOLD
0.0,0.0,0.0,0.0,0.0,0.0,0.0,0.0,0.0,0.0,0.0,0.0,0.0,0.0,0.0,0.0,0.0,0.0,0.0,0.0,0.0,0.0,0.0,0.0,0.0,0.0,0.0,0.0,0.0,0.0,0.0,0.0,0.0,0.0,0.0,0.0,0.0,0.0,0.0,0.0,0.0
1.2,-0.013278786757390285,0.001036945183196453,-0.005747555736834195,0.004531215924454578,-0.013487020898946052,0.0064508595566774365,0.002608988047496647,-0.0066118403673324,0.004767998053854059,0.0017077019430992628,-0.020710085643871202,-0.008949011309259843,-0.0006577590655728047,0.0043862576573098205,0.006940538759576654,-0.006651909684258271,0.005680546031855764,0.001447441770667815,0.010217217570993075,-0.00519995500493085,-0.002216491336051347,-0.010958040634081014,-0.0011877167249507705,0.00022688983783562044,0.01203722634786411,0.004535177087290526,0.008767549113769672,0.00040924921845513575,-0.0016560194828040716,-0.02697840659384412,-0.004840566506975612,-0.00991870890377195,-0.004871486801233263,-0.009930514258283805,-0.01519630418253827,0.00875901730022974,0.00040904022335605723,-0.00472496196115693,-0.014327584702555018,0.03614781961106349
