time_s,area_0_%_BOLD,area_1_%_BOLD,area_2_%_BOLD,area_3_%_BOLD,area_4_%_BOLD,area_5_%_BOLD,area_6_%_BOLD,area_7_%_BOLD,area_8_%_BOLD,area_9_%_BOLD,area_10_%_BOLD,area_11_%_BOLD,area_12_%_BOLD,area_13_%_BOLD,area_14_%_BOLD,area_15_%_BOLD,area_16_%_BOLD,area_17_%_BOLD,area_18_%_BOLD,area_19_%_BOLD,area_20_%_BOLD,area_21_%_BOLD,area_22_%_BOLD,area_23_%_BOLD,area_24_%_BOLD,area_25_%_BOLD,area_26_%_BOLD,area_27_%_BOLD,area_28_%_BOLD,area_29_%_BOLD,area_30_%_BOLD,area_31_%_BOLD,area_32_%_BOLD,area_33_%_BOLD,area_34_%_BOLD,area_35_%_BOLD,area_36_%_BOLD,area_37_%_BOLD,area_38_%_BOLD,area_39_%_BOLD
0.0,0.0,0.0,0.0,0.0,0.0,0.0,0.0,0.0,0.0,0.0,0.0,0.0,0.0,0.0,0.0,0.0,0.0,0.0,0.0,0.0,0.0,0.0,0.0,0.0,0.0,0.0,0.0,0.0,0.0,0.0,0.0,0.0,0.0,0.0,0.0,0.0,0.0,0.0,0.0,0.0
0.12,-3.3950300104909563e-06,1.5242539396720648e-06,-8.747593699962124e-06,-6.392988047526983e-06,-1.1026632180359144e-05,1.0356974877716141e-05,-7.355047684803823e-06,-3.243790276118546e-06,7.121386399660424e-07,1.8594422559615965e-05,-7.76833860433925e-06,1.4888045785717737e-05,-2.781046731146006e-05,2.3904416312913666e-06,-3.3574656552508493e-06,-4.9694293653220715e-06,-2.5507604243205154e-06,-3.7386700053205865e-06,1.45657604598739e-06,-1.3106523543955148e-05,-1.6993112007975955e-05,1.6126458410656427e-05,4.156166290370891e-06,-1.0383721640856437e-05,-4.4699565292692823e-05,-2.0913927955074744e-05,7.057779758216327e-06,-1.2217357262166076e-05,-6.273088950029688e-06,1.3017529051843154e-05,9.230489165411202e-06,1.8994410161618873e-05,2.3024425467836237e-05,2.0238517304953233e-05,-2.727006153085398e-05,-1.8461815646474662e-05,-2.2136406966959047e-05,1.0740221548851708e-05,-2.118101475317275e-05,1.7633251186993276e-05
0.24,-2.487899007608448e-05,1.7700695371129313e-05,-7.330839621152521e-05,-6.267586911185802e-05,-9.05159967070854e-05,0.00012270286537605617,-6.930798680584971e-05,-1.9930026051553825e-05,7.461202319356063e-06,0.00017633367281399758,-6.35891426677243e-05,0.0001587771658346904,-0.00026230151647270336,2.5025038116875465e-06,-2.0676064363598242e-05,-2.8612097733345935e-05,-5.674228585228889e-06,-1.2805687381266751e-05,3.2575062961334137e-05,-0.00011270242765357254,-0.00014439526004389008,0.00017243714853967392,5.9824063164572865e-05,-9.640615937777824e-05,-0.0004166514608222534,-0.0001846639867615278,7.636760951604373e-05,-0.00012935767969040541,-3.3562638051669755e-05,0.0001349656312081055,0.00010865859484830821,0.00025489135346436426,0.00022004306728847441,0.00022630508597268803,-0.00022335152643325929,-0.0001310680951122541,-0.00022924736905559457,0.00012852348373076637,-0.0001382063840459972,0.00018785276440697518
0.36,-2.4548559547414475e-05,7.375385017072489e-05,-0.00017312262285065942,-0.00021944489189622247,-0.00018980683180230926,0.0005409423094883104,-0.00021061038521243933,5.74722213132192e-07,2.567477445436765e-05,0.0005697046758826707,-0.00012769841794603806,0.0006235995366293139,-0.000826791224735993,-0.0001756337166554991,2.440051457445578e-05,2.181512707389573e-05,0.00011423986418568661,8.384027109008827e-05,0.0002289410045743833,-0.0002547430925632524,-0.0003711031302833284,0.0007016532166040244,0.0003258958658792216,-0.00030760068178695875,-0.0012782523568658276,-0.0004999455615000912,0.00028434148288157757,-0.0005092278338300327,5.241927094627784e-05,0.0004783340584228196,0.0004393383843955192,0.0012893022490411236,0.0006523475622461791,0.0009688420978762439,-0.00045436216329041844,-0.0001672205935308844,-0.0008701383715607168,0.0005880210359714253,-8.431586487325999e-05,0.0007353689496621479
0.48,9.160805651398191e-05,0.00016937450191524447,-0.00026815937102960734,-0.000544135409276418,-0.0001808622038238977,0.0013562273039095102,-0.00040895868648214333,5.5548570345709725e-05,2.7996402006488097e-05,0.0012860323894374219,-8.686468863726874e-05,0.00158763993384556,-0.0017246589883981613,-0.0010230933123165056,0.0003104707818768512,0.00018607507323023783,0.0005386327404499249,0.00023927587439344277,0.0007225306533383961,-0.00020879772815022646,-0.0007745003697598778,0.0019392021414464248,0.000946337639889353,-0.0007352326980976883,-0.002609519917048467,-0.0008889856433681816,0.0005170438664397743,-0.0013250570783286597,0.00028124909416130605,0.0009227037201461805,0.0008146229191402419,0.0036000224423251618,0.0009173307060892299,0.00271352630897683,-0.0003413733039102189,-0.00012018414102513275,-0.0021918922597765136,0.0015744445334937747,8.453251510010205e-05,0.0018094636659484423
0.6,0.00041212694318554504,0.0003111075411694243,-0.00029604219706694127,-0.0011109409874379894,7.643670328853492e-05,0.002504259735923323,-0.0007588516572663046,-2.1526052071924948e-05,-7.151326438990395e-05,0.002475145027319206,0.0001463715783208798,0.0033294019515847737,-0.0028193268332344893,-0.003011413341687201,0.0009649659388948399,0.00035279168420219607,0.0013421890014437938,0.00019185579969938343,0.001542752838864544,0.00011275727356841234,-0.0015966282443672071,0.004282638395902953,0.0019645601100125865,-0.0014549666501778255,-0.004339432174483911,-0.0011598132644441354,0.00038422050191759115,-0.002721740898630992,0.0002645810437233763,0.0011548997966899534,0.0008585630960703225,0.0077303988099608565,0.0003977460003704049,0.006172486643235256,0.0003967247098893583,-0.00010098571152338067,-0.0043778359562894435,0.0030398843882277413,-0.0002305307656769692,0.0033576852299494015
0.72,0.0009294504385879369,0.0005124277477824746,-0.00012994780504981261,-0.0019548396752458643,0.0008019345364929779,0.003884213713986923,-0.001332435057247049,-0.000388183258958454,-0.00022393585611154947,0.004374631312816559,0.0007642665211044765,0.006155019498952555,-0.003950837826762613,-0.006213994165605017,0.002161225204337866,0.00048196605133744527,0.0026225770253827537,-0.0001473821138517103,0.002701160396535128,0.0007291318465998393,-0.0028497948378625685,0.008092995369158092,0.003367106203996969,-0.0024679146066851993,-0.006373052629641767,-0.0009895517570255657,-0.00037797130697672356,-0.00451016741546956,-0.0002874332769777171,0.0010394704038269352,0.0006801357813302975,0.01418883432177495,-0.0010962150753402336,0.012059409242782529,0.0018378261119669102,-3.0007462995737912e-05,-0.007376443586109447,0.0050139566662698535,-0.001224941835535873,0.005243099640542295
0.84,0.0015663754418395559,0.0007462358566149706,0.000342243476005346,-0.003068049920099254,0.0022015443399425972,0.005382289407581224,-0.0019587868599424785,-0.0011468896285888105,-0.0005002617835514046,0.007160233592388437,0.002100789185225701,0.010345481338981681,-0.0048985584367531275,-0.010540966055341274,0.004094139403729104,0.000565063910858235,0.004491921984175143,-0.000859709508705441,0.004222728187258711,0.0013892157533286298,-0.004270099224111267,0.013612268530851205,0.005095654627282533,-0.0036474158103436483,-0.008338707115341367,-0.0001516404397962131,-0.0018211674637486374,-0.006279088086427674,-0.0012873205656079468,0.0005511431810227051,0.0006855239965775216,0.022960146612403087,-0.0033090082698935667,0.021105083275616207,0.004086213488286594,0.0003687864572494534,-0.010870811551786777,0.0075617918347213355,-0.0025621206043475314,0.007315787763257356
0.96,0.0022906624319960016,0.0009773898483133733,0.0011753230540402925,-0.004409430584136984,0.004244843164345891,0.006904187344398878,-0.00243458496409986,-0.0024432113055950317,-0.001027995267814426,0.010803348750026403,0.004284660475634994,0.016161688647087183,-0.0055164201470458175,-0.01587491507303109,0.006849574180575963,0.00048820089032221856,0.006918142885110836,-0.0022070335686158165,0.005916530162959932,0.0015841540809234753,-0.005677795944646079,0.020840874231695006,0.007044711395567599,-0.004888525842677077,-0.010126964003907108,0.0014600719297926449,-0.004089848433753497,-0.00777249670627861,-0.0027950178399912015,-0.00040379731347730424,0.0008210410935485899,0.033604266072836154,-0.0061416222154981135,0.03368889120112219,0.007286512571192002,0.001295711386850808,-0.014739957896669926,0.010509959238324984,-0.004440477905142917,0.00888093023311205
1.08,0.0031105482119270274,0.0012643485932106336,0.0025259837700038635,-0.005937037351004863,0.006770730708074978,0.008434835146262596,-0.0025968548037910216,-0.004424021593831653,-0.0016838787067025823,0.015076097581672134,0.0071543801646623125,0.02365602506048206,-0.005822883434051589,-0.0222190247287573,0.010487081032010456,3.891280047837401e-05,0.009771876835184129,-0.004494547390717692,0.007490254239806898,0.0012445641917251686,-0.007114378575567304,0.029576508800636468,0.009015822630893015,-0.006222440337275661,-0.01192279119883622,0.0037741071192781035,-0.007471110477807063,-0.008898880741510155,-0.005214422980507984,-0.0020161415131963365,0.0005767576750842703,0.045790564404642964,-0.009887734806453604,0.049506289277204664,0.011369836805363947,0.002719731299020114,-0.019223038331930873,0.013590395475141898,-0.007569092188185524,0.009126027417071985
1.2,0.004027708570787566,0.001663153428776417,0.004492088997134483,-0.007650743692048356,0.009655619493047635,0.00998832525411461,-0.0024196332523918514,-0.007350985911874001,-0.0023050078493124294,0.019622426394918915,0.010279135282304912,0.03267784164393897,-0.005890123786220486,-0.029676554525202074,0.014982548194751854,-0.0009531720088152057,0.012867432540410449,-0.007955190342005357,0.008668182223844686,0.0005476149523672015,-0.008660928363987892,0.039441857145917046,0.01080514638695115,-0.007669475739316653,-0.013856628768813568,0.006579677875593562,-0.012169463102291585,-0.009770897761800457,-0.008996660594104013,-0.004497854928279932,-0.0008613469194112886,0.059001521784125634,-0.014996715709813233,0.06788384959168565,0.016199500701213995,0.004356670574263432,-0.024588392057547686,0.016639445451139212,-0.01272029040667568,0.007208669334260762
1.3199999999999998,0.004947324379397727,0.0021521648883135788,0.007093064405640818,-0.009538578391798159,0.012781966142694983,0.011507757995384655,-0.002035461847013604,-0.011470368373037599,-0.0027634578158380286,0.024079473376686526,0.013154668998562087,0.04296704625284592,-0.005721518954722192,-0.03826950926608585,0.020139164946095793,-0.0025188012592192643,0.015935996325656985,-0.012788310356029009,0.009181356969315834,-0.00047974191148440553,-0.010381584628329114,0.04991484563323928,0.012346535956691912,-0.009332366030253532,-0.016067828273658567,0.009543935847691174,-0.018347134240760767,-0.010720475201121543,-0.014495341024096001,-0.007829303652521892,-0.004516262368977571,0.0726485341824901,-0.021882994557152514,0.08785480703531498,0.02157878204321344,0.0057216671545362455,-0.030943081013329175,0.019852027699491723,-0.020655836020434405,0.002549612994871972
1.44,0.0057540778663011955,0.002727618117919723,0.010422547157272071,-0.011518371345903769,0.01589971171026696,0.01294865430377837,-0.0016033889361418922,-0.01677496119707081,-0.0030397993846656163,0.028244318069141097,0.015322186498891804,0.054218627856418795,-0.00541553149784507,-0.04802895573749884,0.025784754686014676,-0.004606386884681918,0.01869560566926723,-0.0192076850506701,0.008735604119891315,-0.0017505823189764072,-0.012506192804710648,0.06044952741844194,0.013623945280652066,-0.011390186175986472,-0.01889148621779817,0.012270170798069071,-0.026214005720826786,-0.012144271020770488,-0.022088828970334054,-0.011876501129389037,-0.011370039054804132,0.08614618135301301,-0.03096169408014034,0.10850594570743217,0.027381808275186374,0.006310163502750576,-0.03846242854041596,0.023022558855253727,-0.03179208181121583,-0.0053795613762416825
1.56,0.006485005869329586,0.00340520281794918,0.014473344847705549,-0.01348576909235202,0.018730463370493083,0.014319155806639023,-0.0012547114012118558,-0.02296338661920005,-0.003167339981473554,0.032056542904054824,0.016386463664666177,0.06611911515474987,-0.005256251626732938,-0.058952035772564346,0.03188436280872559,-0.007109612342280742,0.02100741304008702,-0.027453684044876227,0.007085577159580988,-0.003116534996646692,-0.015331513343313532,0.0704049844192928,0.014591784293004713,-0.01409086911434212,-0.022795169669055364,0.014448954714836669,-0.035952265297732565,-0.014278754340236009,-0.03209498352195831,-0.01651749354559027,-0.022078022493546578,0.0989031031809112,-0.04264050498171084,0.12911760402718042,0.033498943716329305,0.005669666139996416,-0.04765449666066192,0.0255344415424271,-0.04628389018792989,-0.017273986301376297
1.68,0.007312267999032152,0.004219325723538587,0.019213749847720295,-0.015331688559688347,0.021140791861876677,0.015834017021865827,-0.0010388005736773644,-0.029441858924225916,-0.0029833243147233427,0.03566117848941791,0.016288916327426517,0.07851230137419407,-0.005509786777280675,-0.07081892782433466,0.03854108543786201,-0.009869539756745992,0.02289376270618158,-0.03725822659064698,0.004432062578016504,-0.004295346431552742,-0.018674318878479118,0.07946992916614552,0.015308316135633944,-0.017280156321753747,-0.02795879204272292,0.0159340826228313,-0.04717792968974884,-0.017072565044595693,-0.04422493740654776,-0.02135023116692321,-0.03602353090389055,0.11115366133215526,-0.056376300058993314,0.14936232144874162,0.040079397881345104,0.0040600372445763555,-0.05881810910681025,0.02698945602721106,-0.06356989211856956,-0.03321743958198245
1.7999999999999998,0.008378257076044806,0.005224979785665501,0.02462595724424653,-0.016971957258230117,0.02312089982499342,0.017714631964352277,-0.0008970624908991403,-0.03556580503993694,-0.0023202532486318156,0.03920360365470845,0.015395416082274977,0.09137017194028922,-0.006252914761103465,-0.08323938972318065,0.04583780354183837,-0.012739195542600857,0.02457636937105543,-0.04785586870605825,0.0013924333907745995,-0.00468037236717671,-0.021920605993375038,0.08771662228972917,0.015901669104169885,-0.02044401743492156,-0.0342687512636201,0.0166982383786484,-0.05905334303314805,-0.020272581453992404,-0.05748836776843629,-0.025769673628072136,-0.05142331589278121,0.12340747097621765,-0.07071126402602741,0.16938859060608996,0.04740203590205439,0.0022608553629742977,-0.07178364230346015,0.02743977381967442,-0.08225374661615664,-0.05265343254128242
1.92,0.009689566929783056,0.0064310213878944625,0.03061342383605738,-0.018323056011724452,0.024788095789153,0.019869179114342512,-0.0008502462570705622,-0.040881216112055786,-0.0011773308414235596,0.04261835581545802,0.014089703384863485,0.10462887859647062,-0.007411546607928161,-0.09603976072848015,0.0536504395725179,-0.015698086913145518,0.02623330440336339,-0.05868899790177735,-0.0015546607635317888,-0.004014066051951512,-0.02473052241750447,0.09534124142901187,0.016461039125180533,-0.023304243674259022,-0.04149257389513085,0.01665434557079353,-0.0709143433177969,-0.02380580365851579,-0.07107655282563571,-0.02956144350702337,-0.0669006430281679,0.1354958306981413,-0.08470630983049982,0.1894927501529272,0.055683847225466085,0.0007719812599381345,-0.08602220599239332,0.026932084995724734,-0.10123161474884894,-0.07491540790781628
2.04,0.011191793331618032,0.007792950296142672,0.0370396150173663,-0.019381680981721702,0.02619349384894189,0.022013182082149786,-0.0011071702224923188,-0.04524472314447138,0.0002680440709679434,0.04573983566431358,0.012475898403848086,0.11808848411287975,-0.008915469689120808,-0.10944483178972488,0.061769283332305726,-0.018894038021413602,0.027765768567968804,-0.06954203608553955,-0.004291414394955161,-0.0027713812583361978,-0.027154143433005325,0.10231157545055704,0.017009702842804772,-0.02603116778762783,-0.04939689186694651,0.01567513526117002,-0.08243467445492696,-0.027756731573249403,-0.08458138475917973,-0.03300741575819194,-0.0818355793986428,0.14669045718363566,-0.09815384462250057,0.20945363855177057,0.06497975472461659,-0.00036127722631446187,-0.10088353813791284,0.0252508249520506,-0.1200268799891811,-0.09981474793781488
2.16,0.012816697825638415,0.009308091396683366,0.04382291075415985,-0.020153647771757426,0.027296540563263902,0.02388854413468504,-0.0019138675464646481,-0.048741694498293714,0.002012476497140623,0.04833066410332343,0.010390575089746662,0.1314841339217269,-0.010736851843775127,-0.12383528628020926,0.06988759614907407,-0.0225786523682692,0.028965285707952454,-0.08043117492514931,-0.006934026963977396,-0.0015342588892438198,-0.029411477609287556,0.10833710185158617,0.017555407444738737,-0.029048768765875983,-0.057877090529955454,0.013634510223694093,-0.09356047627995552,-0.03225879493036394,-0.09784446462289668,-0.03675820808008455,-0.09614868152597186,0.15613950615246663,-0.11119320550576382,0.22872934257944516,0.07505500280923774,-0.0014144983646668195,-0.11583677041320625,0.021819066437024828,-0.1385075237029031,-0.12734682485334772
2.28,0.014517762551667115,0.010968826582493332,0.050839303224149486,-0.020580556110577707,0.028074764635934227,0.02530515025041538,-0.003397142093350017,-0.05147944149084293,0.0041392499275283165,0.05017435687410056,0.007606877476518907,0.144633138945591,-0.012912598351691874,-0.13938731021313905,0.07769633280171684,-0.027051820309702983,0.02979368028934421,-0.09157544381826213,-0.00961149347177988,-0.0009075687745497348,-0.03175181733384204,0.11311622440150039,0.018119897571454317,-0.032816967418691056,-0.06688782082870885,0.010353893637778971,-0.10450012761146009,-0.03739619989673216,-0.11101366902791995,-0.04154781174767722,-0.11022513119804088,0.16360606191863086,-0.12385233413597227,0.24716653228999624,0.08551083886521071,-0.002813831574108544,-0.1304998429310784,0.016039568380461198,-0.157131345532311,-0.1577418105193569
2.4,0.016314954023920282,0.012802271704126154,0.057973044140326085,-0.02060774596473107,0.028683889713992237,0.026180284920164318,-0.0055805095313360194,-0.053562203950578355,0.006675413814805365,0.05138654818823018,0.004321802300705084,0.15745998412489745,-0.015363604916465289,-0.15591826205260806,0.08505496914613753,-0.032363550650436175,0.030373768165791445,-0.1029383939006396,-0.0121734094898941,-0.0014331196900410413,-0.03431773199553778,0.1164970873129918,0.018755708303017878,-0.037603455760810124,-0.07613013612185499,0.005779546137067406,-0.1153971906151155,-0.043229866006235185,-0.12408306962453113,-0.047743998781264965,-0.12413034007877397,0.16935607291673743,-0.1359283320217246,0.2653197972757604,0.09615396566333946,-0.004651201844470256,-0.1443884218728876,0.007710243792722642,-0.17591833100083737,-0.1910585535264438
2.52,0.01822427927529932,0.014811735128195147,0.06496671127337611,-0.02027519006596177,0.02930490883956039,0.026563767670969254,-0.008495150221121585,-0.05511844624517037,0.009461016319176386,0.05214412097431821,0.0010412814150648486,0.16987919376937685,-0.01793540079380729,-0.17295980102600678,0.09194918595496417,-0.038312104009454,0.030782383376928298,-0.11417576997323547,-0.014216110090054305,-0.003532877334894888,-0.037077551550532384,0.11858016705580941,0.019580704345605653,-0.04338767721536038,-0.08523639214423884,9.337317680309029e-06,-0.12603445273393749,-0.04991587051258728,-0.13659837252175555,-0.05506439435820789,-0.13732500284472862,0.17382677912686506,-0.14697816026404248,0.28367831620317735,0.10690360685179903,-0.006674063054131101,-0.15703857384172346,-0.0028258891880843994,-0.19415076469954412,-0.226929866176772
2.6399999999999997,0.020230381362350076,0.01703881678924556,0.07164646177125175,-0.0196608516481753,0.0301114669874436,0.026557147368729706,-0.012054101095568882,-0.05624414919698161,0.012261573447000816,0.05254203653862979,-0.0017320955547787797,0.18182976266185968,-0.02054627275541686,-0.1898195501916809,0.09835971039373492,-0.04473131244528499,0.03107878090833731,-0.1250080295539378,-0.015371071572978966,-0.0075474845564245645,-0.03994779552223263,0.11964991288752663,0.0206826202675142,-0.04998736451769751,-0.09391736772391238,-0.00669904788469984,-0.13609746203241263,-0.05766123606889549,-0.14808027143605468,-0.06297105038459958,-0.14935123607153594,0.17720883340069327,-0.15639423165977226,0.3024286775488057,0.11763574349165339,-0.008548175412499304,-0.16824118041548156,-0.015010554765816487,-0.21118138393608965,-0.26493801025173586
2.76,0.02226288374440825,0.019557195304293225,0.07794935739322474,-0.01879769442289953,0.03133709503388848,0.026262575577774068,-0.016148493053241845,-0.056957555523726874,0.01478682675444839,0.052556101151934376,-0.0037819129629977637,0.1931632933260174,-0.023260563014565125,-0.20594840216448335,0.10431387260280177,-0.05152358722870684,0.03130357463984591,-0.13528475319293132,-0.015546672398822237,-0.013682653966389846,-0.04290937021266384,0.1198452116644166,0.022073746763406732,-0.05732058222079542,-0.10218505286819482,-0.01390181967134705,-0.14539126217957665,-0.06653401070733672,-0.15818328444151203,-0.07091094549274773,-0.16006483428578086,0.179287674604167,-0.16357950493206103,0.32130865353845334,0.1281732015275041,-0.01013490154086676,-0.1779264281928086,-0.02836183625326997,-0.22671060200645457,-0.30450210677189526
2.88,0.024263956916981032,0.02242960138972103,0.0839540594176275,-0.01776258507632309,0.03314151973181198,0.025870983658964942,-0.020677055301614816,-0.057159065770556204,0.017017519399571097,0.05188499168200923,-0.005206883076658324,0.20368127395432603,-0.02627388355031522,-0.22106284548372312,0.10985944495216264,-0.05860137214603398,0.03151210362499306,-0.14497407283524882,-0.014786796458207446,-0.02196622066522312,-0.046140618626279994,0.11903248875415484,0.023740763580599938,-0.06549444284742695,-0.1103487918304684,-0.02111833996943365,-0.1538594178960268,-0.07645746656943925,-0.1667184783860456,-0.0785234418650892,-0.16977207051432158,0.17950792623459966,-0.1682365067653124,0.33980924907583215,0.13826826930140754,-0.011486026983137379,-0.18610224167217873,-0.04234811324868841,-0.2408938873050489,-0.34479530802528746
3.0,0.026194293228300407,0.025664988884752372,0.08976275578799853,-0.01667767766003274,0.035547619222880196,0.025481820924416466,-0.02546267642078036,-0.05675210852566953,0.01914214498767804,0.050132857174843615,-0.006224405154837848,0.21324798463789588,-0.02975155332898676,-0.23493089002878526,0.11507431264711229,-0.06591282707159093,0.031788455009485794,-0.1541716701979665,-0.01315247275090262,-0.03227696308767189,-0.04993355871022777,0.1172549633545392,0.025661340158028643,-0.0745390213808508,-0.11868254855390006,-0.027907564482944715,-0.16161446177578853,-0.08733238578445801,-0.17383915394643565,-0.08568636073494106,-0.17912489950261318,0.17793981317506563,-0.17053533894566011,0.35789885696107954,0.14775093269771086,-0.012724171981323026,-0.1928323132007827,-0.056485022754166066,-0.2542183096331528,-0.3849865004710923
3.12,0.028036417116823885,0.029220448644639824,0.09534834239375398,-0.015647637546796808,0.038651092451128646,0.025057915698455564,-0.0303379750396951,-0.055708360976893176,0.021268560607783815,0.047233974141269196,-0.006779737672251686,0.2219117770958544,-0.03372703970648343,-0.24722546414327326,0.12013979464782637,-0.07336224781633886,0.03222894469174942,-0.16303315040359345,-0.01058639770465393,-0.044294830642371885,-0.05455020007594789,0.11484831240129531,0.02773316917004599,-0.08425932169095102,-0.12707733989862477,-0.03396594369265409,-0.1688181876313037,-0.09910887142243296,-0.17988257926045054,-0.09250838222775123,-0.18872297456401882,0.17550735438841172,-0.1709079397619852,0.37589197855714873,0.15671296413104704,-0.013816975025121001,-0.19822318032929118,-0.07041287179450625,-0.26716152960748324,-0.4246646821920048
3.2399999999999998,0.029828119179505192,0.03295636689319422,0.10060134791954059,-0.014691452116932912,0.042492650220658644,0.02442485733090378,-0.035148965832354086,-0.05403251045348476,0.02335397191620584,0.04335241422973478,-0.006665209902166673,0.22981121085096567,-0.03811147578804236,-0.2576451661596012,0.12521507760498907,-0.08073478154565904,0.03305511887372878,-0.17182583353587538,-0.007060685607039808,-0.05750628364181709,-0.06015131511201458,0.11212853963719689,0.029856708666396135,-0.09439325237354425,-0.13515917051928347,-0.039001783423121585,-0.17572147580961311,-0.11165145603149346,-0.18538540103237575,-0.09922403931034048,-0.1992933566686757,0.1731658910861286,-0.16995104998203872,0.3944592231018141,0.1654744600988936,-0.014680137586884173,-0.20241661986739445,-0.08390589780462862,-0.2802203843922807,-0.4637845677495385
3.36,0.031540205891474146,0.03663860359881481,0.10541630008561718,-0.013696524042626404,0.04698105618835914,0.023376953977804146,-0.03974144364424099,-0.051689381070037906,0.025257036941659577,0.03866795281842558,-0.005705293888545578,0.23723398570633233,-0.042758477746030366,-0.26600256518635257,0.13033336624525332,-0.08783720780617801,0.03445440597229055,-0.18078771804633384,-0.0025914782396304877,-0.07139106292620002,-0.06672331368797974,0.10933838724903668,0.031960674610123196,-0.10461462037317552,-0.14252336036707167,-0.042868372130538415,-0.18256612412626552,-0.12472394712743429,-0.19077646750366004,-0.10596738772550313,-0.21126273767175124,0.17225310055262247,-0.16814611266332827,0.4139975299532517,0.1743750795639442,-0.015091087474847607,-0.20556968959108954,-0.09680997464350342,-0.2935774423567047,-0.5024361792904142
3.48,0.03311995127404527,0.04005534145751925,0.1097753084798461,-0.012531575940066882,0.052011590350143334,0.02175216088908539,-0.04405890884740149,-0.04877059951160463,0.026901453166711175,0.03324572029084513,-0.0038617088517156036,0.2444052470736368,-0.04753804947221342,-0.27221492705335804,0.13540739288858725,-0.09458133557961762,0.03648188623846135,-0.19006453560913003,0.002626517223569164,-0.0853566010365608,-0.07422802739736602,0.10662662230254986,0.033956810244679676,-0.11467108603375656,-0.1488573493595638,-0.045729715545539146,-0.18957948444796768,-0.13809213706158482,-0.1962816413444416,-0.1127824203465167,-0.22456618180270943,0.17389797768020443,-0.16566489883538787,0.43442768390692416,0.18335499291723997,-0.014970892312539738,-0.20801689726631178,-0.10914094698326478,-0.307487671038512,-0.5406899434263298
3.5999999999999996,0.034561998200668805,0.04302088997198845,0.11366714093492257,-0.01116144850191409,0.057456970951648575,0.01950049376214168,-0.04800743246191749,-0.045414611269957154,0.028296716781076304,0.027029514617065684,-0.0012361574339530908,0.25131797737481965,-0.05235297528735186,-0.27621995996841775,0.14017063945507216,-0.10097748184971272,0.03910598975180518,-0.19965831652168717,0.008295306850870795,-0.0987820643859424,-0.08262523789863394,0.10417154102049091,0.035762489459787425,-0.1244410207340686,-0.1539998252057661,-0.04790319282171653,-0.19694332811260534,-0.1515615276933047,-0.20186975817883912,-0.11968146882600963,-0.2389622853362159,0.1785338292262256,-0.16243410816887233,0.45505570805373,0.19190208189357308,-0.014497727696007266,-0.209997765185351,-0.12081773340724612,-0.3219746866620972,-0.5783647097995291
3.7199999999999998,0.03584591809270654,0.04538657263014738,0.11692785357415186,-0.009621753223950388,0.06318944498091596,0.01666410350381548,-0.0514458260601467,-0.04170708860410813,0.029429901241968807,0.019976876721222676,0.0021244088009796354,0.2578917025298548,-0.05698379906455942,-0.27801196816899615,0.1443775447681636,-0.10699444925408419,0.04231859644850597,-0.20931304680574842,0.014372955760053464,-0.11128295179111876,-0.09179118725106829,0.10221697965643536,0.03738725788589382,-0.13385287753099787,-0.15762802943385343,-0.04952419734665378,-0.204496899143871,-0.16509548313917816,-0.20720327154544854,-0.12657938168899227,-0.25380633822574533,0.18598847293655213,-0.15768605886523207,0.47526402358028136,0.19954971759807158,-0.01364930458011292,-0.2113212609288295,-0.13136355151972143,-0.33632310191559855,-0.6148235553372676
3.84,0.03692153125589225,0.04705903354785634,0.1193461897151473,-0.00795904961184347,0.06913354661891932,0.013237969227223575,-0.05430914944570867,-0.03764451982759345,0.03034139058721181,0.012186654652076894,0.006237858981410174,0.26413299463496787,-0.06111963132199573,-0.2776431154416714,0.14798295235928197,-0.11249510407082318,0.04623163739267183,-0.21853320915840585,0.021039887973245103,-0.12271016436045455,-0.10152322182216782,0.1010559708962412,0.038929367416562735,-0.14292939551587983,-0.15944890327509392,-0.05048428611662008,-0.21161453539616562,-0.17869279447635103,-0.21159831239071747,-0.1332329090955872,-0.26799623216488855,0.19580761872203556,-0.14954307356013494,0.4947719967041982,0.20624455659259128,-0.011959638348825135,-0.21176352446666086,-0.14005361784254236,-0.34912898270655146,-0.6491923874968493
3.96,0.03775127678956473,0.04792103324290006,0.12072902887012865,-0.006232917962713174,0.07509931755711914,0.00924101745634381,-0.05663221341888586,-0.033172488096351316,0.0309594912690935,0.003994566245110428,0.011088714160923222,0.2699992464572306,-0.06472098567188801,-0.2749722304240504,0.15098579923837113,-0.11726174608321213,0.05087258080762109,-0.22668860368563756,0.02849886424813512,-0.1332902616587921,-0.11145536309699013,0.1009960684123255,0.04046523683692558,-0.15165407413535142,-0.15942936219897186,-0.05067639423981072,-0.21754084664892065,-0.19222544631583838,-0.21422493064811995,-0.13927065436425046,-0.280044964519008,0.2078898862704941,-0.1359655594312256,0.513327781815238,0.2121465543909482,-0.00869401841608014,-0.21141605438091765,-0.14636877432194434,-0.35893593099075133,-0.6809826011829403
4.08,0.0383313154172591,0.047894654240740894,0.12099982468659659,-0.00453104237814241,0.08078223068556935,0.0047793510059503655,-0.05845875380397521,-0.028195719614741564,0.03115103133294112,-0.004214050602447132,0.016496625359843836,0.2753198475583115,-0.06788269829433152,-0.2698471291472746,0.1531467347706143,-0.12113212873114401,0.056162015329117715,-0.23325424897547328,0.03682004439071672,-0.14319455266936715,-0.12111035603424439,0.10235272668925334,0.0421067464138134,-0.15980995277118695,-0.15775622155354918,-0.05004065492443131,-0.2218031854234199,-0.2053829630526001,-0.21471856826884927,-0.14429164643800382,-0.288734537419154,0.2227966869734762,-0.11577476414043993,0.5306919218143087,0.21723052277561797,-0.00328217975631717,-0.21063324354046656,-0.15005191393615253,-0.3650273196021233,-0.710103862816638
4.2,0.03872637972793349,0.047006538383961106,0.12014553349920679,-0.002919693912742977,0.08593918516260307,7.769157982587304e-05,-0.05988547257494805,-0.02266923235556234,0.030945984479293694,-0.012232638776078034,0.022077528986379526,0.27992239772497135,-0.07064801454105524,-0.2623814332878223,0.15414251260665607,-0.12393005699349745,0.062009213758167016,-0.23786591110230762,0.045941433788705695,-0.1523042337311086,-0.13005556874432272,0.1053863868301569,0.04394406758947817,-0.16714314372652578,-0.15464075826402057,-0.04871187026005904,-0.2242650841560553,-0.21787072154818166,-0.2131965744636417,-0.1479578838535061,-0.29357118037800833,0.24060165765127586,-0.0892134778364682,0.5463123589012575,0.2213385132135839,0.004387509101499642,-0.2097467218167867,-0.1508659182887264,-0.3677306285277182,-0.7363957042873239
4.32,0.03898339188206536,0.04531604031795798,0.11818224204249872,-0.001451344746041343,0.09047012198984673,-0.0046920231866440865,-0.06110461270698071,-0.016717591832517024,0.030397836769794864,-0.02006709933795279,0.027340716783105536,0.28373452883492584,-0.07308959039908085,-0.2530737205190639,0.1536586635236089,-0.1255058845373931,0.06820270453334475,-0.24052319093476737,0.055687604459187696,-0.16063983520781244,-0.1381549210375042,0.11007665662186406,0.04594112604510137,-0.17372075119292354,-0.15024733367940699,-0.04701072026150966,-0.2250614317038711,-0.22956431534559985,-0.21018000391330682,-0.1501201374169991,-0.29479629565164045,0.2606257789429907,-0.05738905367521238,0.5598379042675401,0.22411756647299988,0.01374897719643294,-0.20888842944074515,-0.14897292088760342,-0.3678180974199589,-0.7600227861845783
4.4399999999999995,0.039143705300262434,0.042919556968777806,0.1151106166978939,-0.0002852779584798645,0.09436495956418127,-0.00935946509927944,-0.062217560752483525,-0.010455627361140266,0.02956075185721455,-0.027655586797306776,0.03199349663960788,0.28683305920231994,-0.07531767971424086,-0.24248250520662562,0.15143964986055009,-0.12567257907432333,0.07446822313087842,-0.24139387422426145,0.06570239475160307,-0.1683640091625579,-0.14541993096328518,0.11624906253054719,0.04797624089821821,-0.17946411321364805,-0.14468344981156966,-0.045093442792833414,-0.22450334431985847,-0.2403654856147553,-0.20639668407183756,-0.15087988669810856,-0.29305437102156995,0.28225902423834204,-0.02131846839823765,0.5713449840326688,0.22528439723789534,0.02414306010126299,-0.2081635725222109,-0.14500208137390322,-0.36618133149572085,-0.7815690806157756
4.56,0.039258412086783545,0.03994111828468082,0.11101342603709395,0.0005141467573771628,0.09763685637355629,-0.013700272606683982,-0.06313315087933499,-0.0037896538938762252,0.028575165520496302,-0.034759778987391556,0.03601932358699755,0.28944310232615067,-0.07730418121265642,-0.23096693187443335,0.14742793767800683,-0.12416488633064354,0.08061108820943408,-0.2407331838384358,0.07551134491782324,-0.1753582101030508,-0.15181241455764524,0.12388425703211332,0.04989955574260577,-0.18419337454953766,-0.1380177208370118,-0.04292052201195212,-0.2229381166429722,-0.25001924160006894,-0.20246960873278402,-0.15048834579984294,-0.2892269558137728,0.30487572060639234,0.01784076381776777,0.581077230258731,0.22477337231839867,0.03519295201456861,-0.2075766497414807,-0.13966866879477505,-0.36344165111646554,-0.8016234833230553
4.68,0.03936196339038632,0.03646721153826806,0.10598438351665887,0.0009172052969405996,0.10022524795740322,-0.017570087023248984,-0.06359152383689001,0.0033987426482794906,0.027739505856751705,-0.04124029736459123,0.03944450497391798,0.2917967308312515,-0.0790510512891465,-0.21876636150220058,0.1417287432490034,-0.12074707460120475,0.08649443953633464,-0.238949112681079,0.08469768325846475,-0.181318141370285,-0.1572761604324451,0.13291881534160202,0.05164214623681766,-0.18788555924628464,-0.13029464633916443,-0.04048375004740962,-0.22070922214330685,-0.2582190931881763,-0.19893953322363936,-0.1492317940246256,-0.2842170686891986,0.32771104096703546,0.05883412954972852,0.5891213699881108,0.22261393119604647,0.0465939517906809,-0.20724491657862343,-0.1334617158694206,-0.35982126495127204,-0.820860002543134
4.8,0.0395099881312652,0.03254833626563836,0.10009954460525254,0.0009548295963456977,0.10195784326561888,-0.020963110883142,-0.06328978366363575,0.011170598262429079,0.027295345025653003,-0.04706962431876888,0.042402651222910676,0.29401680582701883,-0.08055760370019996,-0.20583091882599874,0.13457013920726268,-0.11528583670705489,0.09207135177548575,-0.23646999210375713,0.09299716697535354,-0.18621762519868082,-0.16184415254848428,0.14309011470447164,0.05327739440514921,-0.19061628079499746,-0.12153803330409865,-0.037747280406029454,-0.21811915899525566,-0.26463043026247773,-0.19630482063207633,-0.14732077233564878,-0.2787968528025194,0.3502006339167057,0.10042682470065252,0.5953949179001562,0.21882263358190274,0.05810658367260181,-0.20736234416427576,-0.1265942814099053,-0.3553260007811952,-0.8400252200234583
4.92,0.039722417344277575,0.02821247774301458,0.09359317852137489,0.0007384684914342993,0.10268997861430584,-0.023883155709755313,-0.0620333243361135,0.019478757419260896,0.027297449955495497,-0.05229809293990019,0.04517284896614774,0.29617342727497187,-0.08174410209394478,-0.1920703410945437,0.12621963586677237,-0.10785082684280968,0.09733328656655528,-0.2337721089321148,0.1002446695572693,-0.19027475407673003,-0.16557753204416722,0.15402233108549826,0.054844359250876676,-0.19255475973925024,-0.11159643291868634,-0.034654368354403185,-0.21554030138213653,-0.26892978002947254,-0.1948846443281361,-0.14513406028604875,-0.27381858830621064,0.37183572274950194,0.14156818394985127,0.600059963203692,0.2135441108076575,0.06954005587695171,-0.20791913682524024,-0.11944140379798639,-0.3497677269779455,-0.85957157928823
5.04,0.04001067112531341,0.023534012147728052,0.08674510304283818,0.0004548048727220792,0.1025899943099739,-0.026207646492633612,-0.05966789601012899,0.028259904255708856,0.02777154896706905,-0.05688035788197865,0.048182653546214746,0.2982208001959741,-0.08235083585571823,-0.17743019996348736,0.11701388245513374,-0.09862541327336462,0.10217490874500558,-0.23107311086211932,0.10645530661469148,-0.19370236303295474,-0.16852792527499155,0.16556514246208914,0.05633038660866208,-0.19385539019062753,-0.10003484944170042,-0.03103307985561904,-0.21313392698442085,-0.27099749008481555,-0.19456210894915502,-0.14306004261829142,-0.2697808726240856,0.39219231104841973,0.1817130394923899,0.6034577735836616,0.207054972752465,0.08080692784504202,-0.20834454558416055,-0.11238359439408666,-0.3426523233759733,-0.8791134905108183
5.16,0.040408598338332505,0.018607464801864905,0.07977112864938196,0.0002494771452219052,0.10180612057473688,-0.027793523217314015,-0.056129102333896466,0.03739409796656898,0.028630856210888813,-0.06083475550623115,0.05166904140766366,0.29995830946394214,-0.08216474991656239,-0.16184850254224886,0.107175844261562,-0.08783747215759334,0.10649735811430365,-0.22834524390419725,0.11160696350271558,-0.19687505859722743,-0.17069563744642435,0.1776703470367611,0.057724584593732656,-0.19448946724195124,-0.08656862016171464,-0.02671953889233219,-0.2108011781959127,-0.27094673454608864,-0.1950829747448049,-0.1413348931001221,-0.26697168318837716,0.41137309292404256,0.2203370131610612,0.6055758747420441,0.19947176973151307,0.09172877571152194,-0.2079802225711535,-0.1053977618353272,-0.33388496696327924,-0.8980720688292811
5.279999999999999,0.04095031478504056,0.013588296902274085,0.07275341302255513,0.00022397868464975562,0.10037024400802866,-0.028621095026540717,-0.0514488943434818,0.04672479334334497,0.029746500297734766,-0.06412553567138973,0.05567184252321169,0.30103234643233334,-0.08107002117342521,-0.14517039319564806,0.09679871988328678,-0.07576295596211619,0.11031018660916511,-0.2253955724678744,0.11566420375936015,-0.200006499964523,-0.172027267291967,0.19031540275732312,0.059105529642545944,-0.19416607992634066,-0.07113456187701546,-0.021804863495284564,-0.20839147171488934,-0.2689060930298343,-0.19617852015156098,-0.13992354193411805,-0.2655549774874585,0.4299542377430703,0.2570393651903592,0.606228919546906,0.190694126217005,0.10213679489306057,-0.206426627578557,-0.0983459996306298,-0.32374484072961196,-0.9157196657466641
5.3999999999999995,0.04159605995582721,0.008606998451658587,0.06558317664038338,0.0005215442022728985,0.09839117957379341,-0.028745180566696477,-0.045759376458569354,0.05611413370293417,0.03083747920582597,-0.06662168146121425,0.060229962475035,0.3011508956583405,-0.07885970196953168,-0.12711709590521758,0.08590837326705361,-0.06261892014623707,0.11381336905365866,-0.22198595038077118,0.11865042761414887,-0.20302201661689454,-0.1724455132850163,0.20360563430354828,0.0605899189128071,-0.192527660375021,-0.05376080450250197,-0.016565337345025282,-0.20566268707071347,-0.264907896447111,-0.19754185215247805,-0.13864892638760107,-0.26550200929720347,0.4484789415485641,0.29172319097948585,0.6057680938583249,0.1806188972185848,0.11188596850985714,-0.2033758091700016,-0.0911420148179072,-0.3128268453990723,-0.931059697080527
5.52,0.04229254254208692,0.0037970210615501402,0.05827067063957339,0.0012134826209050534,0.09594863702081485,-0.028091292272517283,-0.03927301383764676,0.06543388203144,0.031710268040166543,-0.0681648335328443,0.06529043985995611,0.3001132852677616,-0.07544365351018542,-0.10750172006063978,0.07446096949210541,-0.048620032812166876,0.11721554707921818,-0.21794231874793646,0.12055107074330727,-0.2056170181071743,-0.17192525731649572,0.21749213993458452,0.0622143823733023,-0.18951729800185907,-0.034644035702668705,-0.01128137513824417,-0.20244789738287283,-0.25890236327416577,-0.198970602576988,-0.1374160122890671,-0.26678057662824795,0.4672796885604532,0.324120713663398,0.6043382790082448,0.16911355727491253,0.12090279377649105,-0.19877333361513339,-0.08361624954998,-0.30173657016281147,-0.9432896754901698
5.64,0.04292419316898669,-0.000744715405507107,0.05085550497893902,0.002269710276458622,0.09301859874830995,-0.02656613432053741,-0.032129814395881105,0.07469484253542129,0.03235287980137867,-0.06850725014544318,0.07075740626968272,0.29778463833893154,-0.07097094542329849,-0.08616785277534134,0.06247862615785274,-0.03397316198310539,0.12055548513577122,-0.21285620267937327,0.12147113987961021,-0.20749503995441645,-0.1702334166055607,0.23188923012051701,0.06397222805564158,-0.18493300930202214,-0.014177149221232695,-0.006168274027338907,-0.198568831898024,-0.2509733019581233,-0.20022902528884415,-0.13605580100764442,-0.2688253360462164,0.48705804972302613,0.3544441557343786,0.60176326908542,0.15614184616991106,0.12954810771887937,-0.1929211766222518,-0.07553732238170317,-0.29059170598336065,-0.951837593440055
5.76,0.04339487663742299,-0.004998818272344909,0.043292960879969165,0.003695253831618775,0.08952441956072278,-0.024177986943292762,-0.024216759801907174,0.08394108745792654,0.03278296572153877,-0.06741005755609285,0.07656154807005083,0.2940918256626903,-0.06571169052041301,-0.06305570049705649,0.049997707380826706,-0.01886302662405335,0.12379783877349929,-0.20619623920323132,0.12153997726527493,-0.20853851814325916,-0.16699056019777933,0.24672677630230033,0.0658418773468131,-0.1785741210976443,0.0070887031347498745,-0.001346651138223809,-0.19384058010517982,-0.24123792660656163,-0.20117199875950773,-0.13432330252867092,-0.2708651506627401,0.508570212836318,0.3833314203534417,0.5980616402639463,0.14167406866826113,0.13822691682909033,-0.18621515087353216,-0.06684002025512577,-0.2790882224909825,-0.9564093816291622
5.88,0.043638956145988866,-0.008935771559435162,0.03563141360713368,0.0054899599103886525,0.08552367490112786,-0.020910311366396685,-0.015415504774107575,0.09316111246731872,0.03287573719571499,-0.06472972335840976,0.08281071815107258,0.28895836701696825,-0.059747629471906656,-0.03824116878372572,0.03709584311354223,-0.0035601213541672123,0.1269273197163981,-0.1975273756353915,0.12083487327269636,-0.20863597948754178,-0.16191719686642442,0.26198246150263815,0.0677388972500492,-0.17040027390780704,0.028766455782692737,0.003063788884348871,-0.18805415552319005,-0.22982169508656458,-0.2014310811013179,-0.13195960959904746,-0.2722294092336739,0.5321439972893848,0.4113290417296656,0.5934364990395428,0.12564265746059616,0.1470916984910954,-0.1786310164600815,-0.057674636115970464,-0.26662150525475514,-0.9563755884862817
6.0,0.043619856421225574,-0.012505348031954293,0.027975855702883627,0.007609684459228477,0.08113185225016516,-0.016837761864436997,-0.00563315058581048,0.10224528467866784,0.03241406210516888,-0.060524730253917,0.0894745632895893,0.2823507153785874,-0.053085136302697226,-0.012131483750198388,0.023829863169372717,0.011626818069196698,0.12990016204492844,-0.18694313553904093,0.11944152463266122,-0.20775670338756652,-0.15506861564471808,0.2775346248549846,0.06952767349829998,-0.1606007945021078,0.05065064909468372,0.006905271225593715,-0.1810564376325087,-0.21695472363640464,-0.20060088235200965,-0.12883761208642586,-0.2726932219648533,0.5570846103261848,0.43833849858713436,0.5880039361808392,0.10808561475167912,0.15597507879837513,-0.16983079480131846,-0.04826249603695864,-0.25307920689224783,-0.9509686741748204
6.12,0.043318042510062604,-0.015668727907442868,0.0203596489176084,0.009960700331464524,0.0762597112654072,-0.012057103455249898,0.0051443694714103025,0.11104384458507105,0.03138566469634907,-0.0550651632374899,0.09606500726549222,0.27431224696039114,-0.04592188272483727,0.01440937645667136,0.010237915768908964,0.026417645194523207,0.13257744485897616,-0.17514694041770426,0.1173832221974777,-0.20581242324312987,-0.14697633833703033,0.29306210934531035,0.07107806558745819,-0.14976509146819464,0.07229203152109531,0.010010963391260681,-0.17309619981867055,-0.20313256731602364,-0.19891604700834684,-0.12507283027258778,-0.272605787075773,0.5818723862685427,0.4637405295345563,0.5817637523284037,0.08894612900625629,0.1642926369092489,-0.15996601388785478,-0.038871800622842415,-0.2388911382059282,-0.9408774555846094
6.24,0.042755817723905125,-0.01834253648855524,0.01278848668504967,0.012394385295161773,0.07079434410715751,-0.006576404073270096,0.016725704866757226,0.11941077481566614,0.029987806953910897,-0.04867961800636209,0.10200677616356876,0.26505171373180925,-0.0385356914039049,0.04052501751787212,-0.003537100280292042,0.040578274447057694,0.13480926436099108,-0.16279886523548595,0.11474458982233132,-0.20244751946513956,-0.13832391875123076,0.30807322691397576,0.07226142696331034,-0.138644909050378,0.09328008792750424,0.012328011102438668,-0.1646358288185204,-0.18880438393831672,-0.196859775493289,-0.1208373168436537,-0.272479912703369,0.6049763280596177,0.4868019546585543,0.574736321195424,0.06812904360880288,0.1714095020746969,-0.14947178723416638,-0.029634346800620413,-0.22501325466723343,-0.9272179948980441
6.359999999999999,0.04204020168761452,-0.020386435346230834,0.005250352036368693,0.014785578552848429,0.06490951507868245,-0.0003618031476586483,0.02879410607457956,0.12733340311016356,0.028562659598342893,-0.04162014033503173,0.10713431116313259,0.25490483216695303,-0.030848373362925854,0.0657125796852098,-0.017314655410593058,0.0538189101164522,0.13643131085968138,-0.15021739849098917,0.11187270317667997,-0.19695321891076623,-0.12959379334003374,0.322086691553031,0.073001724249005,-0.12777441034512432,0.11365163769405609,0.014009426362353167,-0.1558691890169318,-0.174208629459709,-0.19437287946495335,-0.11639620405995513,-0.27231596815252834,0.6252363875753251,0.5070270988078753,0.5669555663504,0.04583930326155914,0.17697025856793347,-0.13817507716027125,-0.020616023740204117,-0.21212422719441476,-0.9096778358912152
6.4799999999999995,0.04124431496801176,-0.021741556310861644,-0.0022777520905510095,0.017000455103881842,0.058830050886698876,0.006531877451084263,0.04096875653275768,0.13477108095360174,0.027546697173835746,-0.034123334285380356,0.11134548455676875,0.24413678410473758,-0.022572981641548247,0.08960329712274043,-0.030988574808066924,0.06576063195332758,0.1373539001603819,-0.13771453025296143,0.10907390975688545,-0.18863730747071866,-0.12111987097826243,0.33460166173397976,0.07319347314595612,-0.11759601933522036,0.13352205533429537,0.015186561294703249,-0.14694309989095705,-0.1595723727365088,-0.19123171201878691,-0.1121244465531252,-0.2719254903775634,0.6415232493091833,0.5239338242530953,0.5584369824925791,0.022450435443802243,0.18071730027463578,-0.1255996753341045,-0.012336159641234783,-0.20068805938297626,-0.8876311541538121
6.6,0.04038020134973051,-0.02242564523669521,-0.009751125581714395,0.018889376847557444,0.052644364024615975,0.013970942644665684,0.05284035360346424,0.14153821258553517,0.027251776771579344,-0.026476823884234647,0.11443639571507495,0.23287250822756678,-0.01347311032168607,0.11181886019985968,-0.04443102625115068,0.07608398818897634,0.13757290840862108,-0.12552070444276342,0.10658467528261219,-0.17736916351933035,-0.112899725397247,0.34525642282675795,0.07277729118848589,-0.10836301141142815,0.1528510715717731,0.01598916049417584,-0.13799753370279313,-0.1451512842714898,-0.18725175063750502,-0.10829522367772695,-0.27106358393677243,0.6534774425453542,0.53721526515996,0.5489633858980287,-0.0017175802327492953,0.1826077312440521,-0.11152082386214114,-0.005185936586653575,-0.19085807984578573,-0.8609467947545716
6.72,0.039414577673370324,-0.022497697636794402,-0.01706611661975608,0.02034198983275932,0.046308960611891284,0.02178199616804962,0.0640887324832785,0.14738738964386355,0.027715409097389107,-0.019056669156842194,0.11627941519421012,0.22114535003577163,-0.0034650086070340223,0.13203126081972946,-0.057507637808056976,0.0846246389877005,0.13709226177357356,-0.1137284156740794,0.10458837092396278,-0.16374346178873053,-0.10486186187333615,0.35371448695288366,0.07172945647441317,-0.10017513685575216,0.17140731196359235,0.016532186761156687,-0.129187732651348,-0.13100928814496696,-0.18244839471984947,-0.10505457496221642,-0.2697181721811538,0.6612339112029514,0.5466966570506135,0.5380260570859228,-0.026223943807698512,0.182530156298803,-0.09606168337838894,0.0008477283030196367,-0.1827902315377998,-0.8299091039249904
6.84,0.03833970517767122,-0.02204434717399892,-0.024080619160288856,0.021372503708937618,0.03976301620237432,0.029770203377483373,0.07446753691521216,0.15216381080017177,0.02872932864039266,-0.012361440510436824,0.11674139144268812,0.20911853438186634,0.0073862267608040795,0.1499068347974124,-0.07005470038321673,0.0913531565831022,0.13587576542570884,-0.10250317308846306,0.10305750852673398,-0.14865963885523453,-0.0971426522012728,0.359595479346279,0.0700813411973491,-0.09307194135205599,0.18898180712740625,0.016931695698279077,-0.12074516343807368,-0.11721060242126742,-0.17726164526923538,-0.10263508155279075,-0.26827759184373184,0.6645502218110169,0.5519858050446349,0.5253094394489883,-0.05064802018730541,0.18027986767524953,-0.07954910172011212,0.0059348163225012955,-0.17684646473865787,-0.79517464258777
6.96,0.03725264319856354,-0.021206213069568353,-0.030680657888962553,0.02208597407660951,0.032971382959987305,0.03776728098105318,0.08367993935764192,0.15580382807326432,0.030109194143448894,-0.0069514399063229605,0.1156544906085301,0.19716812209614687,0.01898816761003736,0.16513011651032478,-0.08194181958287701,0.09624918663805876,0.13396334241791916,-0.09215690126223006,0.10172534010461784,-0.13283340545469285,-0.09003071969367367,0.36268521235481954,0.06790165038269476,-0.08703541009867291,0.20543010784422425,0.017311548261384164,-0.1130889002210829,-0.1039288598775932,-0.17238991339568768,-0.10150521939707427,-0.267200146075709,0.6627727262003856,0.5526738216118952,0.5109845890639033,-0.07486736119860127,0.1757770133557271,-0.06223811578143121,0.010025354893353228,-0.1736809582914831,-0.7575484607406094
7.08,0.03633376197379869,-0.020142915954891216,-0.03679017684842394,0.022592064076547423,0.025944377934897712,0.045613311277048985,0.09143212920568111,0.15823199041735925,0.03192859569173001,-0.0032522260795628728,0.11288029579355605,0.18568322014380048,0.031161148432299196,0.17754381642690376,-0.0930780294119217,0.09925221250729893,0.13143315885515824,-0.08288473258490049,0.10020913611996836,-0.1168502920467264,-0.08378876796145848,0.36286360759725433,0.06528199252839884,-0.08189184138663631,0.22056388161672533,0.0177122329135537,-0.1065565149179575,-0.09147262079000143,-0.16828328072656035,-0.1020840935919089,-0.26664855236320795,0.6556887394658912,0.5486546690262477,0.49534205653261637,-0.09873870064056739,0.16906374968416904,-0.04436325500210919,0.013105621886680682,-0.17387240590468933,-0.7172663329401548
7.199999999999999,0.0357975870185913,-0.018989666144545215,-0.042541453443770534,0.0229850800860876,0.018830800385806146,0.05317110358211219,0.09757624368356474,0.15937947601160776,0.03423378143476481,-0.0014953584325102134,0.10831992454384115,0.17495955786554124,0.04363129604517316,0.1869855774911684,-0.10341630069022842,0.10034894811709089,0.1282406254531067,-0.07486656867224681,0.09815667448850067,-0.101483935901875,-0.07857789751208767,0.3601495086291178,0.06233756966270881,-0.0774489718595435,0.23423911887102597,0.018086320588339557,-0.10148588884721166,-0.08014226983788472,-0.16523454285390013,-0.10452501629268116,-0.2667552434715751,0.6437514008459791,0.5399548616732035,0.47902511131970815,-0.12199664922602178,0.16018029687443425,-0.026274609122643365,0.015332657213044356,-0.17791648710455668,-0.6746449078547122
7.319999999999999,0.03578447005362777,-0.01790379084579307,-0.04815505171016761,0.023320482837306145,0.011759871766817843,0.06031300296940725,0.1021126049564122,0.15922445210475367,0.03681976239968498,-0.001655263190437415,0.10194161905792513,0.16511285463277803,0.055995766989478744,0.19343168417309253,-0.11289581974666496,0.0995971510703731,0.12426554865232872,-0.06827237509467877,0.09531318960773069,-0.08746541968687796,-0.074281493104036,0.3548300628505334,0.059128953452781845,-0.0734463042643478,0.24645432215551064,0.01833510792961174,-0.09821624396061823,-0.07018271884201362,-0.16352121979397485,-0.10882436075997466,-0.26760501125179725,0.6279219883628863,0.5267503161354804,0.4625286991055001,-0.14443860071871786,0.14929289716381627,-0.008471202091093588,0.01668843187620036,-0.18618147365314575,-0.6306339972907933
7.4399999999999995,0.03627997019273563,-0.017032312050167895,-0.05380329727552059,0.023649625755379693,0.004750235105384826,0.0668499322535894,0.10510331035509118,0.1578010619848581,0.03942548327153908,-0.0034865886344364093,0.09376374244125305,0.15618229024677577,0.0677405038047703,0.19701250543563248,-0.12141742321428461,0.09708766603679149,0.11953328231240534,-0.0630775759050829,0.09150369981514603,-0.07539227891005366,-0.07059212545097515,0.3473523044389046,0.055669917941805314,-0.06944479153608543,0.2572096132496768,0.018427949999253776,-0.09697941677998097,-0.06177855908725859,-0.16334553233609142,-0.11497247942427408,-0.26897269674871827,0.6095508042927018,0.5094781344936261,0.4454840888288967,-0.16592144172490425,0.136720279106472,0.008255453771232704,0.01706396459980985,-0.1987302918313421,-0.5866696370297102
7.56,0.03717849753444268,-0.01654437669889602,-0.0596555932999779,0.02403217667549626,-0.0022977323565981744,0.07261006696612442,0.10656458787880753,0.1550883764794493,0.04176473839974653,-0.006666792775008641,0.08370539889872053,0.14824259413642282,0.07836393453699131,0.1977384909598505,-0.12892462859170187,0.09287014296446684,0.11421021479865241,-0.059304003423169126,0.08660722939276094,-0.06571730861216292,-0.06730076841749714,0.33809785859240227,0.051930733925237164,-0.06523887081491962,0.2663196990420707,0.018422039590098995,-0.09797085288719101,-0.05495414010550895,-0.16502728654937887,-0.12299049157455955,-0.27062498275311353,0.5895835623249678,0.48863544275217063,0.4270952663437588,-0.18635322675256738,0.12283064207108377,0.022917463784246514,0.01624112576482275,-0.2155528839075909,-0.5443695456665029
7.68,0.038315202260846656,-0.016594805196754797,-0.0658181367661846,0.024438542055463232,-0.009581903363352434,0.07752557042518834,0.10653935679918639,0.15105914352423389,0.04370494653095741,-0.010892620341324252,0.071608737381715,0.14125056094448168,0.08748503883394276,0.1954891407795365,-0.1353992709673722,0.08711132340666677,0.10838924288667799,-0.05718047005246973,0.0804657136766107,-0.058447242393385626,-0.06439561255925473,0.3272240805982356,0.047939007300980274,-0.06085843750637778,0.27347836809560083,0.018368967965105884,-0.10140499238840732,-0.04963699252418753,-0.16900368301696522,-0.13273218034241158,-0.2724726078791415,0.5684113473415264,0.464583842496619,0.40682214212458223,-0.20583554029275294,0.10779883200890698,0.03458086595020065,0.014113086746003,-0.23690178565205722,-0.5054063488425168
7.8,0.03952336015233919,-0.017266547308767664,-0.07220911808363475,0.024737455378956857,-0.01722593416123777,0.08168665283411727,0.10508722924378192,0.1457256247767305,0.04538440476677277,-0.01582409946674939,0.057448700124269905,0.1349983377530207,0.09490869828075604,0.1903709131820463,-0.14088818749157028,0.08009462033741985,0.10209443013741236,-0.05691928241554472,0.0728677713208421,-0.05291462250775796,-0.06189411079712401,0.31491057060708216,0.043724778385290916,-0.05636409773488167,0.27849141485222556,0.01819392772655326,-0.10744662950578818,-0.045785654187996364,-0.1756779041114107,-0.14397077700744398,-0.27457495802830834,0.5463045509920226,0.4375057706315597,0.38452688227783316,-0.22465117658835043,0.09165249460754483,0.0426574073183691,0.01078494930515951,-0.26326391006530325,-0.470897099685966
7.92,0.04071490873072473,-0.01850201651100243,-0.0786600955748163,0.02484941495383409,-0.025274573970421897,0.08522749575719313,0.102148527160652,0.1390392743143391,0.0469345591567473,-0.021179129991400057,0.04129268708608662,0.12917699299855445,0.10053697027503992,0.18237683656523818,-0.14560941999126623,0.07202517370697903,0.09537793977221554,-0.05877901408366069,0.06350001379015394,-0.04828073422252711,-0.059947590548680645,0.30145348154699747,0.03929179674003295,-0.052057769303229307,0.28114109310712126,0.017716524592108276,-0.11632080007664382,-0.04341697208509854,-0.18552974249521362,-0.15643434736058023,-0.2773475465915081,0.5233165420138881,0.4069406108036509,0.36048449325317244,-0.24326644237342565,0.07412826057336544,0.04688409086512837,0.006420398357601993,-0.29507923569574995,-0.44147062753404614
8.04,0.04184569508630864,-0.020147867390119718,-0.0850366121641745,0.024708355117464654,-0.03359985319085195,0.08818346272235457,0.09769669464709746,0.13094981148448115,0.04841543958914721,-0.02664961208454952,0.023352067090949655,0.12350221816596518,0.10447140853407558,0.17152214431158372,-0.14974058294444142,0.06307204196799605,0.0882782878042297,-0.06278308968740462,0.05216797092869897,-0.044196023048620935,-0.058723219743746384,0.2872223601556875,0.034671171517383415,-0.048214835369837894,0.28131517073135054,0.01678063554586905,-0.1279039667633102,-0.04244687060727902,-0.19867260929158048,-0.16969996274575158,-0.280886264258862,0.4994116640723029,0.37228662180925315,0.33499747493461873,-0.2618847254303232,0.055089295181608156,0.04738990907465829,0.0012406033232007785,-0.33216939999793915,-0.4168270426333444
8.16,0.042855936978325904,-0.021943169819723298,-0.09118038957467822,0.024282708417974627,-0.041768841109268005,0.09056564010074458,0.09196864667364983,0.12156529215727806,0.049948759718159284,-0.031816724278232185,0.00422706190058075,0.11783596853193104,0.10698833556299703,0.158228283909416,-0.15319609486439964,0.053416912192665915,0.08090521122070038,-0.06855014079948886,0.03912230798869573,-0.040410914436529,-0.0582775240561961,0.27279380238656553,0.029910952614646998,-0.044937090718977904,0.279134795564256,0.015320922067009737,-0.14157847590787787,-0.042703048074363543,-0.21438822701431182,-0.18316101184121214,-0.28479170164938017,0.47504641217338733,0.33352467963189864,0.3084865604109271,-0.28007456787121343,0.03481270939283741,0.0449216674979159,-0.004276696570447224,-0.37338379936290067,-0.3957839029967165
8.28,0.043670728127544085,-0.023588428978236334,-0.09690889339000262,0.023587867521196036,-0.04928704314092819,0.09251288167151638,0.08538547598213121,0.11116179706727851,0.05172957398325779,-0.03637063987248132,-0.015126247041346503,0.11221712652705318,0.10835615877510259,0.14316613676258705,-0.15570795042156224,0.04311862824415798,0.07339257509560099,-0.07557934884135845,0.024937228078676828,-0.0365770810717958,-0.058504143585316734,0.25886848866388557,0.02508176373753827,-0.04210383557708923,0.2749909598253767,0.01338568975460454,-0.15654649209674815,-0.04410716895491982,-0.23162805322127822,-0.19632768598508624,-0.2885079602345562,0.45093273642077103,0.291084365134289,0.2814464660831458,-0.29697164605626086,0.01397231543952765,0.0406086858800172,-0.009599588117089811,-0.4167327161550808,-0.37708397793098836
8.4,0.04419144803324995,-0.024763244702019443,-0.10207327782440596,0.022636315997899427,-0.05582250888303499,0.09411133172219202,0.07830213093959953,0.09993706694260622,0.05383296465131328,-0.040159016112029565,-0.03376085181383351,0.1068429998076541,0.10881349894833735,0.1269936956683175,-0.15716122387578335,0.032154453328289076,0.06577207637010961,-0.08345605784620236,0.010079320672991603,-0.03262075109176072,-0.059268832070944355,0.24585420395518875,0.020326969840152382,-0.03955510194517275,0.26940347409724585,0.011039843912550196,-0.17207053579323117,-0.04654005131138096,-0.2495190153165145,-0.20886119539692474,-0.2917859486776055,0.42790251547810104,0.24554281652240376,0.25421964280794074,-0.3119157286853485,-0.006756874701931181,0.03554376383876437,-0.014475858510332184,-0.4604204391124846,-0.35963913777455175
8.52,0.044345480916400525,-0.02521345390425351,-0.10657842550658196,0.021419510748961316,-0.061271039380989725,0.09532440647202164,0.07089903043700643,0.08798471715248901,0.05598737130954343,-0.04321549473008588,-0.051130875378296275,0.10179588724061532,0.10845640356582718,0.11002663196911715,-0.15759185890789307,0.020454098063731337,0.05797046119440085,-0.09190695518327346,-0.005205812680690276,-0.02869028503868798,-0.060426563066557214,0.2336095590338294,0.01576339481959578,-0.03717793399375577,0.26269373947054275,0.008300749794369526,-0.18763789009872758,-0.050001071360937586,-0.26740410390165936,-0.22067900458540227,-0.2945836907740812,0.40642504821328373,0.1975362241241378,0.22651842468868902,-0.32461072784968337,-0.02704352523997315,0.030458402957892254,-0.018987560831339897,-0.5032194669558059,-0.3429045989764734
8.64,0.04410961864262595,-0.0248833193964153,-0.11045349214989798,0.019832227819114576,-0.06582302475350021,0.09608578079608404,0.06322783623407272,0.07528636260759221,0.05768638609734573,-0.04575999720538651,-0.06714007892987295,0.0969934904698915,0.10720638806037316,0.09235603498160781,-0.15693473552570997,0.007911392847481998,0.0498309068192153,-0.10072568867891529,-0.020861399471287644,-0.025054013188736343,-0.06180956129493505,0.22164419756344356,0.01143343078420178,-0.03484568468543228,0.2549352409439207,0.005132384372574688,-0.20292655605184695,-0.054654139078896206,-0.28475588741631663,-0.23182472915676683,-0.29682286303860983,0.3863780269721827,0.14775588739019466,0.19757291465945817,-0.33513769105795677,-0.046885261599078305,0.025691791173941665,-0.0234852129654754,-0.5442508829591837,-0.3268475067981387
8.76,0.0435313511416139,-0.023829024858489797,-0.11373528592099667,0.017858162336390298,-0.06970759109799507,0.09633094951068752,0.05532050539181618,0.06185933270312466,0.058580353010020625,-0.048083668202043954,-0.0817484867830871,0.092409824738002,0.10503227166969592,0.07399992707391918,-0.15508461048408037,-0.005404231391757768,0.041279253284883376,-0.10970403169980739,-0.03681368439895889,-0.021981519343566826,-0.06332477030839466,0.20962980662338745,0.007377560737972187,-0.03258077730826351,0.2462956963357877,0.0015704238569339707,-0.217666514239983,-0.06057187729424224,-0.3011210965866888,-0.24233731022725125,-0.29840035752835287,0.3671884007488056,0.09699578145619414,0.16685258266584996,-0.34361454703911876,-0.06637906840448565,0.021446395787770876,-0.028311724926119816,-0.5825459187175717,-0.3116087195383634
8.879999999999999,0.04272290827335232,-0.02212951987905876,-0.11640709156093854,0.015589003320011287,-0.07298101808508559,0.09598607719835711,0.0473452269096602,0.04789182519711706,0.058623145726325224,-0.05038171440059717,-0.09476477379584891,0.08811634029363997,0.10199805066237139,0.05506004522368316,-0.15196838847461383,-0.019321579741280823,0.032333900888242624,-0.1185413566538491,-0.05277887924799795,-0.019400608557798113,-0.0648642801121149,0.19747052495817607,0.0036423510668715476,-0.03035152110933557,0.23704251046850305,-0.0022879745150550896,-0.23153525076230566,-0.06764217300643899,-0.31594907896994096,-0.2522290456206775,-0.299038933534713,0.3484684531085185,0.04630812528701912,0.13427126514416682,-0.3498776891017028,-0.08536061674308962,0.01797149099214445,-0.03371031577310555,-0.6171686775748811,-0.2968999278735811
9.0,0.041723104976071235,-0.019879440076437677,-0.11849637558773334,0.013133498835267798,-0.0754919761896807,0.0949089681311858,0.039569578364045344,0.03363422235908528,0.057901845164694245,-0.052712567147157274,-0.10593947613891976,0.0843128860238543,0.0982177953232892,0.035896637894757985,-0.14752640803956607,-0.03368090765327938,0.023054185987481393,-0.12680205826120455,-0.06837975011888815,-0.016867460910530784,-0.06619211034935782,0.18521934142330315,0.0002460365063326796,-0.028072229588549966,0.2273874698294392,-0.006409128478976966,-0.2442700597858403,-0.07567115211712667,-0.3285793177582115,-0.26133090045074314,-0.29843539751407605,0.33023651976746804,-0.0031051893164371763,0.10025915335699356,-0.3536501702361883,-0.10356104118002334,0.015418579934635917,-0.0395342204642277,-0.6475334653564051,-0.2820535272161278
9.12,0.040509685104120285,-0.017167312327373733,-0.11998351657775291,0.010655196735755424,-0.07704092036298464,0.09301106194360073,0.03226303336379662,0.01951319559550993,0.056666722401158484,-0.05501152162088424,-0.1148260923095465,0.08133998516336241,0.094000073968314,0.017055486843766798,-0.1417338753565904,-0.048178082843853366,0.013668256486306546,-0.13386594229628307,-0.08311387535235734,-0.01371736907073537,-0.0669815101850613,0.17329350031850624,-0.0027692112854481995,-0.025685570546193665,0.217568035261904,-0.0106709217910739,-0.25561657924157566,-0.0841042573466739,-0.3383943953319151,-0.2692523734112673,-0.2960407306635283,0.31249063651364284,-0.04959001562722208,0.06618403660202817,-0.3544292320479343,-0.1205342330831929,0.013943530018547664,-0.04535999861064804,-0.6729016740665863,-0.2664960556528656
9.24,0.03909524914469077,-0.014065154691783247,-0.12083647001158355,0.008344653452160337,-0.07749090229151075,0.09044560167281945,0.02568465900579743,0.0060584220515329315,0.05524588180453983,-0.057076117323319076,-0.12079395628485445,0.0796300591020035,0.08979003006565736,-0.0009994439552117717,-0.13463134323883508,-0.06227191794631662,0.004548663204427067,-0.1392357971057262,-0.09649952399594479,-0.009295850964134466,-0.06692567168741485,0.16210999915131663,-0.005350298192387113,-0.023231103404278013,0.20808602886085084,-0.014856551541685652,-0.26532198970651755,-0.09211805303536877,-0.34475048662645047,-0.27539967350270106,-0.2912547986562404,0.29514884462904933,-0.09166411609314558,0.03381227858365032,-0.35173617911592053,-0.135592091839201,0.013911662956313839,-0.050772305196657805,-0.6923249394143792,-0.24963412347748923
9.36,0.037550248516612976,-0.010664084475012941,-0.12106478016047893,0.006325513273583836,-0.07689937865085317,0.08744892810002601,0.019922461962056003,-0.006362477440091339,0.05394877844311674,-0.05886244212321101,-0.12354762296257643,0.07948146525940081,0.08592586482684308,-0.018082142308908117,-0.12644240974094953,-0.0754940108799586,-0.004040083265553504,-0.1429945918380766,-0.10830576475149942,-0.0032341259175542383,-0.06607311514751404,0.15165857711264766,-0.007530847423141577,-0.021046617294290977,0.19919132928408323,-0.018838483566750372,-0.2735209797695576,-0.09905261646858049,-0.34760121002829103,-0.2793328987276569,-0.28434935014859075,0.2777805774260152,-0.129095361858494,0.004593192411239278,-0.34560770018881953,-0.14852250997872102,0.015571298002809809,-0.05576010694527796,-0.7057158380134747,-0.23168125216380858
9.48,0.03590393265747966,-0.007085160366066645,-0.12076804115851417,0.004730779810799667,-0.07546842691679333,0.0842553440620562,0.01488945320568493,-0.01759246277795658,0.052856405069882,-0.06051155063489281,-0.1231277586546573,0.08110981264114384,0.08244713003057395,-0.034360917816909475,-0.11749252579675418,-0.08745328380701374,-0.011913310247897893,-0.14552598509304426,-0.1185454066262115,0.004366913127029205,-0.06476964003255947,0.14177776552473412,-0.009367319729650894,-0.01952960813901471,0.19080584163173536,-0.022531760346009372,-0.28058572659675884,-0.10441768723298808,-0.3476251225457436,-0.2808959654653876,-0.2761388776201168,0.2600985278598834,-0.16230945697096982,-0.020520844679806794,-0.3363513601573663,-0.15949415305779802,0.018773396827866568,-0.060356705369295,-0.7136324303300254,-0.2136981270552227
9.6,0.03412417024954462,-0.003490129324630205,-0.12006691852725426,0.0036269614396107967,-0.07350047439853681,0.08098483681029114,0.010457334950029486,-0.027573468599631376,0.05183164828613228,-0.06219729382230727,-0.11983697580131288,0.08456787547817748,0.07920610557775175,-0.05025937823802798,-0.10804535416143643,-0.09779275832986313,-0.018912222847883464,-0.14720838180309037,-0.127465206403264,0.013119081330296763,-0.06339782603393665,0.1321659266788986,-0.010830040571922866,-0.01914373580759452,0.18257254722813412,-0.025991683031837135,-0.28696060210379415,-0.10788085549763718,-0.34571816899152097,-0.28002161006232135,-0.26744686338574797,0.24151194619108052,-0.19199679303811146,-0.04123683737950443,-0.32441305267598497,-0.1687980461477015,0.0230918082487376,-0.06451305239149002,-0.717043409792657,-0.19660484280437387
9.719999999999999,0.03215423113822402,-1.5102083830897431e-05,-0.11893903980658742,0.0029388719621047444,-0.07128821849857717,0.07759305914838988,0.0064785849808476174,-0.03631898594317157,0.0506507701311187,-0.06410714174166288,-0.11407691995451691,0.08969111877179059,0.07608486750327931,-0.066018517214744,-0.09817382812104844,-0.10626520901222172,-0.02492039062399362,-0.14831991920746432,-0.1353385070475858,0.02249029277771759,-0.06217388834755792,0.12245789145081822,-0.011847605035576074,-0.020271389459125683,0.17420169088982235,-0.029321752182277946,-0.29285736640504395,-0.10944319616952014,-0.3423770043670819,-0.2766538632052493,-0.25871457233928347,0.22124309362747105,-0.21878291531914423,-0.05786815937431117,-0.3101549495087479,-0.1766481304399859,0.02822591055508967,-0.0682781480502029,-0.7165156252300781,-0.18093984921105408
9.84,0.02989156732067122,0.0032570898618985355,-0.11721372117073267,0.00258585885367209,-0.06893279350345463,0.07395381990466085,0.0028462523564410803,-0.04387206588092215,0.0493322297177661,-0.06636701039465356,-0.10618387046542663,0.09622961565033791,0.07303110278021799,-0.0815491994715839,-0.08780972618721962,-0.11270628308031215,-0.029890481710895103,-0.14888698082008905,-0.14223586234375238,0.032368504730801245,-0.061064232122153006,0.11244407770508219,-0.012397647408303573,-0.02287163393613903,0.16578843223109016,-0.032466409748446,-0.29823527355224677,-0.1091550485189463,-0.33776473087962106,-0.27080532352467357,-0.24998403377151246,0.19901545480740962,-0.24310439618865165,-0.07079770844868716,-0.29381670120691467,-0.18308035698387018,0.03406518723513095,-0.0717706573540009,-0.7120058499687604,-0.16681702422283615
9.959999999999999,0.027283765902375204,0.006250557629733323,-0.11471545215548466,0.002538356776782382,-0.06638566076366853,0.06987875808568275,-0.00042915693041644786,-0.05018801324040764,0.04814126554065543,-0.0689477216292102,-0.09635498205818904,0.10401510799785807,0.07010262164749988,-0.09650217448012643,-0.07696100822906596,-0.11698519305640748,-0.03377406807367065,-0.1487663930182982,-0.14813324444453008,0.043079336427357326,-0.0599564332289548,0.10202073667751717,-0.012518534444246021,-0.02674696801700751,0.1575843414345435,-0.03520126537785792,-0.30297072805144076,-0.10699239451306856,-0.33197300773191823,-0.26265063546123524,-0.241367272009842,0.17515906506776863,-0.26525258892914017,-0.07995370221110784,-0.27559615940103205,-0.18820084416937305,0.04066339934370075,-0.07487183486176206,-0.7035061910878416,-0.154177049254364
10.08,0.024344355482065073,0.008887530210552667,-0.11136117592629172,0.0028156957605599484,-0.06336226371293537,0.06521930108237244,-0.003281955437944571,-0.055153464003318456,0.04744002919657668,-0.07161362632609627,-0.08453437932682557,0.11295314720213648,0.06756861955625096,-0.11045017635279285,-0.06567764585696949,-0.11903490380213094,-0.03654280978662964,-0.14744014876461867,-0.15281564188932806,0.055401940810353836,-0.058726882803894424,0.09142076165578698,-0.01214760659883677,-0.03153663237221575,0.15003379171628964,-0.03725353408942268,-0.3066084982416565,-0.10297262908640802,-0.32469900283678377,-0.25226705052456344,-0.23266282171235989,0.1506860182880635,-0.28525504639294413,-0.08537265191866679,-0.2553679389079401,-0.19190276087573285,0.04850469660141021,-0.07678846879341947,-0.6909043220470753,-0.14188414331825122
10.2,0.021121502834969205,0.011024963883974156,-0.10721158535218543,0.0034732994191446864,-0.05953070634270624,0.05982899880405784,-0.0056920115401276625,-0.05868392763053704,0.04737798169065033,-0.07403146684176991,-0.07074866456056315,0.12289596894056133,0.06577292585994111,-0.12320897042738153,-0.05405216834160566,-0.11896721255975418,-0.03828829011564549,-0.1441932426614201,-0.15609054424074334,0.06983344603838665,-0.05725550501271413,0.08106695662069854,-0.011135739349782316,-0.03682142450353921,0.14349994191564258,-0.03840619029751052,-0.3085649424911027,-0.09717195509382459,-0.31542073636193163,-0.23954203850962857,-0.2234166963070215,0.12623184050810907,-0.30272151335510145,-0.08758194652098011,-0.2330582733290385,-0.1939511307322415,0.05806129434828183,-0.07661897061783271,-0.6741828338179335,-0.1284977379590412
10.32,0.017629567469568907,0.01252366836705844,-0.1023764961817986,0.0045724376662066865,-0.05477883631223899,0.053720953051412154,-0.007554974124671048,-0.06076781641314264,0.04788033670998834,-0.0759391881873677,-0.05514722458874853,0.1337374336595163,0.06484852390432369,-0.13482877038384028,-0.04217158618010476,-0.1168777102365593,-0.03915358906933098,-0.13874860203077274,-0.15786086561830356,0.08633436681821349,-0.055509087328191126,0.07147041085321777,-0.009435618901177249,-0.042235160585836345,0.13822133542903547,-0.03837871747449445,-0.3085213621394688,-0.08962957882210285,-0.30389413118257214,-0.22459817735757903,-0.21342731725248498,0.1021647362084892,-0.31716091856905404,-0.08701659071545796,-0.20879771342287085,-0.19390492481533242,0.06936385999331379,-0.07400117650737034,-0.6535307100882666,-0.11359382463475919
10.44,0.013841364465816653,0.013341124445373668,-0.09685836682716975,0.006130352737403506,-0.04913947255128234,0.047013640235065886,-0.008716216518519383,-0.0614047029645571,0.04888298633032196,-0.07714533472602872,-0.03776875334792008,0.1455127715378151,0.06476196960102945,-0.14533217859554087,-0.03021395340627162,-0.11277241459166595,-0.03917181153495422,-0.13134612864609543,-0.15799873141340146,0.10447458031414747,-0.0535105739720386,0.06308569834663776,-0.007171862556808268,-0.0473592436350196,0.13447644873236209,-0.03682919177313991,-0.30648118524822754,-0.0802153202217712,-0.2903822650955885,-0.20794407837193113,-0.2028793782696322,0.07886551204544598,-0.32849382498432755,-0.08358767881420479,-0.18274957720758567,-0.19121498734696765,0.0821509085118525,-0.06899842958271765,-0.6294579102582739,-0.09779056000823061
10.559999999999999,0.009768463668712106,0.013462236067381738,-0.09065913673371123,0.008168628789358838,-0.04269581480468731,0.0398625049469855,-0.009080849684968254,-0.060628123885069746,0.05035767544981867,-0.07746186770655993,-0.018659236217719005,0.15824338297016324,0.06546863104969194,-0.15463988904385179,-0.018452247696971635,-0.10675234107740472,-0.038300150815985395,-0.12220160738396879,-0.1563325158014311,0.12357639340119585,-0.05123180976064956,0.056260604939173856,-0.004465328228153034,-0.05194892744653129,0.13249557412319468,-0.033652038932186594,-0.3025485579574371,-0.0687322783337481,-0.2752456722367813,-0.1900874107848782,-0.1919726186117867,0.056707333655188916,-0.3367620020897442,-0.07736816450021192,-0.15491674545722253,-0.18556595035425677,0.09605761494371085,-0.061794170605562956,-0.6021552441955422,-0.08156089011844793
10.68,0.0054905699025358645,0.012959719942566181,-0.08377042035387298,0.010719065591996112,-0.03549765994177556,0.03248023829679567,-0.008557097814374703,-0.058496080507611174,0.05226569717468679,-0.07675034932712917,0.0021898625791290822,0.17190257895297537,0.06690429907698654,-0.16245615881289213,-0.007113414551048287,-0.09898282232708322,-0.03659674733150522,-0.11139717770786005,-0.15263277365667444,0.1429478694549999,-0.04865867832496231,0.05117398959179948,-0.0013853947145611167,-0.055978784015387674,0.1324806125231186,-0.029008039130865238,-0.2967677837356802,-0.05511214230053721,-0.25855001668737,-0.17137264243712091,-0.18057705947673042,0.03579909439731644,-0.3418590759094443,-0.06863495863015133,-0.12535921166423927,-0.1769997949960891,0.11084290669906725,-0.05261732986337459,-0.5714221030983426,-0.0650284940829636
10.799999999999999,0.001098180008026214,0.011923987434289752,-0.07633693784086676,0.01377734338739328,-0.027587304159449537,0.024976361046674157,-0.007034668354030262,-0.055146850104893286,0.05448244979945546,-0.0749574514203963,0.024743197970832433,0.1864669068451636,0.06898917431827276,-0.16856108420653831,0.003729274511197874,-0.08965713328061928,-0.0341910693148546,-0.09912391964991119,-0.14672863541681394,0.16160726184750812,-0.04586981622750208,0.047822385062562846,0.0019480645192150323,-0.059388234972679754,0.13459439420097918,-0.02319523864096763,-0.289292712799486,-0.039489423568767765,-0.24039253984740688,-0.1521744939119094,-0.16843480281583184,0.015704099795731435,-0.34341858769460193,-0.05765468160414641,-0.09424887710400189,-0.1657961768284569,0.12649590517395315,-0.04187804285460071,-0.537253156417222,-0.04825968900526216
10.92,-0.003368422155709604,0.010415119265192537,-0.06872225748537304,0.01736364614976959,-0.01892765507369905,0.01734955409067586,-0.004528915728521654,-0.05073182584612241,0.05670583262382563,-0.07221319351350762,0.0487899404831588,0.20188483962349518,0.07171660691727426,-0.17303491369213736,0.014101829903309708,-0.07908251782086456,-0.03123946482033406,-0.08571746262471969,-0.13855702536376024,0.17854922139659804,-0.042911683205740576,0.04606065162413545,0.005408032766271359,-0.06195633159754553,0.13883219192686883,-0.01643953340777048,-0.28037429664373453,-0.022206403755874043,-0.22091265461650655,-0.13299624751305725,-0.1553393929799382,-0.00437519346230947,-0.3406378802952624,-0.044842405064304355,-0.061850245945612725,-0.15234208815583994,0.14308491949427302,-0.03030050938357847,-0.49976593458518237,-0.03139044786671247
11.04,-0.007843212585781387,0.008509657810508936,-0.061176341780452295,0.02145864972061476,-0.009504835631858884,0.009558254490237263,-0.0012051383351415865,-0.045435786840882814,0.05876913143119934,-0.06873002257576043,0.07382775779952,0.21791590972301522,0.07502504158840649,-0.17584262057858863,0.02390317440046482,-0.06751681226731317,-0.027937378686360946,-0.0714372582183428,-0.12829287874498485,0.19306454908164436,-0.03972980343361916,0.04566852274314846,0.008876324299519244,-0.06360837648449995,0.14490471632781807,-0.008845959970345844,-0.27015492636120786,-0.0037531343225150927,-0.20023560207255864,-0.11412076516387493,-0.14101105591330498,-0.02479929098110456,-0.3326910201582784,-0.030893394180812748,-0.028638985590302868,-0.13698392010925486,0.16052132780037578,-0.01840213159928109,-0.45940313484204964,-0.014695202681757898
11.16,-0.012222793706105352,0.006308028143728191,-0.053760384257973734,0.026064343805659584,0.0006358893576254368,0.001621500883643344,0.00270401017451451,-0.039469137083130615,0.06068000418814177,-0.06465480365587226,0.09927809277063343,0.23431507611940955,0.07880772206930725,-0.17677213864972363,0.032955201310954675,-0.055192999016672566,-0.02445420421771938,-0.05653209227378423,-0.11626870808164827,0.20498225985830681,-0.03625402481142254,0.04635834421575765,0.012244004223916263,-0.06463796038954,0.15239952749578212,-0.0006373401987387912,-0.2588057728240031,0.015474374172057636,-0.17863235209472114,-0.09561257704771682,-0.12529668721661824,-0.04549654988628682,-0.3191360659565855,-0.01598194232224302,0.004737202296997034,-0.12022551105950736,0.17864364820462003,-0.006656821605230177,-0.41673475775218055,0.0014864800538717492
11.28,-0.01637721434705821,0.003866928039749978,-0.046507112225355,0.03122213959080991,0.01145510289956526,-0.006379183535746791,0.006909158432983309,-0.0330774029120735,0.06247985787857499,-0.060089986221654304,0.12481706945265583,0.2509417798118872,0.08293786244961741,-0.1755834099788759,0.04119123211359738,-0.04227146651387405,-0.02097801502018193,-0.04104023928069348,-0.10261961138155007,0.21431970939129208,-0.03229400420503735,0.04795171011418316,0.015543561991768885,-0.06524298902432163,0.16100774505331342,0.007965935052794484,-0.24633205442744235,0.03502031764960442,-0.1561617111507896,-0.07738433537991393,-0.1079684423943254,-0.06599785960427526,-0.2996432222555608,-0.00015801674310063005,0.03762921324679922,-0.10252192283543925,0.1974168992889333,0.004807368394308948,-0.37181930618312686,0.017209973115084293
11.4,-0.020228724379576398,0.0011709136819626673,-0.03949123163058613,0.036858124192484215,0.022950770958219388,-0.014287569156676967,0.011144530317730281,-0.0265016408917023,0.06401787240730031,-0.05519192625610929,0.15011292966909767,0.26752796702886517,0.08741837614130024,-0.172175111365,0.048531978618074935,-0.028888954331783415,-0.017720529485396562,-0.024904662940924693,-0.08744684977482504,0.22096989284144417,-0.027711528609871187,0.050241803521470556,0.018900236656765098,-0.06547094750203536,0.17054035977857057,0.016823062450570855,-0.23267649443548827,0.05443420977849332,-0.13268852621341337,-0.059378834280642306,-0.08886300752284353,-0.08589977437495169,-0.2742675351757455,0.016365775541224745,0.0694460870100849,-0.08434582498130937,0.2168291843891345,0.0161445146449289,-0.3248248595822209,0.033044852367332817
11.52,-0.02375001174339006,-0.0017531867461122606,-0.03276073339386538,0.04284951364474281,0.0350522109857601,-0.021842942665718817,0.015294302328812105,-0.01994916582698726,0.06521882019676889,-0.05008990820338113,0.17485089348800123,0.283770037279403,0.09228084509779519,-0.1666480086818416,0.05490642003166111,-0.015113539174837359,-0.014781701468805333,-0.008227638262864143,-0.07099606813765498,0.22515149476825844,-0.02259083069857845,0.05292878392356162,0.022450641710603916,-0.06534385941330545,0.18086512308985814,0.0257194520980121,-0.21795884348394076,0.07340691650547367,-0.10822153392639632,-0.04162519541001201,-0.06802177610512108,-0.10490133394397547,-0.24345713317385273,0.03388459922063489,0.0997471981997914,-0.0661960898880858,0.23667632532966984,0.027349802760574724,-0.2761276340000499,0.04913264113319493
11.639999999999999,-0.026838753675548117,-0.004863479122185748,-0.02633640531185474,0.04912909982678459,0.047560566646392355,-0.028902155272185003,0.01927270306971858,-0.013643561888567135,0.06600652782249611,-0.04494820841045041,0.1989005563060784,0.2994280302311547,0.09747716604715387,-0.15937647092426074,0.06038950059197287,-0.0010636229277359438,-0.012225573019208232,0.008871925767605367,-0.05344946880627948,0.22704372333359246,-0.01699771443993806,0.05587551133174741,0.02628145245948709,-0.06476779423543783,0.19185247660051008,0.03439064186406412,-0.2024232862057622,0.09160268220537873,-0.08280906487058574,-0.02420485096773832,-0.045572597481253495,-0.12277461719126787,-0.20807318023814853,0.05253575760999172,0.12846342655487575,-0.04840324173903934,0.25657338290957293,0.03832200399113879,-0.2257731307699954,0.06514842395466576
11.76,-0.02941812670550178,-0.008157820286749553,-0.02026962329978886,0.0556840133135352,0.06011259482529291,-0.03541640544870897,0.02302345677283653,-0.007732515584358887,0.06629505580706138,-0.0398968195988164,0.2220472911134365,0.31420381624541116,0.1028798538754089,-0.1508024109090918,0.06502784493521285,0.013017762007404371,-0.010189152289420387,0.026155309720559957,-0.035052195887916256,0.22681632787446585,-0.010965273724441366,0.05903588002250588,0.03047266991162572,-0.06371807937341516,0.20333141851196565,0.04259156945018251,-0.18637076596565072,0.10890983420439977,-0.056579773633263164,-0.0070754741467051185,-0.021872814196643983,-0.1394658435227692,-0.16925886608982757,0.0720289955309325,0.1554612534851828,-0.031293165282236385,0.2759599483671935,0.04910486443348682,-0.17390371968248336,0.0807846423735436
11.879999999999999,-0.03148765036981576,-0.011641932594768851,-0.014652235714995198,0.06250964599555558,0.07235399202125474,-0.041355040719606787,0.026485000297896313,-0.00225223428348488,0.06601099064523584,-0.03498618619415121,0.24385427098758936,0.32777267479802924,0.10836248554541733,-0.14148217497304183,0.06885684351477066,0.02691869235530435,-0.008801663517610272,0.04318895696038793,-0.016121974763031562,0.2243189338481288,-0.004531182432364764,0.062185977335863236,0.03504862634679835,-0.06227267677154457,0.21507895028647722,0.05017978493849702,-0.17016332445665203,0.12516003608943624,-0.02992247427021713,0.009802458575744414,0.002402755963315538,-0.15520063149519953,-0.12846720792891206,0.09199943152148674,0.18050858397353528,-0.015297507924076165,0.29428531683701054,0.059613792577943914,-0.12118156885777769,0.09549847319063687
12.0,-0.033071927978665636,-0.015300995199255533,-0.009642677598908586,0.0695574836867161,0.08400379292525248,-0.046701347415282424,0.029626286317308306,0.002782967540818148,0.06516403394617201,-0.030103099663419747,0.26383202318052046,0.3399016720426816,0.11385895632408359,-0.13197471233078018,0.07193918030729839,0.040466880288218515,-0.008133944029664858,0.05937040582804866,0.0030254146783384554,0.21927056958363245,0.0022507954316247575,0.065143855437329,0.03990147718658552,-0.06059512093873913,0.22693531908153783,0.057048951668581024,-0.15426229249929352,0.1400255773673319,-0.0033730404191190666,0.026149213012289802,0.026438814001431124,-0.17053051112424844,-0.0872297436239844,0.11236557359462632,0.20344590691161826,-0.0007716284094087896,0.3111678198443816,0.06947761374466893,-0.06825507397767804,0.10875465398154216
12.12,-0.034195792395156445,-0.019095553241515965,-0.005346008967578373,0.0766668510746331,0.09489369666949143,-0.051437885550638024,0.03249893602460889,0.007318360417676708,0.06384015151794223,-0.02489174356225236,0.2815360989612655,0.350422891245909,0.11928577360773007,-0.12256654796099807,0.07422448250317461,0.05344887795704468,-0.008182703518129114,0.07425362298470495,0.02207861202075599,0.2116084077956297,0.009412146339964587,0.06797649923590633,0.04488051768367063,-0.05889500444985736,0.23870992348078843,0.06315158779099328,-0.13898663410817458,0.15320247707703238,0.02268527740511545,0.041564334154903244,0.04948598073066429,-0.185856182262352,-0.046636022386662146,0.1330940080873979,0.2242172829578302,0.012216995358859277,0.3265043045390803,0.07830493903792042,-0.015506720091772161,0.12019128500972265
12.24,-0.03491375733899305,-0.022967420770926804,-0.0017841198839337723,0.08364665337936508,0.10490061852100178,-0.055551057757994765,0.035189367840550656,0.0113796568569532,0.062091261919203146,-0.019116334432435052,0.29666800474715543,0.35915392819968095,0.12453436458478173,-0.11328584059408739,0.07576249493495577,0.065602741882109,-0.008872727097492279,0.0875854184558778,0.0407940497996135,0.2015379123680342,0.01702673137360213,0.0708277344876937,0.04989047058399054,-0.057478612792950835,0.25014740417007947,0.06845532432791133,-0.1244886444507672,0.16460428331273408,0.04801909936365549,0.055744562856891985,0.07093041247881698,-0.2014357154066406,-0.007473358451920571,0.1537603746778629,0.24285877601681372,0.023665238977348645,0.3404614159541073,0.08572260259214232,0.03699648007951174,0.12959477964805388
12.36,-0.03535755493399112,-0.02681818948669286,0.0010760578799053713,0.09041339884452607,0.11394383300895347,-0.05908951659013114,0.03783553999812367,0.015053887471536015,0.05994165622964255,-0.012574268584362601,0.3092014399951438,0.36599995950160213,0.12944601290177848,-0.10399201471382755,0.07681666770968207,0.07673501171646423,-0.010113154768532563,0.09937221547791188,0.05908911931318099,0.18911643946892667,0.02516697757132001,0.07377434746307401,0.05485750183950091,-0.056530332583789526,0.2610710244127785,0.07309419715365445,-0.11065871288385531,0.174476835093949,0.07256540627112053,0.0684871980696405,0.09063442472853997,-0.21760827519534906,0.030137584344959223,0.1738416247130691,0.2597124978011178,0.0337812494435681,0.35334387160466246,0.09141396345806546,0.08938537742482033,0.1367071659255004
12.48,-0.03558137101648829,-0.030464261947417567,0.0032945823524625647,0.09698316418588059,0.12210486076762914,-0.06207393370049845,0.0405340029848339,0.01835901694288558,0.057358263769261585,-0.005066226888946923,0.319425555463948,0.3709987409735854,0.13408463327895292,-0.09451091034670348,0.07768925351710801,0.0867520544984331,-0.011746055032842252,0.11003450553919607,0.0769847608997404,0.174390112696385,0.033956248507604675,0.07701467974492734,0.0598497136599955,-0.055902712315120895,0.2715366615329239,0.07728898919701555,-0.09713687174756276,0.18298428800915295,0.09649017845215992,0.07969421781546443,0.10887831433031886,-0.23426784211683088,0.06651298835192254,0.19318561208365276,0.2751618050676983,0.04299961855397781,0.36570314938734816,0.09535581081557405,0.14169484611662048,0.14225169760535128
12.6,-0.03559008345779563,-0.033743763807697655,0.004891477397236543,0.10339088011250756,0.12973220671421748,-0.06437220099882406,0.043295030703138004,0.021214379355440464,0.05423269725884833,0.0034242625581939468,0.3279122267847688,0.37425158683581095,0.1388554335758365,-0.08463723929685713,0.07869591253645045,0.09557229476934122,-0.013603914781076346,0.12021636367003043,0.09470094037738526,0.15759142079364713,0.043460675661973425,0.08092128141465965,0.06495499645781663,-0.05538316090261489,0.28190516112559827,0.0812258438974511,-0.08335691245599675,0.19008486807771124,0.120256974684334,0.0894423744981553,0.12620693077780407,-0.25107580635175847,0.1019619223072327,0.21204386892961924,0.28969181972636177,0.051704889419069,0.37858972882129815,0.0977085944328744,0.1941583628066609,0.14797837609839506
12.719999999999999,-0.035356487903899475,-0.03654570097965264,0.005934461495730337,0.10963122516524809,0.13713381372698916,-0.06579032800899727,0.04608704572338455,0.02360711614201024,0.050705206292864125,0.012762826435317919,0.33524199258428744,0.3759559785838968,0.14416166317927886,-0.07410776582415965,0.08014838779720115,0.10307577645572957,-0.015584570250341795,0.13033587661653478,0.11242993067187017,0.13945084479622658,0.05356734400273625,0.08573917064144655,0.07016089173862206,-0.054882708875950356,0.2926201057569502,0.08495675128912304,-0.06880707841610578,0.19563431637939868,0.14418086714337522,0.09785032916162945,0.1430433537440127,-0.2674687074079135,0.13633467312181183,0.23061061754403628,0.3036745701274351,0.06005722901337168,0.3929829723600788,0.09852737820799486,0.2466427313084395,0.15551623908604623
12.84,-0.034866919653416026,-0.03870379263978321,0.006554583599629793,0.11571554843296723,0.14466689909500252,-0.06616024343229995,0.04904328020522268,0.025713637273922143,0.04711015598132916,0.022856217195460354,0.34210976547840083,0.3763687791819521,0.15029393258549473,-0.06258066935490865,0.08246525158489258,0.10923469680942949,-0.01755190004845737,0.14087960210406952,0.13052044918332154,0.12082322859758839,0.06429936672935097,0.0916829383685024,0.0754660193156415,-0.053999511413416114,0.30385456182517473,0.08860981716753431,-0.05285238313956052,0.19963297352344841,0.1688308643634231,0.10521720230025097,0.16013709606276083,-0.28251319482278986,0.1702997122927273,0.2489251680647614,0.3175980264496868,0.06877729340357083,0.4094862908009717,0.09789135009391038,0.2997282777499344,0.16632210895259797
12.959999999999999,-0.03411011818196027,-0.040068177300990326,0.0069204756562406934,0.12152488774539426,0.15264813689297396,-0.06541534563849438,0.052361327990073654,0.027756038864520338,0.04371967672628715,0.03347529829516796,0.3490361787724882,0.3755961060212473,0.15726225313120126,-0.04967747259734179,0.08599162626454161,0.11415698567824079,-0.01937896204230097,0.15242815544733493,0.1493315341912098,0.10255435817018263,0.0758384850597115,0.09894229865792063,0.08092053163391208,-0.05223161839256115,0.31547643719830826,0.09233114635416009,-0.03481826577607212,0.20212093237163492,0.19486697158981842,0.11198357485827694,0.17843802023305785,-0.2954881639403392,0.2050800376381181,0.2667388347523375,0.33184547022919175,0.07868677744126147,0.428306592476003,0.09615647354324026,0.3540069336183912,0.18147966455591233
13.08,-0.033083025643753275,-0.040617196987497384,0.00719468482807781,0.12684105376821647,0.16119811064672718,-0.06357783352849536,0.05607130126906147,0.02986221364465941,0.040846321544282936,0.04420175954207907,0.3560821640368159,0.3734617485630623,0.16494396346781975,-0.03523986712540978,0.09072933765655038,0.11791514806524787,-0.021026016373688634,0.1653599545531854,0.1688314780840722,0.0855726655103476,0.08824133073941987,0.10751385917536825,0.0865067822168149,-0.049258030056069435,0.327102903307266,0.0962932044289684,-0.014354255195783984,0.2032036963004487,0.22261560401618724,0.11838892514229041,0.19851681576915992,-0.3058781644947667,0.24152852564258412,0.2834158504009862,0.34625141921668384,0.09008677279053114,0.44933323047399765,0.09369071853578256,0.40922195760112956,0.20149310499995954
13.2,-0.03179221568363119,-0.04040320879448507,0.007459128219738625,0.13149057036257428,0.170318685680709,-0.06072000408220784,0.06005347904609082,0.03219665769513172,0.038799953216976574,0.054739863985678164,0.3630543264643368,0.36976964879038987,0.17321905097948537,-0.01942800906760354,0.09639669602645037,0.12050497207343758,-0.022470945784863486,0.17966294391208998,0.1886720858226332,0.07039787495824991,0.10124992565974855,0.11726214205476329,0.0920908051833391,-0.044951113119106434,0.3382338830709558,0.10050832608419855,0.008489262882584201,0.20316627841095963,0.2517966594111244,0.12442305222222612,0.22039781245936793,-0.31312358033905474,0.2796496176271558,0.2983704208283826,0.36034415753652843,0.10289576290746694,0.47216237918711257,0.0906304183638994,0.46457417189045436,0.2258261275758149
13.32,-0.030298220931034785,-0.03951083291132709,0.007719935494168118,0.13544440046620457,0.1800482273349225,-0.05699141737394265,0.064320883998573,0.03481756193075766,0.03777210545307952,0.06497230611832261,0.3698607603199529,0.36454667913324995,0.1819137340949019,-0.0023916563033599333,0.1026332519219203,0.12202787320223529,-0.02366784929606969,0.1951325335361534,0.208506095545929,0.05714036254916367,0.11457127984477826,0.1280311371603105,0.0975359309933353,-0.03935234575093166,0.3484960819609111,0.10488176632875947,0.03339608120298005,0.20239981244190666,0.2819766910225942,0.13016876883904965,0.24391883312825594,-0.31646988192977143,0.3190422649933171,0.3115071506034759,0.37367330033900326,0.11690435168486711,0.4962124985673123,0.08716926811520237,0.5194274973997782,0.25329527679904607
13.44,-0.028734733907768803,-0.03811197931912153,0.008005625437227977,0.13868512054124832,0.19042591801240244,-0.05252013916192577,0.0689077884909394,0.037664379256859254,0.037861893146254585,0.07482314524153194,0.3764795595294354,0.3579941555016424,0.19092640665730531,0.01564536519653093,0.10911287277600269,0.12257114736732538,-0.024701493428577255,0.2115513498296975,0.22812646826489022,0.04610603784829411,0.12803798878752992,0.13966436741479082,0.10270815456834814,-0.032490782370984815,0.3577623092403691,0.1092653006805756,0.060087289720766254,0.20116861100063377,0.3129611556453197,0.1356995438501325,0.26889033013803426,-0.31538157834572467,0.359054618394554,0.32293950546754385,0.3860455473274947,0.13190314149879512,0.5210785595088605,0.08376038622512454,0.5737434728841286,0.2835433294418265
13.559999999999999,-0.02718999820247195,-0.03629070536330978,0.00837205780676626,0.14107748506958265,0.20139671986548485,-0.04739484177811875,0.07384750878193681,0.04072793483332262,0.03912063410282658,0.08422710375377876,0.38284382020582935,0.3502137089228238,0.20032268814058227,0.03442053363669034,0.11554118452171117,0.12205409219509648,-0.025729345744658832,0.22877247385149768,0.24743440729869345,0.03774518365586346,0.141437173749444,0.15190849798013753,0.10745869508018174,-0.024471437719045756,0.3658502627230771,0.11347933633762439,0.08846309751671849,0.19958429094215907,0.34480265017189443,0.1410085766388167,0.2951284681221288,-0.309797106621085,0.3988626935670033,0.3323956707299728,0.39738793481063645,0.14760910069847355,0.5464877349374744,0.08070448709819117,0.6278146799236374,0.3169178037199206
13.68,-0.02569225479120909,-0.03399256865764286,0.00899491713225536,0.1425486955146741,0.21263756457866978,-0.04168669620851683,0.07924894255790876,0.04409611933559704,0.041734540229968135,0.09314088328474016,0.38882280829542654,0.3413648554160787,0.21004565188755656,0.053908403085233515,0.12166762263546918,0.12044180083099496,-0.02686938252426728,0.24627834862735795,0.266249195266838,0.032531227911542226,0.15435230795003752,0.16427359677707035,0.11163443346078952,-0.015745233175464855,0.3725313357092733,0.11739508972938512,0.11805819891853359,0.19776222340972005,0.376971515927371,0.14584705794160263,0.32178725813399417,-0.30033544802022616,0.4370150102972147,0.33972789516651863,0.40766079560497864,0.16343398931116482,0.5718030551799553,0.07817087016912252,0.6812003979120771,0.3526820715585479
13.799999999999999,-0.02427564686392499,-0.031161950496180448,0.010023149349893548,0.14318501539830333,0.22367291332216288,-0.035499880224153305,0.08514181331609105,0.04786175750752587,0.04595036127352769,0.1015493957253297,0.3942277429923435,0.33157827925096994,0.21977140569292603,0.07401744804955358,0.12742125477041855,0.11783238989848877,-0.02817377707688749,0.263255893772767,0.28431402380044546,0.031012942112880162,0.16632338168496175,0.17611940659757153,0.11513967481452214,-0.0068227758496059035,0.3775700851353023,0.120987133589477,0.14805157275024527,0.19572196055267993,0.4084287929807254,0.1499149896670554,0.34776112227796196,-0.28829336972535047,0.4718584996499626,0.34482161022568253,0.4168699386160015,0.17866107851434548,0.5960868133936246,0.07642455005161543,0.7330161911246764,0.38919178804631144
13.92,-0.02291572397730567,-0.027783217086797585,0.011428178511012223,0.14311188826148127,0.23413922679967913,-0.028997119830246047,0.09146706074594066,0.05204591243989912,0.05191637594701644,0.10960122285244463,0.39897662511142384,0.32099542424496247,0.2291259938132647,0.09445334056960061,0.13286194569958676,0.11459772265916723,-0.029508033617712457,0.2790308793601903,0.3013601586161877,0.03345814770001575,0.17720901407625064,0.18694259601870564,0.11798985628168396,0.0021043206181565067,0.3808035018036624,0.12432612349383863,0.1776973359312146,0.19336696703008105,0.43823751606639316,0.15318679360721016,0.372399154409074,-0.274811691141641,0.5026936542949452,0.34759775688535843,0.42504517724339924,0.1929825368059805,0.6186321700765056,0.07571286659150078,0.7822816776442976,0.42505834528801156
14.04,-0.021502898299135615,-0.023899818009359895,0.013056382598126796,0.1424932638874876,0.24386592019803363,-0.02232565379831269,0.09807997567506152,0.056536185245745135,0.059557311337270796,0.11754603811384917,0.4030829921269372,0.3098178290346948,0.23783481574534646,0.11512139241316262,0.13788628166496242,0.11115237324987877,-0.030603058715712127,0.29320172125808874,0.31715764717698636,0.03970657689324964,0.18705974435306494,0.19652075248216896,0.12024623845617169,0.011119305017568849,0.38213834677342257,0.12741113382008418,0.20639713750585947,0.19043462474601347,0.4657388576696026,0.15578181772310035,0.39531139731491355,-0.2600219496872673,0.5293970311263713,0.3482538754623543,0.43206669634621253,0.20633409540214584,0.6390860258536702,0.07644667841930326,0.8283306951666017,0.45917515585844443
14.16,-0.019995299845027306,-0.0196232181443761,0.01477274066371972,0.14140242287602137,0.252770322865002,-0.01566294046039878,0.10484866395334405,0.06115622189582584,0.06866173909623133,0.12559534305175596,0.40648131665835363,0.2981951609202167,0.2457240732098292,0.1360120495227441,0.14230529871133268,0.10769889923527765,-0.031191551578352114,0.30564337399924507,0.3315435844357112,0.04948425461313124,0.19586922130301118,0.20488337358669262,0.12192439060455822,0.020161261483427763,0.38162243924750194,0.13007028262452544,0.23381063803203087,0.18664119023837059,0.49066715864196486,0.15778785424696407,0.41643917739661773,-0.24337578322097903,0.5518891226081029,0.34693973101381426,0.4378440049816819,0.2187775909022283,0.6572265022092396,0.07889535821624413,0.8709114728090463,0.4909919881963712
14.28,-0.018466298920604234,-0.015105855961490217,0.016454677027629497,0.13982180147671158,0.2607497761955041,-0.009252220499743408,0.11163972180795749,0.0657167955941154,0.07897745673337084,0.1337749945027713,0.4090608391350927,0.2862513301682868,0.25262192946524775,0.15683668932506295,0.1459999683768859,0.10425145879571875,-0.031206260626219062,0.31623340349930334,0.3442927982868953,0.06236364120234616,0.20338111943283113,0.21205896727608647,0.12298286793097331,0.02882979042215599,0.37937931848284623,0.13222258309301071,0.25953007356071,0.18169955943808302,0.512796988583166,0.15919551396969198,0.4356108368550004,-0.22488701162616764,0.5696596504599485,0.3436439744571941,0.442340605342975,0.23002537724488298,0.6727563006565016,0.08267808705718914,0.909784023983151,0.520177798125863
14.399999999999999,-0.01704151463535491,-0.010448313815047421,0.018004697670582673,0.13774139739624505,0.2677480895298259,-0.003309494419366308,0.1182640692263173,0.0700450713682422,0.09026666369536027,0.14198790655092353,0.4108953587279736,0.27421629253244806,0.25849166758690867,0.1771067429758827,0.14901847158984732,0.1007532860055656,-0.030758129420594083,0.324634110691049,0.3551806131718099,0.07793782561917832,0.2092868599381357,0.2179361275877772,0.12336090504456682,0.03662734465924477,0.37567640898158783,0.13392563278318442,0.28305856177463085,0.17539690467902203,0.5317417735620318,0.15969618587248674,0.45244094410814806,-0.2053333480973169,0.5820017578094748,0.33870490654618485,0.4458335803141598,0.23958936299895156,0.6856564991393583,0.08693564739307567,0.9446943993799986,0.5466134602290162
14.52,-0.015858366639490994,-0.005760814893344731,0.019337795881454144,0.13524800788849678,0.2737044887756199,0.0020422905180053764,0.12451969911784148,0.07399885045796362,0.10239952489762037,0.15006912025025054,0.4121512133852864,0.2623260352814259,0.2634062710067751,0.196304302943139,0.15145657047586242,0.09719633417155296,-0.029901165506811933,0.3303659871253176,0.36406146841927084,0.09583560708748873,0.21335288900734165,0.22232664483498502,0.1230152435419559,0.04303034968744715,0.3708816351701328,0.13514395238195553,0.3039699279590947,0.16764648161251405,0.5470943317118315,0.15902816212553622,0.46633285294498283,-0.18568656761770144,0.5882216244656188,0.33246223970855326,0.44873307889729896,0.24712073107123986,0.6960695344665859,0.09076258411193029,0.97547076710527,0.5701218402863194
14.639999999999999,-0.015070579764482351,-0.001190599383594608,0.020319327995025213,0.13244974996326198,0.27853655900249197,0.006705241925253714,0.1302512320773598,0.0773639121440676,0.1151228082581432,0.15768358085426387,0.4127733592599455,0.25069596391585514,0.2673271833746882,0.21384154326018245,0.15320032549213086,0.0935906120611163,-0.028654186294070173,0.3329357407964644,0.3708304791053699,0.11562232145483956,0.21533533625314444,0.2250000378248302,0.12192202374548458,0.04751938484094265,0.3652832451214232,0.1357331983364778,0.3218929774506608,0.15841797768030844,0.558420720313753,0.15714751837826188,0.47652378771171344,-0.16660909869856932,0.5875122009408023,0.3252372801534956,0.45096477905536525,0.2523139150505379,0.703978296147868,0.09352271415645844,1.0017653878780566,0.5904880482826071
14.76,-0.014743865436178297,0.0031368932696519028,0.020856585302289288,0.12938520060554104,0.28209583540309935,0.010566157973150336,0.135308971337766,0.07988473053301237,0.12799445884711186,0.16461688164092672,0.4124795290946544,0.23932621320739553,0.27007390285867394,0.22919996736100387,0.15411919995465806,0.08995174534649275,-0.027018866951482003,0.331981974148949,0.3753301084605063,0.13680311665711883,0.21505267738954945,0.22591585563374034,0.12007494116050076,0.04980633353024509,0.359060114846057,0.13555642389555597,0.3364967047766728,0.14779590763079314,0.565256753160878,0.15409686477735246,0.48239537157418316,-0.14872721314420356,0.5792344913357999,0.31728586211079224,0.4521324782439879,0.2549216587328823,0.7091071278759524,0.09475422467471858,1.0234578235915293,0.6070589691564051
14.879999999999999,-0.01488878645325515,0.007243710800496504,0.021032302399730477,0.12610500959749577,0.2841914514752124,0.013516131352382426,0.1394594755743459,0.08141161707973282,0.14041638089846628,0.17079415998954928,0.410916803679984,0.22826221406545896,0.27134093851272056,0.24219976193509066,0.1541984239174014,0.08627450785273497,-0.025057144565177936,0.32733285167568665,0.3774815186168572,0.15879061887550752,0.21259186131405056,0.22507825587075359,0.11749110523376018,0.04987759091949951,0.35218488236496037,0.13451026781366815,0.3476107584105026,0.1359333078804844,0.5672718232288253,0.14975490075053643,0.483639759684556,-0.1327679864574811,0.5631534224819756,0.30851469988182084,0.45198037030351,0.25487559267375376,0.7111298298211657,0.09378688147585709,1.0404216439894818,0.619041959740304
15.0,-0.015531713064396364,0.011177598757739745,0.020894679395081942,0.12272970973120094,0.28459740276297896,0.015339393629915495,0.14247289789120304,0.08171028494794645,0.15179809710998987,0.17621172937589227,0.4077058542285924,0.21758145507745366,0.27085290247872107,0.2527790899162034,0.1533693378982567,0.08259011680002776,-0.02293557553536971,0.31887306413155403,0.3773006729556292,0.18097045334507478,0.20803577925380218,0.22254695148312834,0.11417988740534335,0.04775885232550037,0.34440534720935784,0.13255443244759296,0.3549616920577622,0.12299989242293749,0.564223061387521,0.14395056137079046,0.4798410436130867,-0.11889662132459763,0.5392759193627732,0.2990024428698149,0.4502352419092085,0.2520621362469541,0.7094356027558604,0.09007843480939973,1.052482375652728,0.6256097140216105
15.12,-0.01667526352296855,0.014955038836734512,0.020402489203495022,0.1194401919586451,0.28330121290494237,0.0158573081446972,0.14429821159196765,0.08053599996566102,0.16188635130328916,0.18083176110657487,0.402547615142361,0.20720094594224117,0.2686073612236574,0.26087755595538054,0.15150335338284943,0.07891181133351435,-0.02083715727811519,0.30658085962025255,0.3749244075275027,0.20285348754528185,0.2013969984928135,0.21849914566017203,0.11016814162587976,0.04342512307384368,0.3353790750494162,0.12958967793518741,0.3583437843213379,0.1091084979157015,0.5561913089236344,0.13661840500403535,0.4706369661180981,-0.10732699829362918,0.5078539251876182,0.28879265434763124,0.4466548101750522,0.24631853054480837,0.7035337730714645,0.08332536613565163,1.0595436841663084,0.6266130223746513
15.24,-0.01832347448886249,0.0185060124835481,0.019525205177356703,0.1163255016266584,0.2804652051412494,0.01501260405422598,0.14490768724013725,0.07773317088322934,0.1705713548824392,0.18453521894879618,0.3952104144463103,0.19686924214336537,0.26472472000724634,0.26645324407827503,0.1484497044159903,0.07534343489942602,-0.01883397174050329,0.29049452634140455,0.370370962668912,0.22384502084614577,0.19266909226312276,0.2130048536099426,0.10553830723801647,0.03677514193204049,0.3249384135752612,0.1255197656854704,0.35763261470725993,0.09425803507422933,0.5433982740597916,0.12786856189073897,0.4558555001973967,-0.09869089058749231,0.4695404436952405,0.27806977367828567,0.44091686638985184,0.2374305260471837,0.6932023078365092,0.07357081617493341,1.061115351587566,0.6221576550861212
15.36,-0.020481968789568716,0.021773713976372924,0.01819189449708514,0.11336261980408084,0.27629387879381695,0.012874851617147645,0.14430424813555293,0.07322771670342579,0.17778013936268325,0.18718367219125084,0.3856266946608544,0.18635049099715287,0.2594675263713557,0.2696437971299412,0.14414498756837074,0.07205348635587577,-0.01697680939610235,0.27096146600525556,0.3636905180071943,0.2432712115760286,0.18197513961573794,0.20618395786307736,0.10041308353176465,0.027882772522994065,0.31315074846477176,0.12032424242979564,0.35289866050347163,0.07858893388755082,0.5262093896251862,0.11803719083614567,0.435653797569238,-0.09326362879393528,0.42541600855675865,0.2670784657220333,0.43293723243694987,0.22531183250081221,0.6785085435519037,0.061063787428867644,1.056807352033334,0.6125594549340505
15.479999999999999,-0.023129888931614186,0.02478040004568743,0.016388272823492082,0.1104790945734028,0.27095487150723174,0.009529619256408514,0.14253978510999032,0.0671637098500182,0.18369883294764267,0.18865648878337438,0.3738827746796259,0.1754256144301351,0.253046974530525,0.2707392114700418,0.13855077208113217,0.06914802965962759,-0.01541194773718242,0.2485268595201432,0.3549285007095483,0.26061826958286793,0.1694782050925639,0.19815098557370114,0.09486326730441716,0.017032685145000743,0.30015657330638773,0.11410830551957753,0.34428766719031045,0.06242918909430531,0.5050137577911905,0.10734502007732523,0.41041498408485466,-0.09085989758852593,0.37665866879133636,0.2558379841745055,0.4228852573076668,0.2099654239075431,0.65970438231962,0.0463411235569758,1.046466146558021,0.5984289688342874
15.6,-0.026205734328927446,0.027639509403217355,0.014216523224812877,0.10764626662052582,0.26464188834727315,0.005257721765554479,0.13959667736658765,0.059815805987359305,0.1886680796850783,0.1887775330847748,0.3601867257574316,0.163990615653238,0.24558508256412953,0.26992813675510247,0.13169214850068137,0.06649519911246093,-0.01438818034693455,0.22359299417247436,0.34416393004501195,0.2754874374570517,0.15528916050747865,0.18894642029901634,0.08879061221063807,0.004350677845798408,0.2862652908988708,0.10707323236815415,0.3319950654855987,0.04606241993561458,0.48016859519204935,0.09569063166307734,0.3806865921793747,-0.09101610401445914,0.3240083744501301,0.24447097819269853,0.4111062077630046,0.19148254804837272,0.637494378640186,0.029637369506845132,1.029914531777136,0.5805579907034953
15.719999999999999,-0.029645882386358388,0.030409940205729305,0.011802837063220073,0.1049047617149067,0.257703251700948,0.00046426041539400584,0.13547941219040444,0.051472702832232826,0.1929547977741619,0.18749898981177937,0.34507811237525976,0.1520868845278326,0.23738171462439053,0.2675651870350558,0.12367714816870104,0.06381602089339866,-0.01406909082722025,0.19665476153513098,0.33172919888870295,0.28761224004253194,0.1396481900144585,0.1788501170531773,0.08207068784160305,-0.010090498004924894,0.2720876627705148,0.09951316777765185,0.316409068227625,0.02975376727586429,0.4522573520925611,0.08306067909884814,0.34730793264096677,-0.09295210635984,0.26820265459204723,0.23379255026345144,0.39805643647255584,0.17025354697605496,0.6131284516647939,0.010946401915993782,1.0075688400672043,0.5601103599251007
15.84,-0.03341261251912622,0.03309665871955236,0.009187313220284068,0.10224686818898364,0.2505425123667367,-0.0045912033880373525,0.13019944266074382,0.04238977843265458,0.1964747222426708,0.18481008317508166,0.32911838048583003,0.13973715369280693,0.22871420791391797,0.26391648820351044,0.11470089788705798,0.060805325183558766,-0.014579120207657554,0.16824571225645177,0.3181023382477499,0.2968054702763755,0.12285445486386819,0.168344630264181,0.07462939074820425,-0.026113917036956272,0.2581249539274838,0.09161618159266513,0.2979938821596274,0.013699724919209809,0.42209810683100984,0.06960169911118942,0.3111770620378176,-0.09575343467920816,0.21004928338508702,0.22456565442687088,0.38420199165123914,0.1469589343406034,0.587819518858643,-0.009675392241063193,0.9800520616157373,0.5384607584949958
15.959999999999999,-0.03742263002981863,0.03567023041750243,0.006478341853559752,0.0996163980351022,0.24330325034042383,-0.009711911260078513,0.12386317723712013,0.032885772343179034,0.19907338702086935,0.1806417255577481,0.3125133426161404,0.12699583156665703,0.2196004091942313,0.25893280549836384,0.10498216270326789,0.05732224302396114,-0.016080124890264117,0.1386240891492995,0.30353818764166585,0.3030225536649496,0.10508241294356427,0.15771901155477452,0.0665515950781019,-0.04342448682393513,0.24439964256735464,0.08342488146256269,0.2769851346306528,-0.001997647290834015,0.3901132487299547,0.05551201224471103,0.2727462028505518,-0.09912095290673144,0.14973723205756959,0.2171704556822845,0.36981451705838536,0.12222077892469185,0.5620666107268006,-0.032040795939538694,0.9474796874437403,0.5161959904445281
16.08,-0.04156500339742134,0.03809878922482832,0.003857814195054508,0.09694409147819583,0.2358302346468952,-0.014780262068036515,0.11656546190933303,0.023351233744367806,0.2007169890076588,0.17487340046901745,0.2951655805530477,0.11400852611110827,0.2098997550055195,0.2522613558413859,0.09466104304842052,0.0534727050244711,-0.01869858901458251,0.10778152446463855,0.2879687711995374,0.30630553088783585,0.0863995555290213,0.14690028854659337,0.058059642816922,-0.06174501928549296,0.23064792642634432,0.0749031234656208,0.25355592141265115,-0.017210306724240457,0.35630461694235593,0.041063526285279636,0.23197119577788816,-0.1035063573435174,0.0869922655815509,0.21175995618144933,0.3549992548761387,0.09628667583649088,0.5356706445210222,-0.055725795607906414,0.9097538395295405,0.49298397735562755
16.2,-0.04570648653085825,0.040492955131151025,0.0014345239445740553,0.09421814924351907,0.22812138436205925,-0.01979645584639773,0.10848935521819471,0.014136815985221492,0.20130799555607856,0.16740890467800024,0.2770518945392142,0.10088498497846646,0.19967274713024744,0.24382368278976002,0.0838476638306225,0.049562736056928014,-0.02248443033805818,0.07591347150428965,0.2713995731748342,0.30678706592563953,0.06694335894771583,0.13573889421976534,0.04942911923322711,-0.08073728353284024,0.21679467621523427,0.06611815445264604,0.22812381471209486,-0.031652643520774175,0.3209484209429372,0.02688267124926976,0.18893658550379067,-0.10944428726903041,0.022071570232047283,0.20824068234810938,0.3397350634811154,0.06960922307477807,0.5086486904204035,-0.08001467616691949,0.866995263527911,0.46883364022651186
16.32,-0.049717466771924304,0.042980363471008226,-0.0008218991258476958,0.09139880065832989,0.22023033558879512,-0.024720864283892353,0.09985248504705128,0.0054533709116732065,0.2007475886861141,0.1583587510783313,0.2583165065635683,0.08769287153872429,0.18917342547639548,0.23369167699303348,0.07267928418326015,0.04607212047109882,-0.027479457290553354,0.043383562462842626,0.25387551945217945,0.30472669077814957,0.04683984736098268,0.12418322601082599,0.04089249890718765,-0.100156970483379,0.20306295187366258,0.05714265905649737,0.20125916861908053,-0.04494723325538197,0.28458389437662485,0.013728255763122754,0.14386723680844313,-0.11730165801506286,-0.044256147353978065,0.20646759608546156,0.3238960413450196,0.04274210881859727,0.48119655712681886,-0.1040771940891871,0.8197929654206619,0.4439895741396311
16.439999999999998,-0.05345524507609996,0.045599658992203314,-0.002980582557453428,0.08843077730876805,0.21220284746114637,-0.029492313583961354,0.0908309029067908,-0.0025733501876896193,0.19908651075339584,0.14785975253209246,0.2392306177758416,0.07449134964516768,0.17866600513710804,0.22196250033444131,0.06133641917854618,0.04343100315067377,-0.03356758866359844,0.010646621977488446,0.2355031722685829,0.3004119200472707,0.026256795805111817,0.11231010785460935,0.03261503745948139,-0.11974162829178348,0.18985339584098718,0.048023841617162076,0.17364109531434105,-0.05666137016819025,0.2480021035062525,0.0023383624934360282,0.09730178059643932,-0.1274305395686645,-0.1112659898781875,0.20626765128678018,0.3075349981337833,0.01614040851988792,0.45373889172477316,-0.12713126055403254,0.7693483009078581,0.4188034509642325
16.56,-0.056769916326309115,0.04828017366753995,-0.004986524266893485,0.0852651631858993,0.20398141401199915,-0.03412007717495871,0.08156128716749071,-0.009884174300015374,0.19646210044610077,0.13597221344947683,0.21998815485433404,0.06133319609940723,0.16825182535228228,0.20885014331079255,0.05004195992394068,0.04193274139142588,-0.04044563965055132,-0.02194381813660835,0.2164452544168612,0.29431459126095116,0.005371665274600951,0.10015006887025225,0.02469584110315586,-0.13928740386902894,0.1774287160025759,0.03882553949108629,0.1458774177204454,-0.06649527580209516,0.2120058413914137,-0.00688314018339883,0.04995352342758578,-0.14005120069554505,-0.1784850436712067,0.20731231329138688,0.29075266495571583,-0.009777032041686146,0.42661193685618176,-0.14831538261255234,0.7169209420223672,0.3931271702323617
16.68,-0.05954806312043059,0.05093631579567449,-0.006652121239516626,0.08192082112568563,0.19539438635408402,-0.03861858809026797,0.07209865418240828,-0.01640110998758442,0.1931508158378798,0.12286538022264583,0.20064926677029293,0.04833212934482744,0.15776236474405106,0.19460993616111058,0.03895287466101242,0.04181117018219578,-0.047782520513450305,-0.05417859090249383,0.19676105332866134,0.2869111128228236,-0.015574473860290563,0.08760226626165489,0.017242424558486673,-0.1585836125755278,0.16576271281068805,0.0296738407069822,0.11835939805044512,-0.07437633510754241,0.1770353597151424,-0.01387274832888324,0.0023819697078419633,-0.15510704199522818,-0.24564712158337737,0.2092694322501199,0.2738162452996702,-0.03467450921115588,0.3997307942637014,-0.1668587123072065,0.6635346812469531,0.36622144755132163
16.8,-0.06178553321554813,0.05348108860060102,-0.007923195979598882,0.07845124438820478,0.18636045625923292,-0.04302774143674393,0.06236893893541354,-0.022030814001599335,0.18929877448649818,0.10892213166471242,0.18138220732221016,0.03561061679028479,0.14703873705345002,0.17962624178086237,0.02832306522830605,0.043093725199758744,-0.05540476723628737,-0.08561157712602732,0.1767146658304447,0.2781171764931215,-0.036001570758602,0.07464825727780497,0.010427060905721658,-0.1772629638315143,0.15475805506599202,0.02060772581654806,0.0915782118034424,-0.0804640888125098,0.14366592251575463,-0.018434193070221972,-0.04466523858712962,-0.17183525044177472,-0.3123541600869021,0.21175045642856352,0.25716358402958556,-0.05805095599476119,0.3729093558552841,-0.18191313022590255,0.6105470891331717,0.33787403720516807
16.919999999999998,-0.06359265945401023,0.0557095033515608,-0.008957562483906636,0.07489353685628874,0.17683481091434686,-0.04742622032427443,0.05226405570775925,-0.026885515750446405,0.18462392903447641,0.0944840332486711,0.16245548101935592,0.023157914107371502,0.13605771035747471,0.16425206483302787,0.018283960426864063,0.04560724988927935,-0.06321897464226552,-0.11561006071749144,0.15672093119516184,0.26728600672732816,-0.05536640437855741,0.06131087159049821,0.004343881750373818,-0.1949968031595574,0.1442484378432551,0.011546467102480067,0.06612281677141398,-0.0849227505697107,0.11263043540527844,-0.020417444534261826,-0.09036106492565454,-0.1894558115413253,-0.37793043331843645,0.21423663982195676,0.2411091725376193,-0.07937844655774337,0.34609930093959235,-0.192892827337648,0.5592968243244246,0.3085039352389577
17.04,-0.06511182082290054,0.05738925538556331,-0.00994121410247444,0.0712512183673246,0.16680616883356542,-0.05185367490140423,0.04185193674113647,-0.031117479984507812,0.1787434827338034,0.07988833317249351,0.14417983491557068,0.010908881942622559,0.12478182890919091,0.1488580562415823,0.008843121983128541,0.04930693892137664,-0.07107215053688945,-0.14346225238370697,0.13713213847339964,0.2540419016915936,-0.07324973950596451,0.04775916990607013,-0.0009895034195273149,-0.2114773140333348,0.1340583230536647,0.002594855117825888,0.04248041813877677,-0.08776703419330624,0.0846440402382344,-0.01970245859821886,-0.13372677125647775,-0.20734315427005107,-0.4414202535708893,0.2163731219839453,0.22581377715853043,-0.09826617388610423,0.3192871629034941,-0.1996302407697415,0.5108895739906218,0.27852097425969424
17.16,-0.06643227648883494,0.05838696727948742,-0.010944069440833868,0.06753635330403032,0.15635169854969524,-0.05631957437677867,0.03129279698364484,-0.03481869745032859,0.1714977113110785,0.06550845658390557,0.12691233053466278,-0.0011689907814459964,0.11321949144108776,0.13377552736402498,9.897532869260033e-05,0.054185459465818916,-0.07877898759082488,-0.1686233508811176,0.11822783387332209,0.23860288426303683,-0.08931649949951619,0.03416756933620198,-0.00549807329033378,-0.22641071647530117,0.12409185009653023,-0.005996708269614229,0.02102288328462304,-0.08902506636920113,0.06023188440558422,-0.016300682658789412,-0.17376186649386963,-0.22505440357426565,-0.5018890535173082,0.21802681843065755,0.21132365715531073,-0.11444755595977175,0.2926470559239115,-0.20211616312043237,0.4660018811668043,0.2485256007603244
17.28,-0.06758779417180018,0.05868731206269001,-0.011873677017731038,0.06386168773369078,0.14562608527469073,-0.06085310290011315,0.020770853143923622,-0.03788632539383534,0.16306025214404757,0.05169531564573284,0.11104243818300924,-0.01299006801792018,0.10153033177692691,0.11930983275285348,-0.007766106508491024,0.06022167947322719,-0.08600097718365601,-0.19073060435319658,0.10030628052898952,0.22136402188582768,-0.1032478135788681,0.020906577992792788,-0.0091467747921375,-0.2395739785060748,0.11432062553493265,-0.01389209914897684,0.002206748494554704,-0.08866133365385676,0.03981473646018072,-0.010210111516956041,-0.2096523560597056,-0.24209177685431071,-0.5582659830649958,0.21915192006509576,0.19778054595426703,-0.12761951488148743,0.26661860892463085,-0.20027920004525734,0.42534110453474433,0.21947567474313537
17.4,-0.06856153354248098,0.058356687677373315,-0.01258265301861893,0.060409900282481936,0.13483239956557816,-0.065419452947966,0.010421256556436758,-0.04008580537746884,0.153709546325857,0.03882045339038611,0.09689701494647043,-0.024501369913906976,0.08997708631392518,0.10575349364399149,-0.014614170641710241,0.06733580634284664,-0.09232372403579567,-0.20940085905051267,0.08377262386684507,0.20271584920690447,-0.11471012548397556,0.00850895355521979,-0.01189886864593644,-0.2506777872246898,0.10459898615516013,-0.0207004048664745,-0.013451880009505854,-0.0866679910861989,0.023934959027571923,-0.001388655504928801,-0.24047313028383102,-0.25762943000941607,-0.6093385611704732,0.21985944008288005,0.18540493757995982,-0.1373951938875172,0.24172042312506353,-0.19399870792252105,0.3898104865974044,0.19250181442198244
17.52,-0.0692973686943992,0.05747239990338477,-0.013032616309754181,0.05734554356383062,0.12409894205601171,-0.0699791942376145,0.0003800155188755112,-0.04123403587078621,0.14361469367576501,0.027328405965493414,0.08476322462566901,-0.03565970505041409,0.07885131850463942,0.09346787059152399,-0.02038189306188537,0.07538945260570444,-0.09740860148707643,-0.22434297582026283,0.06906022222606467,0.18296269587152286,-0.12342155659930763,-0.0025544279550353457,-0.013734146848182135,-0.25939338844868176,0.09478573956153294,-0.026109366140392415,-0.025529695269248705,-0.08292487561609505,0.013120322391276595,0.010038332222470789,-0.2653772784729977,-0.2709592648647018,-0.6541078048972806,0.22060997636109766,0.1743427853460333,-0.14353041297380617,0.21846196005762755,-0.18339079177275056,0.3602068445123745,0.16881516725792658
17.64,-0.06981563062488,0.056100309747098544,-0.013214029646433924,0.054724548333896596,0.11358931129828122,-0.07443306654029797,-0.009203424877655984,-0.04123111218719514,0.13297680035151963,0.017667740633413125,0.07484497653078932,-0.046370767401215526,0.06845989298839138,0.08281023897969872,-0.025095357028873763,0.08417631510893317,-0.10104005923904272,-0.23548245025191264,0.056471401520560155,0.1623141806854504,-0.12916898083686604,-0.011795977884481341,-0.014680587929071084,-0.2655811948007621,0.0847721453056451,-0.02998784914624137,-0.03375242456594143,-0.07722753071573327,0.00771217637237602,0.023637019788350283,-0.283973789862387,-0.2812805721303919,-0.6918723423319476,0.22171604770675327,0.16454562862864575,-0.1460142709964748,0.19726630663611994,-0.1688348933333257,0.3367670885583148,0.1492847937594259
17.759999999999998,-0.07024892099806546,0.054239003274801224,-0.013182762798555127,0.05244624728607153,0.1032577548666479,-0.07864489930386576,-0.01827679545313324,-0.040077966704446924,0.12202379925637344,0.01001200286274915,0.0670588792427522,-0.056414467777549895,0.058818495958658595,0.07394474286491608,-0.028837816761891,0.09339128670210144,-0.10315578974924931,-0.24308481254048708,0.04607473414148218,0.14098414830332834,-0.1317512879349036,-0.018887987386723436,-0.014796393200462402,-0.2693473419630545,0.07427201619938824,-0.032242840437343934,-0.03815248543488846,-0.06964275896901796,0.007489546760346181,0.03879408160256974,-0.2964579003010247,-0.28776010778274824,-0.7221850080924543,0.22328881858075067,0.15596804419070923,-0.14485413801262967,0.17786225846832673,-0.15091799902976538,0.31919938156281114,0.13353396406383491
17.88,-0.07072372746991125,0.05180815932904504,-0.012992881736112117,0.05036162220988323,0.0929684235885036,-0.08250477894264711,-0.026844404661269743,-0.03794883130671449,0.11093197175071487,0.004359472742368979,0.06104245438542879,-0.06563185641868047,0.0497088758142611,0.06697829343181574,-0.0316961161488471,0.1026268769054419,-0.10388548923351532,-0.24748239338435774,0.03775652591532639,0.11917833076525612,-0.13115693087119587,-0.02371212963632848,-0.014100326686795457,-0.27074867162316407,0.0629420848872244,-0.032944520395194604,-0.03907506309992661,-0.06048660289061868,0.011703156879444359,0.05493964954323234,-0.30345293401832163,-0.2895298459714459,-0.7451198150901803,0.2254505111508819,0.14863902226821316,-0.14011654848580596,0.1595368229583783,-0.1303233726700653,0.30657495813558927,0.12034047162871817
18.0,-0.07132927350818585,0.04877414636274359,-0.012515044008813562,0.04835125889586249,0.08241804335496308,-0.0860038488006153,-0.0348203678737928,-0.03511345533520174,0.09985489229230055,0.0005884564393965645,0.05616221431153855,-0.07395644140541585,0.04069740361618922,0.06187678685961551,-0.033725868294067235,0.11153501357816605,-0.10328677832238532,-0.24922532220471227,0.031190378997608036,0.09719925537342548,-0.12746777250095176,-0.026333500677209232,-0.012638809847535822,-0.269778155197475,0.05036790313495205,-0.032321222492881385,-0.03731469834564407,-0.05025570387636203,0.019094699233864736,0.07164688194363689,-0.30596521882631944,-0.28581271297987637,-0.7611728681995467,0.22783096458659594,0.14256550987886074,-0.13213397423865475,0.14115479411512688,-0.10774169171379469,0.2975135644869028,0.10755918589256724
18.12,-0.07210152410057957,0.045190757947354034,-0.011450493382727354,0.04635337605999527,0.07127757665312866,-0.08909550340807937,-0.04213509177802022,-0.03185281412843387,0.08910723522304242,-0.0014938456002153398,0.051687910474541736,-0.08142866168202706,0.031337960853106445,0.05849992087747026,-0.03498791294592152,0.11996249947148419,-0.10133802335438422,-0.24875406891224106,0.02593857823837993,0.07533563545570894,-0.12083593022028945,-0.026880652592601695,-0.010442915550679707,-0.2664513053901585,0.0361184633444498,-0.03063925752271935,-0.0338306585594166,-0.03944703594786084,0.02829862125260418,0.088818642983351,-0.30513622616794905,-0.2759581984938503,-0.7710403684140299,0.2298166070559543,0.13768789920497615,-0.12156108896875768,0.12154513078082016,-0.08347497029619307,0.2906863671346491,0.09333329609153068
18.24,-0.07303624969057175,0.04112348508228194,-0.009455865842749555,0.044357103533187614,0.05957855844266594,-0.09172254877595344,-0.048764921243760015,-0.02838304442173297,0.07905213917348722,-0.0019184204687327795,0.047273579621270684,-0.08805105056074687,0.021515249886629815,0.056881054245760496,-0.03565021111575941,0.1279447805411488,-0.09807949084787683,-0.2461509291063875,0.021549946697880896,0.05381502438132625,-0.11155546281185691,-0.025371472247510615,-0.007536167127166057,-0.2607735154452654,0.02010223484408642,-0.028189556763148656,-0.029330910759051237,-0.02834436004869202,0.038310620153657174,0.1064941365949944,-0.30195353862694396,-0.2595765745685694,-0.7753618565606364,0.2312193469579693,0.1339941857781466,-0.10890215431082931,0.10023625314578316,-0.057791041536374065,0.28484483844855035,0.0773201277189042
18.36,-0.07411511250405434,0.036645539782357,-0.006400438228032733,0.0423324028870964,0.0475792898184175,-0.09384639611155376,-0.05460983230630859,-0.024873385384805533,0.0698663573860736,-0.0004661816196290815,0.04294200456144621,-0.09374419345955015,0.011326332260045292,0.05735188465613584,-0.035814610354582846,0.1355425849207541,-0.09345758332999958,-0.24123830936114138,0.01774471110376515,0.032687529525083525,-0.09989387682059284,-0.02176053488622476,-0.003996961516312121,-0.2527380321251384,0.00266159862104284,-0.025259099863364057,-0.024190256374111593,-0.017287280108378204,0.04846861473972273,0.1246394498400502,-0.2969494849784031,-0.23607045259183135,-0.7745199367720947,0.23216792690466653,0.13167454598785355,-0.09426383232693945,0.07733293020821158,-0.031215238610440118,0.2794561842018749,0.05990959961678364
18.48,-0.07525833680904483,0.03181079374984392,-0.00246486414134229,0.04021948345649959,0.03571252481875229,-0.09540465104433815,-0.059541721537268597,-0.02156238528374188,0.06142091278025588,0.003083015062436975,0.03900188223833206,-0.09841293865054952,0.0010169447213164325,0.060393465903339036,-0.035448082704784424,0.14275594628379784,-0.08742597780450463,-0.2336529163170299,0.014423624126468327,0.01171026706347936,-0.08614479729906153,-0.016096462631534955,3.136158674897898e-05,-0.24230623425767345,-0.015560428562701309,-0.02205477430873965,-0.018457698213947056,-0.00676178652474141,0.05857801215951269,0.14305808425341704,-0.29011763760764236,-0.20491438653454574,-0.7685948653539966,0.23306330924503638,0.1309168400916836,-0.07756133409262668,0.053409616532220844,-0.004361107846577089,0.2746182819531882,0.042029119820507416
18.599999999999998,-0.07634380055573439,0.026635987934129243,0.002170772372666909,0.037983042071978466,0.02435763470102908,-0.09628948968113907,-0.06352352711283746,-0.018689102506743712,0.053615672265803715,0.00871953569442449,0.0357170548438252,-0.10199188742295692,-0.009140946796087498,0.0662226812382135,-0.034475880551873464,0.14959942837977164,-0.08006951780748697,-0.22314409231865348,0.011498259730255613,-0.009159886365438293,-0.07066509674468067,-0.008694219972099704,0.004434512868015285,-0.2293037073626289,-0.033911340377106455,-0.018775381238586755,-0.01211813305365691,0.0028808752323878388,0.06877333336562212,0.16134341617464185,-0.28138856617804064,-0.16665732978560988,-0.7576616469292036,0.23419344850639257,0.13159419559560978,-0.05894378943512491,0.029207872626958595,0.022063168049989475,0.27046892943487444,0.02459686722114613
18.72,-0.07723457389388827,0.021140213950636106,0.007492516510819969,0.03560689749301191,0.013518851423024144,-0.09643037229128017,-0.06675001228640984,-0.016345586864415073,0.04647972918383035,0.016051981380462568,0.032929754884090195,-0.10444843508009494,-0.019263103358503723,0.07438456654886422,-0.032969718068746906,0.1560554387572293,-0.07156527512273135,-0.20994552343364692,0.008756218141887479,-0.029847728612933347,-0.053947834461060676,-0.000230947662970854,0.009063882498777168,-0.21391261684702384,-0.052035649231736744,-0.01565679220522518,-0.005272575466651639,0.011397210744853612,0.07893060856773719,0.17894190365805118,-0.2711518548073792,-0.12291967954655698,-0.742138886572393,0.2352390254012896,0.13320577879875029,-0.039115964569083936,0.004926226951084439,0.04736161410419088,0.26668798463783305,0.00767949911881698
18.84,-0.07780918438886844,0.01539455365255535,0.013516989773562473,0.033107589382121494,0.003143384891586814,-0.09577993383455055,-0.06951787862197029,-0.01462295892281499,0.03993962345212492,0.024591989513442096,0.03031636171009447,-0.10576192835852999,-0.029553935815533054,0.08401927723116566,-0.03110070397888095,0.16210378418859495,-0.062089568159186294,-0.19458027802585293,0.005911502005207638,-0.05059054794073807,-0.036599419536131404,0.008403103992367308,0.013738515747734688,-0.1966353609758773,-0.06978413715933164,-0.012874602036807967,0.0018427303000333104,0.018589198651056585,0.08869170534728729,0.19531968402988156,-0.2601341460040633,-0.07608180613144398,-0.7228763418806079,0.2353725904694333,0.1352682460115065,-0.019227840231039905,-0.019462706317599582,0.07084715998503434,0.26256825684432405,-0.008618877694946068
18.96,-0.07799726276255738,0.009486556443725822,0.020116806129473037,0.030563388411678886,-0.0065960494294829706,-0.09422221405085959,-0.07203527203491303,-0.013516058142911107,0.033805268936843054,0.03384260637695719,0.027688727156120394,-0.10589893745453255,-0.03996055830665492,0.09435030446017065,-0.029019602484983496,0.16774725020235293,-0.05175297420205009,-0.17768496019478697,0.002689649936819724,-0.07180753418126451,-0.019289202449544622,0.016426667649239897,0.01832028811950858,-0.17807446994788434,-0.08701150231143663,-0.0104390887453367,0.008930674369123499,0.024547204887961,0.09761974348339986,0.21007983375228761,-0.2492516299231056,-0.028293725930634863,-0.7013024897776441,0.23417508615048133,0.13740006329558463,-0.00048497693541443496,-0.04372573250081718,0.09203340886392167,0.2570735048523858,-0.02363554895267736
19.08,-0.07780755257473926,0.0034489153714112267,0.027071495473228603,0.02804693055900319,-0.01562598736063894,-0.09154894995930545,-0.07445254546437825,-0.012879646143881634,0.027930805090678766,0.04326289276925925,0.024834685430279103,-0.1047810987590356,-0.0503496600704082,0.10480426437172602,-0.026934481509192466,0.17306696050449769,-0.040633828888516424,-0.16021166092188366,-0.001240181365061864,-0.09374424260748199,-0.002658647611749578,0.02317522516398522,0.022685273058852727,-0.15878367268660487,-0.10368977224377739,-0.008327295936781614,0.01554739415522833,0.029478127261292092,0.1048482180194301,0.2228309116325437,-0.23958277674464057,0.01832653281751595,-0.6790349764808545,0.23195815505239187,0.13917574234435923,0.015926847062043958,-0.06784683828209237,0.11060469890236131,0.24894268806565467,-0.0373940495751321
19.2,-0.07728684053659857,-0.0026880792951430523,0.0342013012531389,0.025640491266255686,-0.02396183276802589,-0.08765221270080462,-0.0768331409712884,-0.012551068338333572,0.022308877160519484,0.05244892100954993,0.02158087631670157,-0.10244833599103562,-0.060468192153505324,0.11520875037695888,-0.025089274804042258,0.17818235871569948,-0.02876210499939492,-0.14282649298111602,-0.006091468021144101,-0.11621718261402761,0.01289106138404493,0.028373569221172325,0.026706746128961296,-0.1391029446033563,-0.1199290616758109,-0.006514776594479302,0.02140049160948377,0.03360592256475009,0.10971021655839125,0.23349283064795595,-0.23160551806531088,0.06236964348002294,-0.656936808470281,0.2290032458780645,0.14009033668145557,0.029385714465130837,-0.09175475052716721,0.12662910683842055,0.2371257039470292,-0.049893541129765406
19.32,-0.07644524668694341,-0.008898036585451062,0.04137760376212371,0.02343952131102135,-0.03152429249376625,-0.08266330652178387,-0.07914863206394127,-0.012294194701258676,0.016924805943179584,0.06117739632467756,0.017975344249237864,-0.09909245217558255,-0.07001996352858957,0.12577870978352906,-0.023736216792052078,0.18308640766723375,-0.016173505405036908,-0.12567189197111558,-0.011803022543238853,-0.13893465497802163,0.027102100575704658,0.03218768330738727,0.030341683214993476,-0.11910140436954433,-0.13592281127153863,-0.0050310828898366975,0.02637753238308283,0.037137034868679794,0.11212344867899816,0.24232674404176827,-0.22506090446243943,0.10374675632946098,-0.6349738852268381,0.22524904231556236,0.1398846677219696,0.039844490578870066,-0.11505691532237097,0.14055013049035134,0.22131301118571453,-0.060598907540870196
19.439999999999998,-0.07525878008907165,-0.015125226212695003,0.04862113184966134,0.021501690715011408,-0.03837532111420524,-0.07681864648590385,-0.0813556729134509,-0.011838053900012326,0.011799325053866938,0.06936088106711603,0.014030203384974134,-0.09497692882185511,-0.07897319774007569,0.13670559180979097,-0.023051920019603638,0.1876722886385102,-0.0030598074060469854,-0.10890425514522861,-0.018291029737873873,-0.1614381249587079,0.039674915248945834,0.03493774080019756,0.03348353460505474,-0.09877811253724755,-0.15184428206332892,-0.003996823443684867,0.030238379119073223,0.040257199063523014,0.11199108161834327,0.2494963449534445,-0.21969425385373625,0.14246318132989033,-0.6129784815474042,0.22046640272877313,0.13851436466016342,0.04729273709357337,-0.13780066068142405,0.15249533081659863,0.20158100061284934,-0.06982253627387192
19.56,-0.07367048123333715,-0.021291683903822734,0.05605364313269501,0.019782391793126283,-0.04455852018526776,-0.07016921020725972,-0.08327207442507459,-0.01092389339690918,0.00721003838767083,0.07712483797250015,0.009953128821962382,-0.09031202005885458,-0.08725576712530296,0.1483586273978988,-0.023070415102335783,0.1919180737011067,0.010376225007998917,-0.09230989645561703,-0.02531973229182074,-0.18306292110383907,0.050626666175416134,0.03716664386967677,0.0359938954034984,-0.07794186791685379,-0.16755036934405126,-0.0034393007758994967,0.03314356263810494,0.04333555437164663,0.10966353560261508,0.2551692104674441,-0.21466956418787403,0.1786057233953963,-0.590260333049588,0.21453760785555823,0.13609651755665678,0.052097347937718766,-0.15991621908642062,0.1626139711560523,0.17873827823899885,-0.07771801322617466
19.68,-0.07163207866068952,-0.027248308242215337,0.06382670486089792,0.018173066911527713,-0.049990134042629315,-0.06258304924583184,-0.084639166200103,-0.009458014087488907,0.0035142069274305735,0.08456852677144892,0.006026350084578559,-0.08531507120399298,-0.09463986470646892,0.16119405936187398,-0.023917602440812067,0.1959329357576848,0.0240400284949567,-0.07524351483027379,-0.03248907863886388,-0.20311474977948996,0.06037758139489525,0.03949193000716772,0.03782487669191202,-0.05629688291995621,-0.1828355251213956,-0.003174817207601139,0.03562781728513317,0.047001882127945524,0.106061637297128,0.25986890089899417,-0.20850494575199063,0.21249602175672794,-0.5655645781924861,0.20727098531591695,0.13263812069748232,0.054898854541341933,-0.1810085585076251,0.1713949166105461,0.15379829735119635,-0.0837302423811829
19.8,-0.06909795069589689,-0.03274045458444087,0.07212013577161248,0.016529228803755402,-0.054705368064671654,-0.05400438657971145,-0.08521626046087166,-0.0075094228545651825,0.0008287566120082791,0.09157643531394999,0.0021228420699519373,-0.08042483620279743,-0.10109716826908856,0.17535794788753828,-0.02595969161025629,0.1998060461289509,0.03781214948680811,-0.057471992117816645,-0.039582853315720715,-0.2210663182067571,0.06928260048073111,0.04206078470845773,0.03893525890282627,-0.03368578951248192,-0.19780795901369252,-0.003074863448743809,0.03787354715424195,0.051617261515528395,0.10182980609104846,0.26391843338668863,-0.20039648857446993,0.24411521744901843,-0.5384868319378346,0.1980420866865441,0.1278419065987061,0.05593195308338463,-0.2008568794785166,0.17910588123289056,0.12690600016293327,-0.08738151434329074
19.919999999999998,-0.06603963376671215,-0.03753450739498051,0.08099545455394282,0.01466151764590883,-0.05887223913106797,-0.044485686821160206,-0.08480588078826024,-0.005227157962465421,-0.0009019989618094074,0.09778190047298875,-0.0022670846140997636,-0.0760841474778133,-0.10684791362460078,0.1906425168792493,-0.029487189484112004,0.20349266487257223,0.05138556319175931,-0.039265048057534425,-0.046678088968305304,-0.2367226780417524,0.0774920122880039,0.04457696992740584,0.03923122287635599,-0.010038599639940252,-0.2128369819901838,-0.0031897606098876107,0.03971725604944529,0.05722260129386071,0.09699705719672921,0.2672396032570046,-0.1904791985187498,0.2730027893312571,-0.5093850611649076,0.18618495032067717,0.12137386794771907,0.055247608809161165,-0.21968723766558734,0.1858788356716938,0.0975679922800446,-0.08902642908411769
20.04,-0.062516822814903,-0.04158407854254021,0.0902854514809366,0.012449235014059274,-0.0625480616979806,-0.03424014095317992,-0.08331248546797028,-0.002720941162481107,-0.001965119113907535,0.10279463245733712,-0.007611925376808238,-0.07255840604328916,-0.11205917327275967,0.20654048790461982,-0.03457592690224355,0.2067700118226792,0.06437462130666398,-0.02086148629636727,-0.05383391507833289,-0.25024048698055557,0.08503022877123392,0.0466452332054014,0.03860006188905489,0.014517910834838173,-0.2281605702561353,-0.0036879200655056442,0.040996030146082274,0.0637560146419657,0.09149908345811966,0.26958408646811655,-0.17907586033201975,0.29869606365026513,-0.47881023368037295,0.17142177007644618,0.11307344693637224,0.05301934945496111,-0.23776266835520693,0.19170663052990267,0.06550372891012406,-0.08905555210689658
20.16,-0.05863456742434633,-0.04497869012843518,0.09968101568301958,0.009877203721223218,-0.06574381955213505,-0.02356184718650499,-0.08069733913392857,-2.723590682588567e-05,-0.0026913388623585853,0.10640417846092753,-0.014083201755697987,-0.06998108184774024,-0.11675298337848082,0.22247285489566546,-0.04118139518692157,0.20934139318214287,0.07633098577277339,-0.0024831928295651513,-0.061061191649192006,-0.2618865295792181,0.09177949506229607,0.04787119739159257,0.036975961245419874,0.039500204596534444,-0.24373708090630503,-0.004877141474902426,0.041648761553768746,0.07100169957355326,0.08524886934624341,0.2706765148989725,-0.16661072723916165,0.321076397893013,-0.4474996768632717,0.15389180457384943,0.10304525619960134,0.049453965846958964,-0.2552278015747502,0.19648565385971367,0.030788890286984755,-0.08783687652305232
20.279999999999998,-0.05442625901836134,-0.047787358220418574,0.10880976595878639,0.007021661156280733,-0.06855900163079487,-0.012645679170297658,-0.07696195005986052,0.0027441380361874377,-0.003215037135273303,0.10859313213671654,-0.021526218828917455,-0.06842592429071982,-0.12083444496689884,0.2379084980374882,-0.04921080201681116,0.21111831985131213,0.08690936272105007,0.015584892630514822,-0.0683173436131482,-0.2717314436359124,0.09745982175356152,0.047934290418707365,0.034352604493518915,0.06426631569516426,-0.25914464919913804,-0.006862437635562361,0.04162851935819169,0.07868499083001211,0.07799805361032652,0.2703087975864426,-0.15372554024510524,0.3401667965808375,-0.4161935715383392,0.13425842037544514,0.09156539785756873,0.04472986847045039,-0.27228367165898526,0.20033618296489147,-0.0064510630627682836,-0.08587318234511584
20.4,-0.04987710226421689,-0.05009967658130567,0.11731461455630604,0.0039074757197073064,-0.07110627577839675,-0.0016651995862636635,-0.07222209179550163,0.005442952183416137,-0.0036147282407511493,0.10943717118114306,-0.029679035641769578,-0.06785975106204603,-0.12416839566652604,0.2525269369313081,-0.05855463445879161,0.21216147670185045,0.09590740071086257,0.03303633638947524,-0.07549089259529015,-0.27996782296465794,0.10191618969957592,0.04670605951302047,0.03075224422337707,0.0883697404803606,-0.2737964060903171,-0.009559966851164732,0.04096745633958459,0.08639466247471735,0.06953525608262916,0.26828192261522177,-0.1411404166735343,0.35623854212222045,-0.3854893382911732,0.11349291503743053,0.07894048545159274,0.039064305095002895,-0.2889796192349578,0.2033778249315181,-0.046041818095603024,-0.08349479038815756
20.52,-0.04498933680745141,-0.05204378065677889,0.12497377211552743,0.0005748410523494073,-0.07344692816219181,0.009196182047742554,-0.06670648592708564,0.00795915924193592,-0.004115045415840717,0.10902352871987475,-0.03828406936891326,-0.0679945777523174,-0.126719798457496,0.2661792298293658,-0.0690160316209266,0.2124884895791096,0.10323217171117346,0.04958214799793653,-0.08234108051464047,-0.2872501324746547,0.10512951536955624,0.04422526155324807,0.026185445061490786,0.11154878195588644,-0.28736894390506906,-0.012732113993842048,0.03970970580441291,0.09385210755624751,0.05971401097115526,0.26454447351062593,-0.12945452174052335,0.36943154940871636,-0.3557419133776038,0.09250874456568865,0.06576815584024527,0.03281452408382789,-0.3053328750103788,0.20558549882847132,-0.08754183701945784,-0.08092911989681596
20.64,-0.03981301625167138,-0.05368909906701446,0.1316666836539448,-0.0028438835019145943,-0.07562513334354837,0.019826682829926515,-0.0606230174619112,0.010270954351111425,-0.004963644689113096,0.10737331607818196,-0.0471675211837316,-0.06842173459495399,-0.1286677954620949,0.27898556404733293,-0.08022692269566337,0.21208632732133847,0.10895466453464009,0.06493703474761038,-0.08850627541316924,-0.29436743421875977,0.10719272569895302,0.040472911041192015,0.020680173860417025,0.13374566154595433,-0.2997837511451066,-0.01596074642191757,0.03782129322346133,0.100900456392982,0.04843170888309629,0.25909184308376243,-0.11902689357246854,0.37979490466901644,-0.32710930234893354,0.07172714936624627,0.05267025595238212,0.026555634980242923,-0.3215377231483051,0.20672968748822398,-0.13028507242336537,-0.07872154939536562
20.759999999999998,-0.0344456613480033,-0.05507452491886484,0.13728902711812846,-0.006201018588065465,-0.0777432334383083,0.030119619834356216,-0.05403464481432189,0.012317159519219398,-0.006303041019119205,0.10448068029076817,-0.056253887666745654,-0.0688881487711698,-0.13033842381904392,0.2909208674509834,-0.09170499693505298,0.2110560064980022,0.11329159199132918,0.07879547857560609,-0.09373136054476287,-0.30210578217645495,0.10828298916537321,0.03534899854865087,0.014347684836408608,0.15502584134738184,-0.31090232252265554,-0.018912567500550894,0.03517274897719433,0.10748020605232789,0.03558409202100705,0.2519963917215212,-0.11010478619245496,0.38720033111540325,-0.29952036023065165,0.051484570176391284,0.03995001506395583,0.020915075767696745,-0.3378598155866659,0.20683198829869695,-0.17337022190370144,-0.07779478496597621
20.88,-0.02898523678909312,-0.0562680261156127,0.1417814446592236,-0.0093466899608135,-0.07996838208166177,0.04005076258840792,-0.046875224063991715,0.013988909949978666,-0.008233999268695226,0.10033094694902449,-0.0655380446821541,-0.06927288204542517,-0.13207298499737943,0.30176310712162424,-0.10295195644984244,0.2094739287505334,0.11646556298132889,0.0908244923176407,-0.09794065122702753,-0.3111428106246433,0.10849685143534524,0.028791655902381107,0.007353826854719513,0.1754044968330104,-0.3206446403443378,-0.021420401351485808,0.03167193932203546,0.11364555476074065,0.02111463818424561,0.24338024528904684,-0.10304177536874448,0.39118618124927607,-0.27284634664396923,0.03229380363367165,0.027705576912190673,0.01620041286922445,-0.354559249108012,0.20617674808832745,-0.21596349373578924,-0.07917735349031144
21.0,-0.023512032400611428,-0.05729824058984173,0.1451542686863085,-0.012177414902869381,-0.08252475955772814,0.049529241785844516,-0.03920865517959063,0.015192837242744556,-0.010902080640112,0.0949782743466057,-0.07495899732372227,-0.06944314440893905,-0.13411674128869494,0.31126869905362725,-0.11340472918488911,0.20733963035606962,0.11865363412705943,0.10059939832868942,-0.1012523129029329,-0.3220328924995716,0.1078168789427274,0.02081018443944605,-0.00010224353071611356,0.19472796023127825,-0.32890890270060136,-0.02341368226759462,0.027178013400045723,0.11959688216854746,0.0049037481248030285,0.23331655234894258,-0.09825187142307365,0.39149534332936986,-0.2471353328365628,0.014990467979582749,0.01597321433772285,0.012368633903509754,-0.3717537449955909,0.20493135918746236,-0.2575627728236656,-0.08395032037888071
21.119999999999997,-0.01809664184315489,-0.058169966967084166,0.14744186044736132,-0.014685090746956873,-0.08550627922190265,0.05833916634967101,-0.031233295718592662,0.015936026799044812,-0.014504873348100222,0.08862478576181002,-0.08440263634040836,-0.0692780965199772,-0.13647946086914575,0.31902351276432195,-0.12270002019469231,0.20461258967605292,0.1200253233455307,0.10796912814939146,-0.10393360211446141,-0.3350430644022031,0.10622471772138671,0.011533255217563893,-0.007765539349587458,0.2126921512121447,-0.33550288417365565,-0.02489201277400098,0.021675811012677394,0.12560738218998882,-0.012991775442641582,0.22204367569671887,-0.09597639246206531,0.3878774589446812,-0.22215324232556632,0.000752672629457423,0.004798932199123182,0.009260559660011054,-0.38917962661674876,0.20337925921622946,-0.297883150344897,-0.09242755849185955
21.24,-0.012855380153651636,-0.05880448346465077,0.1486398382605407,-0.01692964726048628,-0.08888204720567329,0.06621216484562334,-0.023238503760161934,0.016226390328518574,-0.019269979985153944,0.08154854446254171,-0.09378410213574453,-0.06877682347188674,-0.1390897099802375,0.32465554073775754,-0.13076807004684526,0.20126562036746581,0.12074205638344826,0.11308818857786643,-0.10634213699931558,-0.3501416721873225,0.10368182357700323,0.001083513943497821,-0.015311633389976717,0.22891219172479138,-0.34034111992209776,-0.025878930970948566,0.015210180019913522,0.13199424984029878,-0.032365134797001954,0.2099720823376163,-0.09645258647027782,0.3798756852246281,-0.1977240063607394,-0.0096556355052992,-0.005894511201418871,0.006513447066256042,-0.4064167173263235,0.20192956853159016,-0.3368787834753599,-0.1041682488008311
21.36,-0.00789675665745757,-0.05903938679139736,0.14879786508916792,-0.01894889981363,-0.09259341904726856,0.07287971778217553,-0.015522473358269671,0.015867808853737512,-0.0253899197138173,0.07385433375376506,-0.10323095036678406,-0.06801598902755945,-0.1418630143834833,0.32771312409645154,-0.13770052819930959,0.19712185406597482,0.12074493273760217,0.11605263598335036,-0.10899664235504332,-0.3670673174566798,0.09989081588739473,-0.010697914135140284,-0.022507515132645456,0.24281371956072695,-0.3434751041571408,-0.02662580651860359,0.007836650266560637,0.1387661463981017,-0.053027022109143174,0.1974197480743062,-0.1000903383516348,0.36659367340645754,-0.174436171732031,-0.016403386933874806,-0.016410354454296786,0.0035289956205513335,-0.4229397528527605,0.20072292639683859,-0.3745828938305551,-0.11827071328776302
21.48,-0.003277101841155568,-0.058748569193925015,0.1480943870711326,-0.020758347570405893,-0.09650738110796639,0.07823792081570742,-0.008293624683865264,0.014593520162997111,-0.032853442377038716,0.06561978369889379,-0.11283271683345583,-0.06708350488801312,-0.14455171753830562,0.3278789329948809,-0.14358509056022206,0.1919891601385052,0.11993868300925037,0.11708574473304555,-0.11220556778107797,-0.38523525173813644,0.0945336537168888,-0.023917635758283644,-0.02919833065901685,0.2541170747338223,-0.3450150234378342,-0.02740924782234183,-0.00021198108103896978,0.14577831562480384,-0.07454571222663177,0.1845460973180694,-0.10696245173654118,0.34721005126640303,-0.15294167162012412,-0.020189053532149923,-0.02711789910149009,-0.00017897221770020282,-0.4381277332827668,0.19970539680693183,-0.4108599003932855,-0.13354790890926985
21.599999999999998,0.0009836095580309594,-0.057845058457757774,0.14679151689285463,-0.022487216651424047,-0.10054125659206732,0.08234381666502602,-0.0016518010428550906,0.012274635745304258,-0.04132433437053481,0.05698524689172017,-0.12265175125713479,-0.06611650840277644,-0.14687860474149872,0.3249589994107587,-0.14861425513347576,0.18577542587018642,0.11826145668031927,0.11626582626940205,-0.1160287257169219,-0.4035009095714136,0.08735267982811414,-0.038546522070492056,-0.03530539760859311,0.26256479065772464,-0.34516255662680884,-0.028375567866172232,-0.008775624167126574,0.15303649398485902,-0.09664893425115935,0.17130447270697194,-0.11698456153776005,0.32155059479174,-0.13385464705294056,-0.021877672767802156,-0.03850912729258453,-0.004904775091666362,-0.4515682406323867,0.1987744279099634,-0.4456847764112778,-0.149217172964735
21.72,0.004874902054960389,-0.05618064776150485,0.14515286982360132,-0.024253186630392304,-0.10467613589275707,0.08532782284697903,0.004434389282509797,0.0089264959774447,-0.05042393711076786,0.0481329654010867,-0.1326952654590337,-0.06524042769273665,-0.1486297338412648,0.3190177594009961,-0.15292647590252648,0.1784317585778463,0.11572183810652258,0.11352561718599417,-0.12046139826436086,-0.4205889344461906,0.07821183722199233,-0.054460949838293686,-0.040869412116722854,0.26797205413549746,-0.344048551067695,-0.029527257239316783,-0.01781700004857547,0.16058910791299882,-0.11933546407753126,0.1576136645119679,-0.12998007199884581,0.2900921262374492,-0.11745953789932308,-0.022328176930615607,-0.050944223724229125,-0.010845040256348984,-0.46306539086557635,0.1979630308438784,-0.4792674068706867,-0.16502853921823973
21.84,0.008411910884260264,-0.05371800194982737,0.1434708835064054,-0.02612656647258687,-0.10893639435397766,0.08744603758368805,0.00993949654942572,0.004702422632534002,-0.059862443052415275,0.03935866119994062,-0.14289192425153333,-0.06449770153206508,-0.1497156376845411,0.31028416162085604,-0.15653916308654953,0.16992141090582996,0.11231647070508011,0.10871163353003259,-0.12545232112990096,-0.435490720879795,0.06709997645153766,-0.0714384897384856,-0.04596693267685507,0.27031876585022035,-0.34168358321569325,-0.030866842813867763,-0.02735936443134686,0.16832485832538047,-0.14280265397787828,0.14336713098394657,-0.14572020480628634,0.25388166889943115,-0.10374906804636767,-0.022169023740354666,-0.0645352071808678,-0.01815921685298038,-0.47267626946256924,0.1970892497886414,-0.5116929464723601,-0.1809076554960075
21.96,0.011648768736732066,-0.05057898992202515,0.14197700014931042,-0.02812920760261708,-0.11335721928986751,0.08893000049258941,0.014864416651260511,-0.00017523113639093162,-0.06926022676412877,0.031046815601384538,-0.15295517435701256,-0.06384104137814427,-0.15010394362018856,0.29911819472659146,-0.15943785426104634,0.16021910279719986,0.10802571715995915,0.10175487460275898,-0.1308922502101962,-0.4473550218106485,0.05421665651630284,-0.08909870951981287,-0.050675976826435896,0.2698491896345473,-0.3379368753035746,-0.03232504456989609,-0.037323461470405966,0.17601549978690184,-0.1671684530196439,0.12837330890944915,-0.16374894488168132,0.21477985209725328,-0.09258004941518734,-0.021417400248627507,-0.07923375830483298,-0.02673546232845166,-0.4807655947670137,0.19588270297207244,-0.5426444064110445,-0.1969099301859486
22.08,0.014619977661910803,-0.04688749210855333,0.14072745877089263,-0.03026924211061971,-0.11795310182579416,0.0899432862245855,0.01912815159533996,-0.005505088432490816,-0.07815611848631072,0.023469233447638477,-0.16251901609571667,-0.06320609489931703,-0.14985054198140477,0.28590728748713357,-0.16155871982686373,0.1493958234686552,0.10292185680469663,0.09267163149899726,-0.13657924372755426,-0.45565220161499004,0.03991720164523283,-0.10701980938020376,-0.0551108396067957,0.2669508458091465,-0.3327024186133213,-0.03383412141963649,-0.047637934853312816,0.18348741118580475,-0.19241725081509933,0.11250088272509448,-0.18344357526357746,0.17463886248857502,-0.08356830588114401,-0.019937695887351555,-0.09502612328112471,-0.036176963723715955,-0.48786722784711206,0.19405917065424816,-0.5715749512571792,-0.21336073782780549
22.2,0.01737221163982041,-0.04279272722336002,0.1397190389475988,-0.03257999832564264,-0.12259080653373283,0.09052900626250342,0.02261063394661667,-0.011084244378093251,-0.08608833138719395,0.01674053370603461,-0.17120512107078134,-0.06255853460925054,-0.14896735188178098,0.2709919624118844,-0.16278014814332178,0.13755077836669338,0.09729683469479604,0.08180533371279522,-0.1422214456576711,-0.46001460003001726,0.02456583828370673,-0.12469388927574997,-0.05930833050101778,0.2620293317982217,-0.32574214686154174,-0.03528216311481429,-0.05806384764493995,0.19075436454679587,-0.21804992157043254,0.09589939066670945,-0.20399627526352446,0.13484920825400612,-0.07572639999166655,-0.017544575944097446,-0.11172438855517229,-0.04590559985096867,-0.4942220785748639,0.19150911026742864,-0.5977803431304454,-0.22985691109079157
22.32,0.019962417165223074,-0.038475661124013,0.1389322605841756,-0.03497646870480403,-0.12689815163091103,0.09059555768048523,0.025288509348509867,-0.016773845326806078,-0.09263070419564184,0.010898833201645697,-0.17856887638915417,-0.06189198650281382,-0.14733125349366616,0.2545713634908381,-0.16298569711259006,0.1249078870477866,0.09151251362981627,0.0698201642375876,-0.1474369185193655,-0.45994424496534314,0.008482703011909752,-0.14165564862751515,-0.06319464572019381,0.2554052357547916,-0.3165944880765635,-0.036490395217821305,-0.06805703019459051,0.1978522717083901,-0.24300712662947382,0.07903412074793921,-0.22434410966136162,0.09625708517887657,-0.06757472407156352,-0.0141229963881979,-0.12901005686152475,-0.055422624205362,-0.49960524194804184,0.18852312702695365,-0.620182893789699,-0.24503374807199552
22.439999999999998,0.02243076656135779,-0.03414214014550044,0.13829858396506017,-0.03731342216716418,-0.1304812433953249,0.08998485002311775,0.027257055195703407,-0.022494598491761525,-0.09754508427936652,0.006069101771419203,-0.1841603041536655,-0.06126835596969732,-0.14482746101709637,0.2371528672401454,-0.16202604579377575,0.11177514426693114,0.08579662660625903,0.05750149091482419,-0.1517363964219976,-0.45526810485867514,-0.007901596747491371,-0.1576077910617339,-0.06669695930656606,0.24736534596886273,-0.30474718704725423,-0.037216782989342195,-0.07686068153909362,0.20487423404742036,-0.2659161092996629,0.06228188477077393,-0.24293044243075967,0.05934719459280284,-0.05731977104835698,-0.009800648647298816,-0.14622224952343763,-0.06414423344851557,-0.5035403867741957,0.18540733659955796,-0.6374534405093285,-0.25742838558483244
22.56,0.02484510670965917,-0.02992605132028079,0.13778842727133203,-0.03947085444668145,-0.13318237570902813,0.08859387703075967,0.028602339423345665,-0.028115864894778544,-0.1007756649459608,0.002406004387929695,-0.18779223673799605,-0.060793194165146974,-0.14152053646224166,0.21919557927127511,-0.15982363530573748,0.09834818068372647,0.08034965369306044,0.04543551937981972,-0.15483203378098492,-0.44610783828521017,-0.02411852043390451,-0.17251750872389235,-0.06980987989401236,0.23809349548035807,-0.2899772105946098,-0.037292666284135426,-0.08387384114441428,0.21193592312407744,-0.28568770848779196,0.04575643871833482,-0.2584455983247915,0.024154320542895735,-0.04372881602564271,-0.004804280250463011,-0.16282352931669275,-0.07166758059640038,-0.5057579495930502,0.18226536373800606,-0.6486097854925422,-0.266470630646946
22.68,0.027238945473346845,-0.02589625048001054,0.13732881962710475,-0.04137906128848115,-0.13517847051589177,0.08648127377823533,0.02935552349755588,-0.03346079534245713,-0.10236842947184482,-0.0001410420337529623,-0.18978066006121772,-0.060605887910223116,-0.13778634947550905,0.20074855658569835,-0.1563991297086355,0.08468562622008986,0.07523255158393313,0.033837033817268256,-0.15676333673477458,-0.43290465584012977,-0.03978724050340808,-0.18657287496296918,-0.07257762411157188,0.2275726624963587,-0.27253147919087456,-0.036708227003778696,-0.08883596709339042,0.21884543592402367,-0.3018925853522154,0.029383639480841203,-0.270194522252576,-0.009856344469592764,-0.02629438041322394,0.000617687959693922,-0.17847710237870862,-0.07796156655910279,-0.5066416266262006,0.1789935515521223,-0.6532161341158923,-0.27299538490612374
22.8,0.029568698448403534,-0.02210446681067658,0.13687091095026158,-0.04294307279391686,-0.13662541093490402,0.08373052693367541,0.029579934513821664,-0.038310338011510695,-0.10240515910617289,-0.0017575875788746215,-0.19032566240066862,-0.06084415856501825,-0.1338697029334264,0.1818059399949957,-0.151714519493739,0.07083385513403738,0.07046506271686606,0.02318746473501713,-0.15742198618776476,-0.4160199597463212,-0.054451788778170127,-0.1996866946806342,-0.07505559242985922,0.21588502108299193,-0.2526584622463532,-0.03548926081181021,-0.09142111751746251,0.22520212311949497,-0.31408278038532467,0.013259464311641685,-0.27714126300877107,-0.0426308224159344,-0.00426691457822688,0.006248538548018098,-0.1928059519192286,-0.08280737697288847,-0.506277676794036,0.17548875208984768,-0.6505983279352875,-0.27766522064913784
22.919999999999998,0.031792612222705116,-0.018576727376331384,0.13634939725268796,-0.04401414431062419,-0.1376802259760649,0.08038203122580106,0.029328830448736496,-0.04247183514464627,-0.10099043117041354,-0.0028182502075460377,-0.18957061689802157,-0.06165145640705397,-0.1299972059143621,0.16225595624780645,-0.14569584223508214,0.05682544106548076,0.06611972942514084,0.013814619557427799,-0.15682518754287622,-0.3959722639413661,-0.06783938847742534,-0.2117910656061163,-0.0772930105291072,0.20298578333126188,-0.23090849944567235,-0.03364637041625636,-0.09159611116993188,0.23054552307954268,-0.32226958632403235,-0.0025555785871807634,-0.27874838817751846,-0.07373520579243359,0.022486187190955027,0.012008320459882002,-0.20553368046077042,-0.0860684280168993,-0.504858043929529,0.1713916384466978,-0.6405257388625022,-0.28141283882910906
23.04,0.033863185660852654,-0.015303928938942675,0.13565953461983266,-0.04449092774481225,-0.13855051276667288,0.07646590686834227,0.0286543073458784,-0.04580460361501244,-0.0983232332522591,-0.0037689794013929974,-0.187732073121595,-0.06301607354586075,-0.1264274462611179,0.14188889592544507,-0.13828377830630684,0.04274144611604545,0.062306493342241795,0.005609022771760178,-0.15514702988126916,-0.37327761274573856,-0.07989750478768035,-0.22292107833091473,-0.07927565940508187,0.18884713335287961,-0.20795690832615682,-0.031196312053227617,-0.08967281876590467,0.23449604953763356,-0.32685539393829643,-0.018128419541973157,-0.275324965023335,-0.10304300739019316,0.05321971064548795,0.017830243447446388,-0.21642573210147176,-0.08794990814336037,-0.5027314580258757,0.16613464799465982,-0.6234196017482578,-0.285402659179941
23.16,0.03575706406246695,-0.012250440679784392,0.13464412194978825,-0.044322312343021295,-0.13945063272974798,0.07202158945327501,0.027698076907496243,-0.04825474959961763,-0.09467883518681616,-0.00507483528128023,-0.18506383562379264,-0.06484130479892819,-0.12337524353411267,0.12045161547406111,-0.12944605721484337,0.028672859681982587,0.059175432474787466,-0.00170886617969846,-0.15253016727627278,-0.34827398913807966,-0.0906347187916236,-0.23308986065386292,-0.08097213511468103,0.17366615989828205,-0.18449903871407514,-0.02810429567773711,-0.08603464110052403,0.2367432343661308,-0.3282247794090193,-0.03352146423353,-0.26754762286139233,-0.1304783835518728,0.0867686151768823,0.02359412034756819,-0.22526029877633935,-0.08867659369965881,-0.5000075479058184,0.15929729470196852,-0.5999834744210579,-0.2904302610209864
23.279999999999998,0.037504617622050936,-0.009401937838015616,0.13318257753127388,-0.043522431356301725,-0.14057931576301605,0.06705029477020522,0.026502686837835764,-0.0498753957884768,-0.09034087692978095,-0.007233416488296472,-0.18203209293375483,-0.06712745109323948,-0.1210251275273046,0.09766536827311985,-0.11925057263723077,0.014618674693369,0.056765487554106986,-0.008563582399422169,-0.1491354672865645,-0.32143764416603793,-0.10013945899125926,-0.24230015899094587,-0.08240714802582742,0.15758417588409912,-0.161242638005373,-0.02436997679240467,-0.08117423197846302,0.2370491740655314,-0.3269117093032408,-0.048895019802665,-0.2561853678293717,-0.1558915182629209,0.12176947815960192,0.029167492866820036,-0.23214333393925696,-0.08852402681486891,-0.49681325727290065,0.15050296205165026,-0.5710729179507332,-0.2974282724140464
23.4,0.03912731466245088,-0.006761082536487812,0.1312656869103018,-0.04217890835667988,-0.14202581893061883,0.0615668547120161,0.025041406228742073,-0.05076170332951403,-0.08562429816308237,-0.010571963612678714,-0.17925506204706182,-0.07003044533356824,-0.11948237744304642,0.07345370685219858,-0.10804546346890544,0.0005310534630432514,0.054979698918155025,-0.015360357403098357,-0.14517068554307028,-0.2934124069174791,-0.10856932469387995,-0.2506356697688264,-0.08370015245169747,0.14074924755975116,-0.13881832877997702,-0.020075173802443336,-0.07555707117912318,0.2352638172365354,-0.3236368279971946,-0.06434303045974268,-0.24204932698106235,-0.17920342558616226,0.15707052294326715,0.03452213127993624,-0.23760251773595004,-0.08777715608402813,-0.4932804893583451,0.1392298820252439,-0.5379542979378953,-0.30701679419998673
23.52,0.040652503088876114,-0.0042549513264619225,0.12896002033836662,-0.040412657756819896,-0.14374569236019719,0.05570848483263281,0.023363799824979846,-0.05093341897755661,-0.08082096147609,-0.015243849639779846,-0.17734053993502982,-0.07374554738547257,-0.11885373928122889,0.04791025539837965,-0.09636221080189822,-0.013608650474690884,0.053665476562494825,-0.02224864869483667,-0.14096482703945673,-0.26483521288715917,-0.11597090292458191,-0.2581177338439955,-0.08500666438703708,0.12345877048559478,-0.11773981486966935,-0.015282745963879652,-0.06956748545137943,0.23139335873008107,-0.3190943260362233,-0.07986709823127203,-0.22572450114929044,-0.20007023474689434,0.1919346552674392,0.03942385383708605,-0.2422986805531067,-0.086501902110484,-0.48963883460965574,0.12499630559792614,-0.5021629012394775,-0.31910022726677195
23.64,0.04203530896824108,-0.0017736784194728361,0.1263443486360025,-0.03833769832632821,-0.14562798006752403,0.049670917971416914,0.02150624164860393,-0.0504133455811943,-0.07624009553691723,-0.02103274969876057,-0.1766432984050586,-0.07835798093162478,-0.11921192276353164,0.02106050293447667,-0.0846818821862178,-0.027737644085131852,0.05268057110669682,-0.02923991176450401,-0.136856632666311,-0.23643138929756957,-0.12231617366748815,-0.2646699070035946,-0.08634840377190144,0.10611637933996253,-0.09823793329978825,-0.010085784301502367,-0.06351771545599909,0.2255179446999927,-0.31383666870632465,-0.09537700719338596,-0.20755926201540026,-0.2179675628328343,0.22573761365532277,0.04378030950311937,-0.246822994515314,-0.08464645413786588,-0.48596849059734365,0.10766892649739732,-0.46503459921595897,-0.3332864365726749
23.759999999999998,0.04321949314747442,0.0007165204031444466,0.12340795693858361,-0.036007555249625116,-0.14758695505598152,0.043644284397729986,0.01942511241678704,-0.04925664903893415,-0.07226178816830461,-0.027473260690796007,-0.17727483014254003,-0.08385506609244016,-0.1206648110336974,-0.0070484802649338416,-0.0732059808319692,-0.041830791226299326,0.0518263330067033,-0.03630794107217448,-0.13307997312745423,-0.20903586813584785,-0.1275277874337375,-0.27019728533143716,-0.08764335854022162,0.08924785224162937,-0.08060959134236756,-0.004653608217773393,-0.05754071667572033,0.21764281051333817,-0.3082090081125348,-0.11056273754325235,-0.1876641183854367,-0.23246872769900928,0.2580753934655881,0.04737937923197765,-0.2514006321634966,-0.08196682445502625,-0.4823910028512011,0.08739817827801843,-0.42757622920079463,-0.3492933999283765
23.88,0.044203854608499224,0.0031603357018201725,0.12007478538747969,-0.03353357572451417,-0.14949923783640792,0.03772878250639834,0.016933635926780977,-0.04750926512464285,-0.06917654472712781,-0.0342144302815796,-0.17922125212572912,-0.09026204929551059,-0.12335924293399364,-0.03615261964363783,-0.06200378393337468,-0.05586554106166853,0.050860468931751196,-0.04326453446015151,-0.12979659661887682,-0.1831192286244025,-0.13143154672702462,-0.2747293693246128,-0.08882781844623269,0.07333587948506325,-0.06521409723599099,0.000776739022057168,-0.05157292614524651,0.20768671780215459,-0.3023054455607163,-0.12514404877371527,-0.16597955320339494,-0.24337339360494906,0.2890247941522233,0.04961941895492211,-0.25603966325173916,-0.07823115508836316,-0.47907500874770065,0.06459875406331604,-0.3904130899489534,-0.3669367917445126
24.0,0.0449784164383532,0.005401114286863903,0.1162551310264038,-0.03122316567944881,-0.15136557472700599,0.031864055257325684,0.013776572069334192,-0.04520700990840384,-0.06711549224440058,-0.041000274753653074,-0.18248478684312308,-0.0976776201582623,-0.12729922819162726,-0.06583951338327551,-0.05108370018420486,-0.06972087253806072,0.049598620805231614,-0.05001448099239437,-0.12706214148320377,-0.15892662917040687,-0.13399956862252704,-0.2784330559298065,-0.08985688617402435,0.05863310704051748,-0.0523921091614342,0.00600448306523816,-0.0456247635999405,0.1954662351203451,-0.2962225107722764,-0.13907620755653266,-0.1427641136131687,-0.25075356625945067,0.3188171530173666,0.049939912167942586,-0.26075041725106407,-0.07342975355840438,-0.4760786385840017,0.039801262203312704,-0.35386207080847903,-0.38620829092762804
24.119999999999997,0.045545873561560986,0.007251281137227893,0.11186998734333145,-0.029399713355904727,-0.15317313407656902,0.025914164037477008,0.009846098909723894,-0.04240675629972991,-0.06609286205395576,-0.047636278872751105,-0.18693521610285374,-0.10615606805750238,-0.13233227270658926,-0.095636767128305,-0.040366674252586436,-0.08325098267333358,0.04803952269252032,-0.05643242608835288,-0.12482621614908279,-0.13657430319153735,-0.13529366782012073,-0.2814755734621924,-0.09068427486238187,0.045265384268280834,-0.04244032926898554,0.010937590705156125,-0.039701728705118726,0.1808172752241917,-0.2899000473312136,-0.1523999287246096,-0.11845155899194364,-0.25484763640886604,0.34772712908063724,0.0478336666353914,-0.26547636720145107,-0.06757275007759872,-0.4733423919234787,0.013563785177006599,-0.3179433733466942,-0.40664170467414396
24.24,0.04594685634548282,0.008648084572821933,0.10690535033745399,-0.028349169511487575,-0.15482239381843177,0.019781608331016946,0.005154932749492379,-0.039185814893416174,-0.06604315624089431,-0.054112641377189845,-0.19246091038630495,-0.11565571926601106,-0.13833484061274537,-0.1251921117572531,-0.02978883607568967,-0.09654987044981295,0.046188100590402154,-0.062479275682645774,-0.12311542179831902,-0.11595721548572126,-0.13550797308676138,-0.2841229545231003,-0.09133177192922529,0.03308897291405378,-0.035616121061744915,0.015421276264480801,-0.033900617144851805,0.16362922497538263,-0.2834356765901217,-0.16525306014520064,-0.09343989534745421,-0.25607000730690443,0.375654523967339,0.042801389356421644,-0.2702554612653538,-0.0606732778829399,-0.47093617772659324,-0.013909264011929838,-0.2828814124024054,-0.42768590909541887
24.36,0.04629301459980294,0.009693773160230831,0.10136127928557842,-0.0283511586805402,-0.15627428608725685,0.0134396215519994,-0.00019318157467883377,-0.035512959705807895,-0.06676578844789291,-0.0604819406701857,-0.1989024297346903,-0.12616753579279116,-0.14518530085277379,-0.1540657669437838,-0.019331629347578226,-0.10974383581454407,0.044107786294404545,-0.06805497342597469,-0.12188951517940969,-0.09680330992908594,-0.13477835382919756,-0.28659813933637857,-0.09186941448039115,0.021968361651530627,-0.03195958791422675,0.019319530948027505,-0.028168108317114984,0.14398163327067215,-0.2768720402839693,-0.17775136661110602,-0.0678237162122143,-0.25471124186357197,0.40285153720868844,0.034522715141916696,-0.27513909340126563,-0.05257924075773126,-0.469109210113452,-0.04240571019042198,-0.24859284196027714,-0.44878641325160523
24.48,0.04674121706984724,0.010453255006774851,0.0952686123315307,-0.02967997190090851,-0.1576080710951172,0.0069726626561183586,-0.006034491177170387,-0.03135121155547222,-0.06809436046665793,-0.06678833409294188,-0.20614300541635314,-0.13768769837305947,-0.15286765947681347,-0.18191262760666016,-0.008998376688122728,-0.12275110695107194,0.04181867463332268,-0.07304641511683883,-0.12110124685161315,-0.07903586988937127,-0.13319893344298883,-0.28912643923017084,-0.09231328346010681,0.011873201375812256,-0.03152870225712137,0.02265421180321258,-0.022322356819681994,0.12212337710478405,-0.27013609157426927,-0.18987201781300284,-0.04154613098194494,-0.25111451822405917,0.42967738908726205,0.02258002762170166,-0.2799725554126207,-0.04303316814218416,-0.4682308898358754,-0.07151099524412385,-0.2150881212438512,-0.4695583811010285
24.599999999999998,0.047402663641035736,0.010931722881418573,0.08862685001209089,-0.032519795779471145,-0.15883516050698807,0.0005115618060383444,-0.012221436087746201,-0.026755941844446685,-0.06994018351881306,-0.07301008919635132,-0.21401276819252535,-0.15010275661913508,-0.16121289456429605,-0.2085240780391374,0.0012865568130949684,-0.13543901685862936,0.039299691840049486,-0.07724645973113001,-0.12059806531930586,-0.06275571697000035,-0.13083711779613366,-0.29185765761129506,-0.0925678314009995,0.0027179103616786944,-0.03417987639656429,0.02545605231858468,-0.01607938761510189,0.09836984290492087,-0.26289680134701837,-0.20145545915983162,-0.01453220456403183,-0.24612541257547096,0.45605605035357355,0.0065394528887006,-0.2842416724600677,-0.03184045983026703,-0.4683636966157376,-0.10048374315802405,-0.18207585679323338,-0.489510167152021
24.72,0.048317021353149414,0.01112662206501282,0.08137591915263681,-0.03690131829253209,-0.15987895898442708,-0.005829562552530601,-0.018634799679337937,-0.021817057567112136,-0.07232361149121574,-0.0792134027595516,-0.22224694932696196,-0.16315579111208559,-0.1698895910309971,-0.23379134330090606,0.011639632036302323,-0.14777685496816015,0.036519505760004456,-0.0805568355886325,-0.1200846567486216,-0.048052002357465644,-0.12786912686445204,-0.29467030655142,-0.09260027080879389,-0.005593625010521646,-0.03944361500121184,0.027664875766356935,-0.009278306138199927,0.07307973022119241,-0.2546895039315842,-0.21215715745551914,0.013068402182680475,-0.2404710478693983,0.48122900564953175,-0.013700224346456888,-0.28738510652750937,-0.019202020841125895,-0.4690303509759016,-0.12861932525476344,-0.14918599998684887,-0.5079422410674256
24.84,0.04951998136469121,0.011050730049174116,0.07344818182482661,-0.04273377594613941,-0.1607180134532535,-0.011929450473811342,-0.025141593404952756,-0.016599574162530863,-0.07540797605976682,-0.08556484048515967,-0.23066812078717772,-0.1766985102870018,-0.1786130288594083,-0.2577561154510478,0.022010013115162985,-0.15976781265662227,0.03344894470432983,-0.08307439322715485,-0.11943180441119998,-0.035076862875958986,-0.12456289189203022,-0.2972669105106121,-0.09242179837856977,-0.013152675485691802,-0.046881849433254796,0.029122889799570215,-0.0018996639292937134,0.0466691567298079,-0.2452038799103593,-0.22156753052603642,0.04101537301528177,-0.23469323254721777,0.5046418754731239,-0.03814234794213976,-0.2891703004074875,-0.005670566127274228,-0.46972125544341226,-0.1552803007800192,-0.11665522203467174,-0.5241204889145492
24.96,0.050971400275576166,0.010722709222036737,0.06483030699088593,-0.04983739517225132,-0.16134637579103225,-0.01764390549208584,-0.03154910967405503,-0.011187272760093346,-0.07926988186583439,-0.09216082341818074,-0.2391157944572375,-0.19059503175253428,-0.1870912891535227,-0.28042499592275194,0.032201991561815156,-0.17130781368411682,0.030070194631810793,-0.08492970882129929,-0.11872352700909497,-0.02365968302104088,-0.12107103864403036,-0.29920562914100834,-0.09205952287226904,-0.019842328173876923,-0.056071242527981666,0.029736445045259487,0.0059640207290832725,0.019631686858148187,-0.2344317673716055,-0.22933470575490425,0.06889865121094702,-0.2287332913976133,0.5259340717078681,-0.06661475761815226,-0.28979333967488774,0.008142472373164822,-0.47002069958662784,-0.17990839055047275,-0.08521068275801229,-0.5371685300162012
25.08,0.05264618395565204,0.010183550604388546,0.05552916963360927,-0.05799472404633668,-0.16169219650735456,-0.022816672744384158,-0.03774133243034667,-0.005731387539795187,-0.08393709381904033,-0.09894047407863896,-0.2473937040196916,-0.20469030439610353,-0.19506745415520116,-0.3017344764733018,0.041970167824862376,-0.18225952288008293,0.026351592926158865,-0.08624146508310504,-0.1180523891944608,-0.013498635416357523,-0.11747362491106171,-0.30004003847902316,-0.09154201603882985,-0.025464453284511645,-0.06662971290229461,0.029535447520868025,0.014048637364398245,-0.007660037516920036,-0.22265003902762,-0.23535396396147804,0.09619026731890176,-0.22210879361599464,0.5446881258098777,-0.09881967695322236,-0.28962631232571334,0.02171787829545906,-0.4695499293066783,-0.2022463392035094,-0.05573435585405767,-0.5462449506513655
25.2,0.05450979321578322,0.009499926680467162,0.04563840751297419,-0.0670215313961426,-0.16161536931122,-0.027323655769946914,-0.043705031786184005,-0.0003548692425146922,-0.08947901282300236,-0.10564499790184884,-0.2552627646659307,-0.218874317396382,-0.20234591301638416,-0.32159867186869556,0.05104416399816157,-0.19250050994714055,0.02231130749470286,-0.08685631164637417,-0.11744639215604286,-0.0042676809606445945,-0.11382318709490771,-0.29943678328838774,-0.09087346491984502,-0.029947141569115956,-0.07822590626711895,0.028713846371749424,0.022309054018091298,-0.034922122349275414,-0.210027847985063,-0.23963665773999743,0.12274289880497356,-0.21415930805588113,0.5608872141104411,-0.13449499757153136,-0.28901185833977205,0.034762094147197053,-0.46785535135194,-0.2221763643060356,-0.02879923656931619,-0.5504067931877684
25.32,0.05652438253066008,0.00872026686179398,0.03532711238038583,-0.07681486952569508,-0.16109939287339087,-0.031195813768220428,-0.049328807889084086,0.0049108464932867205,-0.09585076301765458,-0.11183470204849015,-0.26265476010708777,-0.23308766616150461,-0.20888722411167376,-0.34001289709734905,0.059197853280241325,-0.20191483726876452,0.01798285338099336,-0.08662014534580177,-0.11703918360344298,0.004536701597122487,-0.11021497159704548,-0.297359724058448,-0.0899467861511203,-0.03351820898085655,-0.09062840177237397,0.027527447357066755,0.03067073736466572,-0.0620046023435502,-0.19688305470987166,-0.2422467204102245,0.14853949646901302,-0.20401867754930159,0.5744609714600595,-0.17364870797359053,-0.28823210959003676,0.046920941187059625,-0.4648058868962887,-0.2398536695840902,-0.004906633909373976,-0.5491009869015429
25.439999999999998,0.058684162114974056,0.007848759809431826,0.024837797661221756,-0.08727857054069449,-0.16027469929613547,-0.03450786375115697,-0.05451109373361787,0.0101441685334355,-0.10302216932514925,-0.11713772225193685,-0.2697180675082454,-0.247256225213188,-0.21480070635985657,-0.35697458348682,0.0664013953900283,-0.21047953107438183,0.013340239841267733,-0.0855591634105197,-0.11697954391359827,0.01324440329121616,-0.10675317904530202,-0.2940277315505389,-0.08871644778678259,-0.03655176755830562,-0.1038037907581823,0.026085697230393893,0.038871520246535944,-0.08885625390329825,-0.1836570545382623,-0.24343493671306787,0.17333919821573646,-0.19087088836594768,0.5853445554820403,-0.21650739718909198,-0.28763480529227103,0.05787974537883641,-0.4606597667383054,-0.25582590072489036,0.015677097092026637,-0.5426774131605625
25.56,0.061016111584401886,0.006882375228049098,0.014440538114313985,-0.09825945573479931,-0.15928739148210488,-0.037321278707896734,-0.059240950106571565,0.015331958562962692,-0.11099098438110859,-0.12125587424688049,-0.276648214282584,-0.26117306964354275,-0.22013740398558662,-0.3724244507600778,0.0726804181177638,-0.2182013846108018,0.008436585954804584,-0.08360420063072505,-0.11722865587631018,0.022124859108890935,-0.10337095649534828,-0.28944820490529816,-0.0871840681120673,-0.03923672949616487,-0.11760186863809041,0.02446013134566262,0.04676738401764035,-0.11530462630817172,-0.1705144798965158,-0.2433690360801661,0.19726446084711624,-0.17358603620916258,0.5938430632275782,-0.26304515861252614,-0.2875565983571525,0.06769874277946047,-0.4557351588938947,-0.2706459595347085,0.033180012568055806,-0.5319051273405903
25.68,0.06352497937145182,0.00579837043884019,0.004296906240700608,-0.1096070166151318,-0.15819102778425384,-0.039662595343479184,-0.06352540649957246,0.020325104812755457,-0.11971302859294829,-0.12383743950290815,-0.283488059702579,-0.2745971020835126,-0.22483485451563848,-0.3861819112220314,0.07797677015007586,-0.22507043848660302,0.00341489895930994,-0.08060218684357354,-0.11761419679418927,0.03167926404627137,-0.09978780585321262,-0.28352731598959624,-0.08528121095756533,-0.041536826528375446,-0.13168378102936476,0.02285960177765296,0.05449541805779406,-0.14121851868574106,-0.15730915586615507,-0.24202146449773637,0.220752495206173,-0.15140820835440832,0.6004943773385379,-0.31270146334781745,-0.28790710450124074,0.07653519549723674,-0.45012307199933144,-0.284745199180783,0.04816424469167947,-0.5175041221227898
25.8,0.0661837874782552,0.00460309178707315,-0.005466944385728769,-0.12108291284096773,-0.15690825640825135,-0.04151928351001512,-0.06737104040507721,0.024869528474248045,-0.12900948147764693,-0.12462058856592294,-0.28990106439781516,-0.28727390169580874,-0.22872514978433178,-0.3978112056590927,0.08219086446039606,-0.23104960594061003,-0.0016301946369432136,-0.07640533629614227,-0.11785366286870937,0.04225259475695526,-0.09560737331130476,-0.2760883525753906,-0.08288719947879208,-0.043229483320184066,-0.14546312136966627,0.021533073106844273,0.062318775267958586,-0.16657676431295754,-0.1436686645402834,-0.23927680905072296,0.24438850381963534,-0.1243128963263802,0.6061058835017381,-0.3642420951410368,-0.2883414047672929,0.08455106052271233,-0.4435195604752282,-0.29835986454782304,0.0615406748074329,-0.4998948338358351
25.919999999999998,0.06894678486547035,0.0033790167976404696,-0.014532782094062044,-0.13232248982774256,-0.15529521633305582,-0.04267728951108223,-0.07076482455475831,0.02873199397886509,-0.1385941410789497,-0.12344397542840121,-0.29524941273016914,-0.298949447898761,-0.23148302125577722,-0.40683054152663173,0.08529977547334998,-0.23612427427171112,-0.006646419955204767,-0.07085796766225198,-0.1174986686518111,0.05396841144526812,-0.09040393983235617,-0.2669200594529852,-0.0798649985392977,-0.043926639097815655,-0.15813083214237583,0.020763507807760918,0.07060972241726368,-0.19110690101219407,-0.12905995543512605,-0.23507268974678444,0.2686957502048659,-0.09289571311578178,0.6115345503564827,-0.4161651654788422,-0.2881939325456543,0.09204065226684247,-0.43533783102538504,-0.31153820042595026,0.07486248792842086,-0.4792656085271507
26.04,0.07173597556830863,0.0021828378043998106,-0.022602776335314757,-0.14307801990861482,-0.15311140389883104,-0.042974238145049984,-0.07354072430607522,0.03173382349742555,-0.14832748852773928,-0.12031862662492292,-0.29896985645465485,-0.30936169919531026,-0.23283072505096056,-0.4130470592159146,0.08723961972655377,-0.24039112051354056,-0.01157951154963969,-0.06385747544047235,-0.11616937051732969,0.0664396235148336,-0.08399964402947749,-0.25604251356827434,-0.07605928229540358,-0.04334213711177945,-0.1690538338147822,0.020660002743011028,0.07961714043351656,-0.21444318723717232,-0.11309466121173618,-0.2293203840152404,0.29378068987550443,-0.05856631270786872,0.6170084057300349,-0.4669907598822648,-0.28669573180376723,0.09906149754637013,-0.42513206021947086,-0.3242876586918823,0.08915711879040505,-0.4557848066700707
26.16,0.07443277991685054,0.0011100154277152152,-0.02953889962256455,-0.15325881040141387,-0.1501717669071262,-0.04233726501259385,-0.0755293819142342,0.03384917404403566,-0.15823365781248627,-0.11548792793249474,-0.3008829571157088,-0.3182627670639802,-0.23274075286292187,-0.4167867777557616,0.08786763795785199,-0.2439748984401204,-0.016424402454064065,-0.05559911367280863,-0.11398619802378647,0.07906103154941696,-0.07654452123093786,-0.24371804277960812,-0.07144313843156175,-0.04170366299261369,-0.17789847126494443,0.02115778046136834,0.08920474800358849,-0.23636037751227976,-0.09592923188698668,-0.2220220927189749,0.3190924032944841,-0.02322598980624173,0.6219459640126331,-0.5151661032674115,-0.28354187149606513,0.10517687048782329,-0.4127732647776281,-0.3365781253479012,0.10422141116079797,-0.4301323713585373
26.279999999999998,0.07689678201678588,0.00026046566482783653,-0.0353195529599027,-0.16284700963718868,-0.14643779660650483,-0.040734369290768305,-0.07667861339198458,0.03511038166423877,-0.16841626181892275,-0.10943270113675063,-0.30108745633459644,-0.32550688446213266,-0.23126167043511775,-0.41871985914776605,0.08704248682278751,-0.24689075452043022,-0.021175660429620463,-0.04664248587540516,-0.11140677098460078,0.0914379518515085,-0.0684549811128131,-0.23023574319397633,-0.06605830151613483,-0.039518867518013125,-0.1845199194277544,0.022115724589479305,0.09910874117959874,-0.256819080097771,-0.0780316606622071,-0.21321665448665184,0.34353252158381614,0.0112757154529835,0.6253969184584685,-0.5596133917790217,-0.2786675559027011,0.10972517087480048,-0.398132473106381,-0.34821256370884857,0.11928830717944969,-0.4028039704156075
26.4,0.07902084902795976,-0.00032532815338593535,-0.04002126937882177,-0.1718960262184723,-0.1420151326414553,-0.03832157734055751,-0.07713017129509099,0.03560233533027543,-0.1789298128505257,-0.1027798742834435,-0.2999269160814882,-0.3310718357970241,-0.22853492017456922,-0.41963448301165585,0.08467987931024964,-0.24912544096179465,-0.025724967217686114,-0.037738924728079534,-0.10899741554528855,0.10353166036268248,-0.06025402709565719,-0.2159010684279158,-0.0599848937548009,-0.03727606010528199,-0.18912071518266044,0.02336236260191446,0.10890778317483199,-0.27577323640144924,-0.06013837613983941,-0.20306532553845139,0.36590457653187497,0.04349092781579003,0.6263335062080427,-0.600246802595294,-0.27202257055285717,0.11198288221078202,-0.38132635070921794,-0.35891496830974573,0.13310884495135394,-0.3742645341146984
26.52,0.0808025545960609,-0.0006878310495239033,-0.043770151289007464,-0.180483361400198,-0.1370880723819603,-0.03530285286211655,-0.07710684913307789,0.03554609434681389,-0.18957947088045563,-0.09615315532251642,-0.29775283159052135,-0.33496768209020233,-0.2247476269610854,-0.42012072603959344,0.0809182003051126,-0.25072966162821175,-0.029879061048055756,-0.029444981869440612,-0.10711822604288368,0.11557581883397416,-0.05233766617494071,-0.2009163457270519,-0.05326152464809236,-0.03542994108876887,-0.19212797118947994,0.024855656014406462,0.11817013212051676,-0.2930460950480844,-0.0429791193770713,-0.1918659244081768,0.38554834921275927,0.07274278316336104,0.6241704207876204,-0.6375242400711312,-0.26366778170295185,0.111519184501313,-0.36267277371747475,-0.36845863441587,0.14481761951138322,-0.34506718215538457
26.64,0.0822647126550827,-0.0008641715235980943,-0.046734119057864176,-0.18862121360950698,-0.13162815248072096,-0.03177619026982987,-0.07690953587112966,0.03521658485061643,-0.2000905566194937,-0.08995236576268573,-0.29461378989977477,-0.33724387816052237,-0.2198281935218046,-0.4203584937705315,0.07594206585308619,-0.25173970334349227,-0.03346637786909091,-0.021741555922091434,-0.10582052500026913,0.12788668521147167,-0.04484352708655892,-0.18526602618606147,-0.04578358942574022,-0.03410175368464622,-0.19384259086195282,0.026544750487074432,0.12687017714876578,-0.30845716108602994,-0.026559581321218925,-0.17986537800345742,0.402681941038348,0.09907557385336471,0.6189165182940696,-0.6716504726421896,-0.25374980237121236,0.10848497705362374,-0.34201820220022405,-0.3765453734669705,0.15437973887023315,-0.31477941673094195
26.759999999999998,0.08337890782624637,-0.000804533866127669,-0.04905740301775692,-0.19632274980117548,-0.1254751665834276,-0.0278543408537961,-0.07684203161962878,0.03474709835744986,-0.21023662358961542,-0.08427922358793123,-0.2902781609209278,-0.338009626109964,-0.2136502450993066,-0.4201099823212191,0.0699797573325514,-0.2521598051615197,-0.03638152897113496,-0.01431845291926407,-0.10494666019567084,0.1410332863152432,-0.03770590552610915,-0.16884884284740362,-0.03748686871056786,-0.03318571914835528,-0.19454577541752488,0.02833934044330219,0.1352150301098616,-0.321823383060026,-0.010400682958263862,-0.16727464154818034,0.41774604805860616,0.12317352106774382,0.610795411792486,-0.7027270115133453,-0.24230852134341407,0.10328222058683782,-0.318846945753558,-0.3830799144227509,0.16240127871332746,-0.28234466639796507
26.88,0.0840474297604854,-0.0004893995174227561,-0.050892195082098156,-0.20362231291527186,-0.11854144821980862,-0.023613207795019214,-0.07717134515848136,0.03401361110931055,-0.21991701558106974,-0.07907810904279175,-0.2844805943470809,-0.33739501209253825,-0.2063271794967955,-0.41905489601708584,0.063323685089504,-0.25198274646875074,-0.038609723277738574,-0.007050585477391994,-0.10428935629385507,0.1552679736126223,-0.030932468729939756,-0.15160045090907964,-0.02839584951047491,-0.03259327784513469,-0.19461158894519473,0.03020794495792426,0.1433818347137201,-0.33299192371813674,0.00575964180942045,-0.15440553965775902,0.4310151662106183,0.14618986429263153,0.6000756628312356,-0.7305956755625304,-0.2293880898186066,0.09640102904319722,-0.2930613984088263,-0.3884739980361175,0.16965571808236377,-0.2474668602838155
27.0,0.08424518260829245,3.07342147249173e-05,-0.05239388637105054,-0.2105410811313695,-0.110727065927033,-0.01915277774129612,-0.07812229148614931,0.03283868406998383,-0.2292250293420532,-0.07421619211183204,-0.2769249264787088,-0.33558601260988863,-0.19785690016246088,-0.4168146836693245,0.056122156187237406,-0.2512230767165958,-0.04009952927977925,0.0002414409818624567,-0.10354493945280122,0.1704242777462062,-0.024489322082624783,-0.13324622132035557,-0.01863720618227301,-0.032133098901335935,-0.19418867221355404,0.03218682450871749,0.15153684209436896,-0.34173235948518793,0.02220655741225249,-0.14141600484921274,0.44304495416142775,0.16955777501840458,0.5871638359243687,-0.7547964763428477,-0.21520772296755894,0.08859732735676201,-0.2646159515907506,-0.39316235278563744,0.17683758356235454,-0.20960004801081383
27.119999999999997,0.08400995888381362,0.0007092050193772215,-0.053730790755481275,-0.21712786564333847,-0.10206661090180233,-0.0146302291882866,-0.07981723799517985,0.031099475043473768,-0.23841767510045211,-0.0696347005695871,-0.2674922362294429,-0.33282025844921925,-0.18820218128543018,-0.41330041350967256,0.04831583459884635,-0.24984937303006277,-0.04089029756364655,0.007640281546666785,-0.1025007160208029,0.18596916949492118,-0.018324318892110326,-0.1135855637613092,-0.008484959897082315,-0.03166556427943936,-0.19342596992538813,0.034245442770518414,0.15968536564726893,-0.34793118333799056,0.03904866615443933,-0.1285161498005362,0.4541399119718039,0.19368633744832003,0.5722296548183933,-0.7746525453584415,-0.20000964838498966,0.08045516210678905,-0.23380849242921553,-0.39744669614264827,0.18429042949392166,-0.168746241076909
27.24,0.08342675747594219,0.0015789149506527155,-0.05497809867241571,-0.2234548097716386,-0.09259447432919496,-0.010039820942818354,-0.08222176407956006,0.02880057317307078,-0.24772693354351405,-0.06536326973646958,-0.2562044664441648,-0.3292271322566588,-0.1773283958692715,-0.4086228100942707,0.039825141595464304,-0.24768475901974707,-0.04105569440437735,0.01516026452294216,-0.10111458809828726,0.20129958039217813,-0.012455459700425936,-0.09269028139946288,0.0017882643767392912,-0.031215494303495264,-0.19239710266936455,0.03630048708046307,0.1677427451533665,-0.35161289388062306,0.05624442694239587,-0.115862763830997,0.46430962165829054,0.21787476694844865,0.5555850803370078,-0.7893629062470191,-0.18398880097045478,0.07205230695660934,-0.20108703145842177,-0.40147198542774015,0.1919003487505668,-0.12546222776558594
27.36,0.08255723541791431,0.0027183796517743887,-0.05619523045413455,-0.22947721543048324,-0.08236820455630076,-0.005311220743896429,-0.08533560796665444,0.026109487794867887,-0.2573680482250633,-0.061558230888565595,-0.24328037432410815,-0.32483516357313563,-0.16529779845842033,-0.4026856819247286,0.030658147998052162,-0.24457813352528548,-0.04071406562440702,0.02269048466658798,-0.09950068742377967,0.2157835755324368,-0.006931421541368244,-0.07092013273300234,0.012007374173063589,-0.03083193215732822,-0.19119778647335267,0.038211349427043226,0.17549184042361324,-0.35304377050107894,0.07348770323507464,-0.10347745560320319,0.47322080320943793,0.2414302124747383,0.5374923533847995,-0.798345630537102,-0.16718814380007438,0.0632914017608988,-0.16704154307466548,-0.40524558543457434,0.19941555806066183,-0.0804838584787072
27.48,0.08144412163948181,0.004208291448248777,-0.05732011508422764,-0.23502597014527674,-0.0714519888616449,-0.0003874662657532106,-0.08904974836998295,0.023211003819342414,-0.26744791876294005,-0.05846936320582065,-0.2289849873276033,-0.31973559778059846,-0.1521860454177139,-0.39543361580268216,0.020910312279103366,-0.2405610134201185,-0.03996811239806902,0.030209735678652455,-0.09772701222393516,0.22902169064802483,-0.0017385118415156574,-0.04872398097529204,0.022106386380451544,-0.03056062514344034,-0.18999312682135894,0.03984553994589155,0.18283687476118213,-0.35263097607072535,0.09070171044419051,-0.09125581450649638,0.4806212650502324,0.2637414231473876,0.5182248235755491,-0.8016225245053491,-0.14934460531760996,0.05428103290925978,-0.13201664054354587,-0.40846921533251757,0.2066005261158938,-0.03400913086485767
27.599999999999998,0.08010352452404713,0.0060807811016979135,-0.05823111598855278,-0.23987781699932256,-0.05978814785888059,0.0046897245022290285,-0.0930995297369331,0.020297009974521274,-0.27787524453624546,-0.056251617929021655,-0.2133342639458343,-0.31410627462883545,-0.13798094105217887,-0.38693800791252586,0.010745724188608228,-0.2356977096669441,-0.038877857757770924,0.037853692368979404,-0.09563367443454032,0.24109541668838014,0.003154634141610628,-0.026483603685800484,0.03201032430494577,-0.03041888838597237,-0.1886187900928606,0.04118582129350126,0.18994947467445583,-0.3506666101369865,0.10822658596995809,-0.07909207733372246,0.4864763293257711,0.28459388397889707,0.4982013926145611,-0.7995339629332368,-0.1300554774161731,0.045402041480394874,-0.0956696098478522,-0.41063964554862886,0.21342355693120219,0.01453544448190096
27.72,0.07856255460441477,0.008278450382200387,-0.05884980211264709,-0.24382530587159532,-0.047343458792220405,0.009900692526156031,-0.09725315120852523,0.017544978503043235,-0.28841574762174726,-0.05486522018858923,-0.19622598412586434,-0.3080892758139726,-0.12260760971419568,-0.3772830857258383,0.000381024201182115,-0.22997684191093395,-0.03757693363612926,0.04564292389266868,-0.09302957043062185,0.25231507271469766,0.0077741824699896125,-0.004596797136462646,0.04154150301644485,-0.03055272113812279,-0.18670571110116935,0.04220569772056982,0.1970042716030786,-0.3474326562053919,0.1264350004071847,-0.0668985471371036,0.4909378051299886,0.30409057679689083,0.47784194792415335,-0.792369585520081,-0.10892620609099651,0.037190574059530614,-0.05758171699917909,-0.41142428409586557,0.21961954374120188,0.06536267620566003
27.84,0.07677300292181118,0.010673401449397454,-0.05918905794142899,-0.2467446964566016,-0.03415320763662126,0.015188359405899556,-0.10136688418069918,0.015014395575689576,-0.2989123518215296,-0.05433301434299946,-0.17764330029052133,-0.30170951946743196,-0.1059865975278916,-0.3667241778693522,-0.009995644604053838,-0.22352546082293132,-0.036291729544577975,0.053422112270356724,-0.08975699592602919,0.2629514512335389,0.012051021384573295,0.016517862421601852,0.050542478487929296,-0.03146806180403301,-0.18401634693013483,0.04276844580524409,0.20402379310244353,-0.34333649265352817,0.14545337921273477,-0.054629894315354505,0.494044221949107,0.3220642982314197,0.4572448301015661,-0.7807156831904974,-0.08575999876284836,0.029944808142765164,-0.01758143298719457,-0.41081825780723,0.2246743634766959,0.11867945175797798
27.959999999999997,0.0746268484179097,0.01312598160424363,-0.059373443897864475,-0.24859943688694494,-0.020411345093173494,0.020388734152994116,-0.10540060815887847,0.01260283201203947,-0.3092635355425175,-0.05472524389509589,-0.1578369077283239,-0.294913600255685,-0.0882289176407124,-0.355831003167864,-0.020249933843533637,-0.21665002342363904,-0.0353342375499687,0.06086220517233662,-0.08588565718314534,0.27292559274228884,0.015708646241315127,0.03642370610451874,0.058870629283326224,-0.033923113099211276,-0.18036867354235403,0.0427310954459901,0.21078063090799704,-0.33882494698265403,0.16489695713977814,-0.04251677382788409,0.49518376973179573,0.3379581300608504,0.4360331033113991,-0.7652194657097864,-0.060654741045976734,0.023404317279978652,0.024144991490924653,-0.4091420885518632,0.2275251798347585,0.17414197567463058
28.08,0.07206200880615093,0.015570481999599496,-0.059494115453726806,-0.24930132338544553,-0.0062825133250269186,0.02540491096353479,-0.10934153868338735,0.010253729099846523,-0.3192915478031855,-0.05578365649485166,-0.13706924274821997,-0.2876714752724041,-0.0695492994167821,-0.3450701937178123,-0.030288061062830756,-0.2095891027775142,-0.03498279393871386,0.06764568698738584,-0.08154155124744465,0.28211716382033614,0.018581954159135005,0.05486595611584594,0.06639138190415854,-0.038342795937883464,-0.17547078621477574,0.04198853958691477,0.2170507259460758,-0.33423831003679105,0.18417903426184423,-0.03089606916730983,0.49359652606466364,0.3516670609920582,0.4140599948073095,-0.7462605582237334,-0.03384631693260736,0.017151132157623754,0.0673100972324571,-0.40681097832770285,0.22706532145596708,0.23139002080451504
28.2,0.06908278273730091,0.017973358386859727,-0.05957395215454886,-0.24880253466430424,0.008040714527652107,0.030252804191073637,-0.11324584470823239,0.00795717490072349,-0.3287451317357696,-0.05710594329085474,-0.11578207761093665,-0.28016064384372474,-0.05035522382208642,-0.3345804422108618,-0.04003316563401033,-0.20239758596656537,-0.035495467171905694,0.07340525934804304,-0.07694059552217808,0.2907097174687065,0.020674867987135814,0.07168236864489504,0.07298050074427986,-0.044701711325502255,-0.1692830430947827,0.04049161388406104,0.22268997046877537,-0.32985113136089705,0.20258705044476055,-0.020208287007751412,0.48873239169573235,0.36351967025806753,0.3912797494307726,-0.7246367675077503,-0.005698411330302262,0.010892958389575274,0.11121151015418829,-0.4040719954521465,0.2223553269459693,0.2895252338285048
28.32,0.0657333856975611,0.020255482940818158,-0.05960900648856733,-0.24711737022511093,0.022360818757329204,0.03498194618903642,-0.11719541834973081,0.005786979239563967,-0.33727080612268473,-0.058347051389895294,-0.09436066605917635,-0.272602852757722,-0.03099829480744848,-0.324055190492616,-0.04934532770138912,-0.19507629924529465,-0.037011204658486146,0.07799958713615801,-0.07224453204942499,0.29909949921194323,0.022118674772322166,0.08680772655724142,0.07857972433971354,-0.05276172797739192,-0.16182448541600658,0.038203605219364174,0.2276949036067484,-0.3257333379278125,0.21960281228200915,-0.010671270495865661,0.4804988346356299,0.37396471048874613,0.36781854883397136,-0.7011135287260362,0.02348383906881452,0.004465448705560614,0.1549038109742338,-0.4007676825439578,0.21291675500910665,0.3478176381322743
28.439999999999998,0.06210196620711271,0.022413681306233287,-0.05956567281745513,-0.24430475852863393,0.03656354626472195,0.0395242797878565,-0.1212056317227782,0.003841701321219298,-0.3444662362834984,-0.05930909938937058,-0.07301510002061354,-0.2651348172990543,-0.01156250939150976,-0.3131000645969886,-0.05804018345973328,-0.1877660646558185,-0.03957794938161092,0.08143507701988945,-0.0675651059745197,0.30782262463185267,0.02312615954113223,0.10022365097260481,0.08316718822170305,-0.062241826313111696,-0.15306790616354507,0.03512317624924703,0.2320143217648207,-0.3217336543247634,0.23499812044332524,-0.0022305991562470984,0.4690632548413788,0.38329522563172863,0.34362715456017906,-0.6761762791688524,0.05355025462835136,-0.002345152802790209,0.19767395819826256,-0.39654915459942247,0.1986203017236122,0.4059740826081393
28.56,0.05830125794403757,0.024432938044858216,-0.059368195791057135,-0.24048204846377283,0.05061081497456652,0.04376668812872468,-0.12523741622889772,0.0021942725706460627,-0.3501117026670114,-0.0599295222254675,-0.05190313243848313,-0.2578531519117867,0.00796602053996101,-0.301742086177981,-0.06603114483482812,-0.18072855187592884,-0.04315257287201859,0.08366146149702938,-0.06303555180169113,0.3169813271757607,0.023749481803326766,0.11202067242920874,0.08675164628655718,-0.0728538714822649,-0.14302300717591276,0.031210286804005838,0.23550507251077413,-0.31761660111630796,0.24859648654138225,0.005113802198527197,0.454492557961682,0.39144151515793757,0.31851834718491256,-0.6500731252291111,0.0840684019861069,-0.009769864188281765,0.23906424528594045,-0.3911631200987545,0.17946432657714204,0.46368065636922556
28.68,0.05443692446333878,0.026240020000070592,-0.0589633692759335,-0.23571826768584883,0.06446495133462729,0.04763590439021272,-0.12927369583282622,0.0008716670375678286,-0.3541373892670463,-0.060184826437708935,-0.0312022056822622,-0.2509726867837779,0.027613638468128216,-0.2900772777151685,-0.07336891989031433,-0.17408603227607483,-0.04756643378222386,0.08468461019755512,-0.05886974829967388,0.3265384337252711,0.023952364226737695,0.12237892400386702,0.08936143053787428,-0.08425288715242285,-0.1317910159186859,0.026343946570366733,0.23803463687904425,-0.31307423111684296,0.26014767099181646,0.011437272523727447,0.43679970161803483,0.39814865384905884,0.29267372846540285,-0.6228996477148268,0.1141601196478512,-0.01795883979701411,0.2787244529105306,-0.3843155366751698,0.15542286548988912,0.5206398712171858
28.799999999999997,0.05059661491117839,0.027782292034877972,-0.058383143237680825,-0.2300595287050338,0.07796595425189969,0.051053878066682996,-0.1332850669495637,-0.0001962115938863203,-0.3566058478482742,-0.0601889550208862,-0.011165225346702518,-0.2447469790786393,0.04723689356400801,-0.2781294457616525,-0.08024610041874279,-0.1680038832387419,-0.05271585348988079,0.0844590708477091,-0.05552815216569268,0.33615047637796613,0.02364429322200879,0.13138715430039752,0.09106362560127602,-0.09634616099358811,-0.11965855137530666,0.0203948957362261,0.23947336388335994,-0.3079715323273917,0.26929625948709446,0.01673669405678777,0.41610449240001196,0.40271616192167115,0.2662025330462897,-0.5950527229097949,0.1427835355104336,-0.027325207521907563,0.3162066290009805,-0.37600075473360806,0.1264933743071564,0.5762221405018364
28.919999999999998,0.04690668555790163,0.029143214480674043,-0.05765072310036501,-0.2235432681599399,0.09081418970290134,0.053918903725388795,-0.13714106817633942,-0.0010208276352260293,-0.3575822995441356,-0.06001158253862044,0.007966861630854786,-0.23935149576792147,0.06649914508397785,-0.26561599772229383,-0.08675453015949477,-0.16261010150091343,-0.05844524724504662,0.08289865807577447,-0.053449515476927535,0.3454030573111078,0.022783322092307906,0.139021707909497,0.09202835032136007,-0.10909179877666172,-0.10710020020261404,0.013397452656736024,0.23973397372871386,-0.30221447510521,0.2756724196466581,0.02102845629715271,0.39269522305614135,0.4048977725621573,0.2394022665025231,-0.5671778168128427,0.16917866315629,-0.038203197585415544,0.3509652033582439,-0.36627930334073805,0.09268295568740172,0.6294849618333467
29.04,0.04343606343174973,0.030399791327338582,-0.056787088232365626,-0.21624482478292523,0.10270200316896093,0.05608638500037054,-0.14074663308185625,-0.0015393732204345874,-0.3572118618348347,-0.059593863810623156,0.02597450734343345,-0.23490479797972558,0.08511037021849517,-0.2522566212914263,-0.09297354909487203,-0.15795525635175445,-0.06460093234511516,0.0800173626710629,-0.052879439185223226,0.35399350879574343,0.02136869546287161,0.14529976781171483,0.09245918830549209,-0.12231785968742609,-0.09468828001700086,0.00553510825070928,0.2387661942102126,-0.29567012326417763,0.2791502952727958,0.02433490530060609,0.3669500933146186,0.404890025269753,0.21288621854990142,-0.5400360741554637,0.19289381225900906,-0.050595855824663256,0.3825130864748478,-0.35504361200028367,0.05432379414069821,0.6797549295370211
29.16,0.04012057740793004,0.031515334661593314,-0.05585328490575514,-0.2082301786709646,0.1135101266163182,0.057453789074929484,-0.144119958888342,-0.0017043385683458622,-0.35578544379307453,-0.05885943248355675,0.04278414062025345,-0.23139175303727982,0.10285041896130111,-0.23790433599786082,-0.09889600120989957,-0.15403357896981962,-0.07114768087835036,0.0760506351467949,-0.05380726955227219,0.36155984215712006,0.019365295978538907,0.1502324577781589,0.09259580698469427,-0.13578797614797697,-0.08281783865755535,-0.0029833174973348765,0.23663794755448964,-0.288196457368258,0.2801179329636606,0.026926062321353625,0.33939338937770724,0.4025531402174914,0.18714571215862338,-0.5142627661528627,0.21383080682447533,-0.06426259637931767,0.41074621769324426,-0.3419330742223269,0.012376858793841664,0.7271794941543834
29.279999999999998,0.03685510691263604,0.03243567081304693,-0.054946239737646736,-0.1995338207137569,0.12331856199808652,0.05796220835737944,-0.14731922805243772,-0.0015972465884084954,-0.35366663774740364,-0.05777337713514139,0.058431342633064896,-0.22880590760753242,0.11977067876518417,-0.2225014045609391,-0.10459847353456275,-0.15075746601783374,-0.07802745527737208,0.07130839107705852,-0.05619272808472469,0.3676295674127284,0.01665078841876235,0.15375111592871368,0.09269553993109904,-0.14931264049235737,-0.0718518351529833,-0.012017118071363608,0.2335140786804098,-0.2796459319273365,0.27917461931145177,0.029250319182699745,0.31038249312345395,0.3972725825937016,0.16255055260588225,-0.4902531268007638,0.23192506444339966,-0.07893533491506413,0.4359454399069521,-0.32673306882122843,-0.03221176342272209,0.7722119060453152
29.4,0.03357531241663687,0.033102363668093125,-0.05423755077614248,-0.19032509302141357,0.13210724065978077,0.05758845153540072,-0.15047571286403255,-0.0013008116549495148,-0.3511137478913338,-0.05646190069761288,0.07278165984559326,-0.2271483320578769,0.13581235206674086,-0.20604372542396532,-0.11027327382543686,-0.14789830442645382,-0.0850631669119496,0.0659966850660951,-0.06017953513619144,0.37181915557127854,0.013016191923022042,0.15570315552455966,0.09291615481069584,-0.1626985773105385,-0.06233718091070309,-0.021538896183695318,0.22948994969303216,-0.27004668022127354,0.27651218637704694,0.031629114213146035,0.2799653083350917,0.3887204578020849,0.13918625192418693,-0.4681596005823115,0.24696255064929118,-0.09450356579988767,0.4581032829395105,-0.309551360697495,-0.07897539649895363,0.8144327332997208
29.52,0.030279289845126,0.033393972979816305,-0.053886542547799045,-0.18085570361744915,0.13977622016182897,0.05625484562691756,-0.15368262275071576,-0.0009520805559376927,-0.34823949107577695,-0.055176323616043944,0.08550545732464596,-0.2264548560043606,0.15076581821091553,-0.18853251684577033,-0.1160456038606093,-0.14526825101333388,-0.09209591518482707,0.060138278581456955,-0.06589056769856513,0.37406396220989735,0.008280363520407381,0.15606666076049197,0.0932926401806379,-0.17561838679455266,-0.05477910195378745,-0.03160062872469081,0.22452353118930188,-0.2595565940615934,0.27196710300325033,0.034204514759194296,0.2481026402675761,0.3771737052358638,0.11709592996333652,-0.4479924450199161,0.2589417239468334,-0.11091439111880726,0.47685446176180657,-0.29069883164591304,-0.1273895428937416,0.8524687395387592
29.64,0.02699616086553519,0.03314901122295723,-0.05399938751547733,-0.17126644144759295,0.14627812059858641,0.05390060316424173,-0.1568763835114469,-0.0007212327237182464,-0.3450394509418493,-0.05412090065835297,0.09646918049303052,-0.22681585226546208,0.16447736981134037,-0.16982193535883044,-0.1217414098990489,-0.14274331166473375,-0.09900094990613986,0.05396172814415189,-0.07302785786343866,0.37434953250864944,0.0026440061831695862,0.15514901346432708,0.09391217949004789,-0.18752696673049882,-0.04951996226609539,-0.04219253781067228,0.21891742045108586,-0.2482520301034046,0.2658775970020898,0.03712498212846797,0.21548604258574325,0.3637770267056384,0.09688365165054773,-0.4298335857802886,0.26833499383756065,-0.12757589933707797,0.49192555554435846,-0.270294942867771,-0.1762354476041834,0.8854425162706027
29.759999999999998,0.02372794309661601,0.032268912192811805,-0.054626050474737564,-0.16169924383338227,0.15161828818873613,0.05054529911766752,-0.15985862574089324,-0.0007998371013656788,-0.3414817654543151,-0.053424022187885195,0.10573602899355415,-0.22834685015088751,0.1768235721068338,-0.14987921602736776,-0.12695386025331631,-0.14020386370162796,-0.10562542524309801,0.04788862931464248,-0.08110124716364431,0.37240518705284686,-0.0035655154510712667,0.15338076956467772,0.09489735661011849,-0.19808452222360295,-0.04683444689082782,-0.05324231691493543,0.21314253524215188,-0.23616903585469184,0.2588130419474626,0.04051940027443157,0.18322078733657893,0.3500161253339762,0.07942647454743547,-0.4138572602013275,0.27561745044646246,-0.1435783963707719,0.503150858845805,-0.24834826511069885,-0.22406227656556632,0.9127974181933932
29.88,0.020460839189351883,0.03065749335065224,-0.05579609913686254,-0.15231686371748432,0.15583071285756456,0.04625161252007826,-0.1623865172857078,-0.0014111632061676186,-0.33763574785254113,-0.05315744153241886,0.11343884727526518,-0.23108728915666116,0.18781006305353282,-0.12883334336964158,-0.13140937947072887,-0.13745792327271858,-0.11181872325089287,0.042423554801222056,-0.08967531738328283,0.3680546935464194,-0.010066771161338606,0.15107832488022482,0.09636115464780343,-0.20713185049917993,-0.046777518962869295,-0.06472233720469886,0.20749513214172838,-0.22341510525340608,0.25127986146212483,0.04448074393775023,0.1521453530607351,0.33715738550377256,0.06555348704197414,-0.40019553276729486,0.2810194353860543,-0.15800127592408025,0.5105600860469129,-0.22491524240906957,-0.2700711638483032,0.9346663578208965
30.0,0.017174498140417053,0.028217587365945023,-0.057567365477803695,-0.14327298816287215,0.15886649848081758,0.04099355551557728,-0.1643389467421908,-0.002863662900231801,-0.33372527456056744,-0.053458425701036684,0.119459832920881,-0.2349798584792505,0.1972915006681481,-0.10698432967752121,-0.13505553130558212,-0.13446914020534484,-0.11764735193473236,0.03765127690772919,-0.09853817772710285,0.3611307659399316,-0.016763567611016522,0.14838079586985004,0.09830153966606671,-0.21468158275182325,-0.04941017301037281,-0.07674284695716424,0.20186546974488756,-0.2101941899312796,0.24323039177048247,0.048700423115316145,0.12235051986894196,0.3258906161923998,0.05540188244100077,-0.3890221196224262,0.28464160759833285,-0.17019658215708197,0.513969219088265,-0.20043507836249896,-0.31411164625404203,0.9505314131539042
30.119999999999997,0.01386162676483122,0.024948822989415694,-0.05994977253725124,-0.1346892063811033,0.16074930863448694,0.0347666246409096,-0.16572621460179687,-0.005457777668893509,-0.3298943291781239,-0.05439422964150138,0.12376784679241347,-0.23989567910864326,0.20523647689434352,-0.08459405160637243,-0.1379128760145465,-0.13142288961218895,-0.12325103066505262,0.03343825783196786,-0.10745671651722802,0.3514558745437335,-0.02363214689216746,0.1454656561546405,0.10060644337087654,-0.22086516057330505,-0.05450640221311409,-0.08938822385772804,0.19599307616751058,-0.1968408124872904,0.23452838878091792,0.05257469345667584,0.09375998781147402,0.3166559280476462,0.04884759974302029,-0.3803434785440753,0.28644733065966016,-0.17980753264624305,0.5134827486370649,-0.17585992580285814,-0.3559916673669279,0.9602301671836165
30.24,0.01049744547686146,0.020925973417739507,-0.06296056508968004,-0.12665507094771877,0.1613932818823537,0.027713968663646803,-0.16666348922221705,-0.009310348877407799,-0.3259730827642846,-0.055928239747018854,0.126272463212724,-0.24569981967848925,0.21167608600930984,-0.06193188158834621,-0.14002089672091472,-0.12860450052042988,-0.12880579416802013,0.0294024299000058,-0.1162540606640836,0.33891348649747577,-0.03071800933017433,0.14233783731339567,0.10305454933865137,-0.22587498289995198,-0.06161823441014323,-0.10273433575851232,0.1895233661471507,-0.18377443622771744,0.2248369962696792,0.05534370021100936,0.06610186964950726,0.3095631740882187,0.045581196440351045,-0.3742199925217184,0.2862410797545539,-0.18663064219542885,0.5091880820090701,-0.15251143506617856,-0.39554727319326044,0.9632288211981819
30.36,0.007132244034405422,0.016231232273589608,-0.06666048151849395,-0.11915609159238626,0.16075744540343215,0.020087025632683338,-0.16713967162659488,-0.014373649167184671,-0.32170686149920147,-0.05792230093405637,0.12705158438773853,-0.252105691334679,0.21674397278430352,-0.03934229886343283,-0.14148814074055646,-0.1261190691529256,-0.13441046433191736,0.025147050563328846,-0.12481112286805163,0.32351522112312436,-0.0380865777533263,0.13903158519193598,0.10545267962941961,-0.22993398304650622,-0.07011542785037869,-0.11676210482715275,0.18223173521373884,-0.1712704046103999,0.2138259334482953,0.05646130370324744,0.0389285456308353,0.3045779686756909,0.04489140485102463,-0.37011249822422826,0.2839196690200727,-0.19055888455419057,0.5014577776151201,-0.1313390331780228,-0.4326510730993511,0.959268632231442
30.48,0.003876287011211803,0.010918376316275426,-0.07108502175478056,-0.11212777275707682,0.15905514170676852,0.012110214450844429,-0.16705336782097202,-0.02057400471049802,-0.3169962605871239,-0.06027859659956706,0.12656923820302093,-0.2586589034611032,0.2208096494961193,-0.01715979181336416,-0.14235267284852932,-0.12389506120158505,-0.14003115894105067,0.020420805967311842,-0.13295035049369405,0.305141483214038,-0.04598229869355393,0.13569792541086972,0.10770706501838467,-0.23329539202415653,-0.07918407320487099,-0.13141657999222678,0.17413096265942768,-0.15942467636389643,0.20146889372966273,0.05578270849042183,0.011755887875284768,0.30128101006607794,0.045829006806398426,-0.36688631673104155,0.2797920452955904,-0.19173299549339282,0.49118039231810284,-0.11280928468194042,-0.4672771402461819,0.9492364345481048
30.599999999999998,0.0008951927584279666,0.005048704840383193,-0.07605482656026252,-0.1055498562405397,0.15647517273738992,0.003964696296570681,-0.16638216127406913,-0.027856718057124356,-0.3117114345110268,-0.0629136525121314,0.12519718510358804,-0.2648179514573583,0.22413431533806097,0.004238056608665839,-0.1425102245763917,-0.12182438439826107,-0.14550933976438693,0.014874846935464408,-0.14054938911228287,0.2840400124119365,-0.0548020505098948,0.13231067550151857,0.10974486586733771,-0.23629226063195874,-0.08822878130277409,-0.1467097171886193,0.16513862042755784,-0.14813309526287424,0.1876249793234171,0.05323839439775219,-0.015948666109721392,0.2988516711929242,0.04727518953221078,-0.36367897653128534,0.27422541399989836,-0.19057328222870004,0.47891108180970743,-0.09711041620494812,-0.4997341993445577,0.9336458255207425
30.72,-0.0016428365426297,-0.001310510028173542,-0.0813619219791156,-0.09942966761035839,0.15294613340471896,-0.004146055743938512,-0.1650916670982135,-0.03612575455719648,-0.3057365032523348,-0.06560781953131675,0.12323026166003848,-0.27001336893419714,0.22666031409100704,0.024415132495975184,-0.1417194437734222,-0.11979403295890974,-0.1505537133026929,0.008225979135276458,-0.1473370302176292,0.26076751804381143,-0.0647065132070561,0.12882660575413202,0.11145454705541341,-0.2390205125241679,-0.09693640715624496,-0.16250257910854524,0.15511659213741255,-0.13690754864621918,0.1719465647015553,0.04886183620595974,-0.04448845585079768,0.2972232986658575,0.048358061346704465,-0.35996419600687385,0.26760277665383736,-0.18738630544354284,0.46471514639779754,-0.0843179697165174,-0.530288411731316,0.9120475124263125
30.84,-0.0036847268324336066,-0.008039521188482935,-0.08692001849710873,-0.09377015245755572,0.14821353239696966,-0.011958618488371469,-0.16309507087193278,-0.045100022471724927,-0.29899117893590893,-0.06807757993622991,0.1209167058285131,-0.2737207096374533,0.22818923658922147,0.04320799121684866,-0.13969134370680675,-0.11767993751531025,-0.15488079856961035,0.00039262490323829254,-0.1529650092657708,0.2359910905530952,-0.07558213605424909,0.12540776027673672,0.11278158185821796,-0.24132360312681214,-0.10498821790498514,-0.178442025749952,0.14404079209285336,-0.12527483548938867,0.15421205880887953,0.04285117193749256,-0.07384664260402028,0.2973925784680474,0.04828077426399588,-0.35519081799563323,0.260341205892214,-0.18217556732387752,0.44862424107830307,-0.07444703773954961,-0.558937823003575,0.8841931458644318
30.959999999999997,-0.005234647554871111,-0.014951150534810395,-0.09262075265484199,-0.08854311381844414,0.14233535324031657,-0.0190906459869416,-0.16032834224924872,-0.05436611135232112,-0.2914710968293533,-0.07010480806448002,0.11855234468113236,-0.2755653097496027,0.22874491183470352,0.060600189999767545,-0.1362584150523354,-0.11539648421782271,-0.15824618803574858,-0.008417263421162002,-0.1570802457240692,0.21053636445754906,-0.08722347479264614,0.12239691868128977,0.11379237915523904,-0.24309049962731527,-0.11193468650286885,-0.19411791578188226,0.13203628348535937,-0.113041558061249,0.1346854460881303,0.03537693398902042,-0.10376418118961067,0.3001960505962885,0.04670476741637892,-0.3488354244206234,0.25271961645048513,-0.17500034503632572,0.4311967767621626,-0.06726075362738174,-0.5855772838878941,0.8509209946229332
31.08,-0.006338328570165082,-0.02192830639542516,-0.0982890180890253,-0.08368622076323702,0.13570490643947986,-0.025174106032391723,-0.1567327997516734,-0.0635158010590386,-0.28317561758945037,-0.07163831110961111,0.1164791624339048,-0.27522371333707746,0.228558495498938,0.07651135849275845,-0.131389782794446,-0.11302331157973326,-0.16044973070096336,-0.01795318048386692,-0.15938369914521175,0.18535999049243246,-0.09933676850277806,0.12012806636004313,0.11450733067936264,-0.2442583771792206,-0.11727678515592466,-0.20919219610666387,0.119204147862227,-0.1001084623027237,0.11373318871086346,0.026449894396542713,-0.13393286246585645,0.30634464889717206,0.04349141968363391,-0.34054472264713864,0.24484457640417784,-0.16616430546020033,0.41333840553329215,-0.06233101066754661,-0.6104640787233658,0.8135053457335488
31.2,-0.0069958669241772554,-0.02891151976898924,-0.10367245146114051,-0.07906016247507676,0.12872911549129806,-0.02991716800920472,-0.15224258627570436,-0.07218439465443684,-0.2739966135318019,-0.0726729197150534,0.11491346349035313,-0.27249630995288804,0.2277769972044929,0.09079615951951574,-0.1251022610208525,-0.11066371631224613,-0.16136573143219296,-0.028149385089986524,-0.15988098114266952,0.16127302182973735,-0.11161754966878375,0.11872901008524656,0.1149127557335868,-0.24467999039724087,-0.12071537741628859,-0.22340361560029964,0.1055781605266754,-0.08625491905188071,0.09142195424425739,0.01607083894436006,-0.16423851711058726,0.3161838736182149,0.03847337263344625,-0.3302514897333778,0.23685644896787417,-0.15616516290351798,0.39569904756017227,-0.05929059751631077,-0.6343964088027548,0.7731802773064934
31.32,-0.007159346985198041,-0.03582839797106324,-0.10853839022303563,-0.07447598582327565,0.12166830067255384,-0.033052717968087966,-0.14673544902622804,-0.08008728773105281,-0.26386243289991407,-0.07328829790763723,0.1139346255128166,-0.26733219675199427,0.22642039454283067,0.10335571978159117,-0.11740141980264006,-0.10842794769745966,-0.16102042592210858,-0.03908094835923645,-0.1587115501645632,0.13867517058483306,-0.12399189504931278,0.1182268670592412,0.11494651456211867,-0.2442400026951605,-0.12233915642503285,-0.23657969078665486,0.09122795267563556,-0.07130966489910999,0.06763314053040233,0.004373244472257445,-0.1947879719128625,0.32969815200054,0.03140749774218548,-0.31827031742030826,0.22886632625370018,-0.14570264724419735,0.37859722434864107,-0.05794448589306662,-0.6580770717847482,0.730949127157818
31.439999999999998,-0.0068517468855294065,-0.04258501876139367,-0.11271725349530723,-0.06976907242924675,0.11462539006998451,-0.03437146695269801,-0.14019811807265922,-0.08706656589197466,-0.25280594998512573,-0.07357626708365061,0.11359337225203871,-0.2598533852170273,0.2245172325466901,0.11435119781394629,-0.10829072829944739,-0.1063870760920049,-0.15947517188420793,-0.05078437739315578,-0.15593996290878356,0.117888420398883,-0.1364633562268227,0.1186281379224851,0.11454586574629488,-0.24296334664662722,-0.12242096598685087,-0.24846277349911122,0.07645960157844511,-0.05525935787873878,0.04250652554013975,-0.008271038095674341,-0.22553282402896463,0.3466916245925055,0.021868392566665094,-0.30496832558743286,0.22105555658161166,-0.13533062084382935,0.3622399328590402,-0.058205896595105576,-0.6813965832822524,0.6876250318453075
31.56,-0.006081876211470937,-0.04908711787999601,-0.11610817759067507,-0.06487766016262193,0.10752707455434732,-0.03388912836156059,-0.13276242276624534,-0.0930558475413745,-0.24089204975751605,-0.07361069519884889,0.11376014964189429,-0.25038225286335936,0.22212901256482986,0.12398588280917915,-0.09790071278665802,-0.10451466907077035,-0.1568236407698292,-0.06337700266826364,-0.1517484059447748,0.09933928003375725,-0.1490941679678545,0.11975836285465656,0.11364146041212075,-0.24111505617184625,-0.12135285907403782,-0.2588175153681873,0.06148087461425822,-0.038341041927976126,0.016227708656719603,-0.02141917530800125,-0.2563496660782843,0.3667001046307792,0.009180574043814626,-0.29071205497796637,0.2133659099346087,-0.12546648724750997,0.3466060000145694,-0.06003441274291796,-0.7039000926956611,0.6437660162787584
31.68,-0.00480509410047375,-0.0552255354095117,-0.11857872036952981,-0.059738408233282685,0.10015201786142182,-0.03169978099226256,-0.12463937250779561,-0.09803640032140963,-0.2282650971055688,-0.07350141722528648,0.11409624597237894,-0.23939125643387488,0.21920113149099169,0.1324927934701115,-0.08657702128913855,-0.10272652927886981,-0.15314942721354197,-0.07695016012094961,-0.1465314786897221,0.08338231917106394,-0.16190636605649475,0.12137275047637403,0.11216303704186725,-0.23904860615913512,-0.11973546520390461,-0.26748225205317694,0.046358213851193694,-0.020853436149135977,-0.011032817250340377,-0.034695466621704904,-0.28717339684768206,0.3891771350506828,-0.007068727548787061,-0.2760545156062478,0.20554210021956615,-0.11658278214988023,0.33151222555195387,-0.06336221493520047,-0.7255208984904835,0.5996527725357053
31.799999999999997,-0.0029565894751022665,-0.06090111660129175,-0.12001372453288718,-0.054285528775529154,0.0923320353403104,-0.027900188270132145,-0.11600236078778325,-0.10210158168405432,-0.21519676715421454,-0.07335579328778653,0.11422527675516725,-0.2273704836099301,0.2155747882881373,0.1401681519298094,-0.07475572337917208,-0.10094288171465905,-0.148616717583131,-0.09141765167738788,-0.1406334294584929,0.07012415899502597,-0.17477518677257944,0.12333821958750257,0.11012500270261671,-0.23698545883308206,-0.11804161691956336,-0.2744770422045737,0.03116077760232424,-0.003049510293075354,-0.03896172336775502,-0.04769893553560785,-0.3178083955517306,0.41393960237593286,-0.027035693485884384,-0.2618908710159441,0.1973518823813092,-0.10885219577029798,0.31675567155229467,-0.06791519117683811,-0.7463719174454829,0.5557045903898361
31.919999999999998,-0.00048706201876169095,-0.06611015638458356,-0.1203424173601317,-0.048543768383042515,0.08414370323449985,-0.022701545471904113,-0.10700708383752323,-0.10543108141941997,-0.20208857262330754,-0.07320329352761423,0.11395282894582316,-0.21478164452241236,0.21135317367107645,0.1473314013114543,-0.06275243476179951,-0.09906437755762654,-0.14341132380825872,-0.106406992543522,-0.13417003612395934,0.05924241315254783,-0.18741313115385005,0.12570739412691806,0.10764419512107323,-0.2349094645616806,-0.1164892944435004,-0.2799242925822456,0.016097929010652264,0.014839152833014211,-0.0669217627926296,-0.060124679586159545,-0.3478576362616218,0.4407387783622126,-0.050089651892785525,-0.2491205053186687,0.1888445340074436,-0.10204930643219871,0.30249050166126634,-0.0732260120527268,-0.766330920772162,0.5128368426455688
32.04,0.002593982951981496,-0.0709306931546857,-0.11958992764257008,-0.042635446217236965,0.07580522313447846,-0.01641465778016956,-0.09783597712851758,-0.10821300534599924,-0.18929746361502697,-0.07311376741984536,0.11322266056408949,-0.2020179819213912,0.20681945473008145,0.15396612979158963,-0.05070318892523752,-0.09705464665393185,-0.1376215198863705,-0.12147979668781393,-0.12725122650760334,0.05044618912186338,-0.19950558582704378,0.12854453571365684,0.10481121981554056,-0.23282960034293498,-0.11500946459045382,-0.28400796599660727,0.0013707867010705026,0.03247784281417525,-0.094237235855953,-0.0719882037869434,-0.3769904355480958,0.469002392319835,-0.07555475532697765,-0.2378854213144143,0.18023688168769958,-0.095924974108151,0.2890516309675613,-0.07888808221763818,-0.7850987809639168,0.4719291613508444
32.16,0.0062178419165411745,-0.07538821245430956,-0.11787119779882048,-0.036736554899734424,0.067566000235832,-0.009414456793486497,-0.08851747966492217,-0.11064813613636865,-0.17705846193705138,-0.07312526083085963,0.11211295717198143,-0.18925995490765435,0.20223925327630107,0.16001173074542374,-0.038699899285406646,-0.09486743568504016,-0.13122993323278967,-0.13626297661543318,-0.1199896984781796,0.04356259730050342,-0.21085034258703766,0.13191913817323966,0.10165607126721757,-0.23088827293828515,-0.11312794129634493,-0.2868302985453983,-0.01288662988775722,0.04966620580020267,-0.12038145000923661,-0.08341008514845623,-0.4051413210569192,0.49783158755689766,-0.10312214150543902,-0.22786536768488955,0.1720285186976261,-0.090360713794595,0.27697142235136046,-0.08453231255924762,-0.8023922947567605,0.43381658171837806
32.28,0.010282775941565033,-0.0794645359828641,-0.11533530045258801,-0.030993223618138825,0.05972927346509221,-0.0019729731297119957,-0.07905070056749942,-0.11277565901826622,-0.16553522140672144,-0.07282171816562602,0.11104074049063506,-0.17649993147067922,0.19791959428321215,0.16552507142173745,-0.02682347389868073,-0.09228913348417907,-0.12409573631572896,-0.15027360750051172,-0.11241924231826116,0.03807743315095998,-0.22122102316598818,0.1360109022990743,0.09827456879384462,-0.2290993624849569,-0.1101905409043007,-0.2882910359712052,-0.0264434814198524,0.06647776065171607,-0.1448435030472256,-0.09426178186238494,-0.4322155766306981,0.5264243009327321,-0.13211508911656375,-0.21822436402705336,0.16468237897511265,-0.08516565205349286,0.2668857415059147,-0.08967350859045231,-0.8179536993637496,0.3992929578573183
32.4,0.01462655702727404,-0.0831166752448711,-0.11210808121232757,-0.02539294651035187,0.05244240508729694,0.005737232184296008,-0.0694231122490664,-0.11447936008777854,-0.15470912721697566,-0.07166529098282312,0.11056497071993476,-0.16364935067726788,0.1940275278011729,0.17058353373049953,-0.015003882521272133,-0.08893900669208453,-0.11596062939463343,-0.1632300237820109,-0.10450251169709618,0.033420729620405404,-0.23043607246739586,0.1409777248614178,0.09474102215202546,-0.22729566007670335,-0.10580439700293266,-0.28815048222967554,-0.039176865380762475,0.08302045389523627,-0.16738453451648566,-0.10435632788495441,-0.4579120768545254,0.5539713736490859,-0.16140336245770176,-0.20796968820370876,0.15852172824403385,-0.08007273452209764,0.25882667516000046,-0.09390604949132395,-0.8313060032198911,0.3682297776211226
32.519999999999996,0.019150054304446315,-0.08628077741307486,-0.10834068199390118,-0.019878740177549974,0.045795639979017755,0.013618160268429321,-0.05947693564822756,-0.11564374644271488,-0.14445954019428522,-0.06942837154672912,0.11111238537485568,-0.15052340284499632,0.19057453659602708,0.17522089137375194,-0.0031033316143935074,-0.08450512246836925,-0.10653135860081608,-0.17514043332671653,-0.09622803318755362,0.028939496529419868,-0.23849164286681568,0.14689403414444852,0.09112149600322321,-0.225288249767767,-0.09993136107286002,-0.2862012853039092,-0.051136232811279755,0.09950145952551102,-0.1881855491877815,-0.11362106253055834,-0.48213292038552386,0.5795159898653102,-0.19021722508044528,-0.19639695929137224,0.15378703373000024,-0.07478489853645187,0.25238810025736724,-0.09715246353478893,-0.8420841407565178,0.3397699467397155
32.64,0.023786405082070382,-0.08887051026794032,-0.10410889234269431,-0.014380074813004044,0.03986004769665841,0.02166243550802702,-0.048820679961669715,-0.1161600671418839,-0.13464771890656516,-0.06606817666332208,0.11293383678128262,-0.13699089161023933,0.1875884997016969,0.17953839175222275,0.008935261792259935,-0.07882930826493952,-0.09565794784466276,-0.1859922624381738,-0.08759111340770101,0.02435493021912214,-0.2453652370852176,0.15385036903899063,0.08748416112477042,-0.22290407088649428,-0.09266942848234672,-0.2821155466422761,-0.06235311789314546,0.11631363116050845,-0.20744310646755754,-0.12193147695244227,-0.5047960762547195,0.6021104631281339,-0.21782928801787385,-0.18295432683191795,0.15051300454629124,-0.06886039776400255,0.24723291231079603,-0.09935218665287757,-0.8500454872628669,0.3133751931547347
32.76,0.028484407949356482,-0.09076015416707778,-0.09939056715960422,-0.00875264919861304,0.03461036711136124,0.029888873076374164,-0.03706150663313065,-0.11582717784407895,-0.12508576608429312,-0.061586908429918645,0.11623150584598567,-0.12300570957092127,0.18507200486600828,0.1837416855465392,0.020960796291332757,-0.0717934303757796,-0.0834346600874662,-0.19558991965227174,-0.07852836111416711,0.019703207868185815,-0.25101192703553143,0.16193829195891807,0.08385983779203625,-0.2200251525942091,-0.08400222879225495,-0.275577178706333,-0.07282523291097134,0.1338339639169231,-0.2251913633640185,-0.12907799673343406,-0.5255488473704172,0.6211353793634166,-0.24376296794079663,-0.16692072218620763,0.14873315616413488,-0.061784940606121795,0.24316925593198152,-0.1003743213350963,-0.8545636141919696,0.2889379556111073
32.879999999999995,0.033170908881257274,-0.09185513581143855,-0.09419633047505556,-0.0029283233218247327,0.030074048827134228,0.03824381473027154,-0.024068874004307447,-0.11447808766184352,-0.11571925682907885,-0.05608004735639878,0.12113236783043065,-0.10859261653665142,0.18299186622918687,0.18805416565143607,0.032688763902637086,-0.06332569280116575,-0.07013996987814407,-0.20361110891748777,-0.06894101134497091,0.015180954934611949,-0.25551534868225595,0.17111309535150154,0.08024253398688294,-0.2167225239236166,-0.0740251016131888,-0.2665189606768591,-0.08252924400713045,0.1522410560710043,-0.24124139603192282,-0.13472271173769926,-0.5441099851158386,0.6365891953745682,-0.26796788985906966,-0.14785208731681024,0.1484339450918781,-0.053413711757261166,0.24017158021203827,-0.09968235309942135,-0.8549765864676087,0.2668561697288798
33.0,0.03774965092707425,-0.09213984177858901,-0.08843856447325774,0.0031136121944111556,0.026237792169122046,0.04670348689839539,-0.009952857554262524,-0.11208013365569039,-0.10651508960289213,-0.0497765028532175,0.12758518356072915,-0.09390411293735153,0.18115555303727443,0.192587664962094,0.04385826646561458,-0.05346434683973644,-0.05607556186087363,-0.20989329620741196,-0.05883639377869955,0.011358631283201269,-0.2591868253231783,0.1811221285486942,0.07660186362219004,-0.21348038916187215,-0.06301283926759728,-0.2551381920025363,-0.09151829082928276,0.171404663301468,-0.25551664443957045,-0.1385829569795714,-0.5604659811999199,0.6486140106339124,-0.2905967610600019,-0.12570572787751388,0.14934309832268003,-0.043950833163016935,0.2379359403202038,-0.09640885722460678,-0.8511621937519084,0.24732208103043996
33.12,0.04212910884788046,-0.09167465778620179,-0.08199430151771184,0.009423492660633793,0.023049668160185825,0.05524719068556617,0.0049886175672633135,-0.10874112754458994,-0.09750003822493922,-0.04298338457261106,0.13523917391834578,-0.07926608988006231,0.1791784491376057,0.1972179021300249,0.05425312631403017,-0.04238617324108816,-0.041592148316701855,-0.21455658636069827,-0.048437089701067186,0.008630693151585368,-0.26249291490829896,0.19143626160269878,0.07291280854562016,-0.2109854279228654,-0.051500494071210504,-0.2418704188281388,-0.09989156061264344,0.19095560142222057,-0.26824403100390093,-0.14052237694752745,-0.5748606562604935,0.6571139092019289,-0.31216163936513813,-0.10076704407231331,0.15105063571936075,-0.03387693516737662,0.2356753601376241,-0.08983267176002527,-0.8434609973545794,0.23013026871988146
33.24,0.04622719309535158,-0.09053654753630384,-0.07482319247466579,0.015909651554899925,0.020571162152383006,0.06388140087428501,0.020474284718244203,-0.1045757496998574,-0.08877652485764118,-0.03591808219713619,0.14369472142522988,-0.0649926711962739,0.1769008934082729,0.20160748896936295,0.06357276689811316,-0.030500803114720917,-0.027123205423966408,-0.21755215179359005,-0.03796847160127428,0.006913622600614238,-0.2657195120385175,0.20163913961047777,0.0691847880029804,-0.20960692813550563,-0.03979385128769663,-0.22728212311787155,-0.10769012563475765,0.2103821312065292,-0.27955303317338864,-0.1404813125882971,-0.5875259336453525,0.6619542032016176,-0.33315618422795434,-0.07326979616085261,0.1532290650735263,-0.023807465754603224,0.23295893924337446,-0.07980410621161761,-0.8325224136007595,0.21557437073533772
33.36,0.049972862928042164,-0.08876002305489294,-0.06685049008927084,0.02242726596041686,0.018920551303866627,0.07255632836645458,0.036127113658367335,-0.09962940028357198,-0.08040480372869291,-0.028776020236653814,0.15259597172304118,-0.05131068846639195,0.17443854470329292,0.20546999565175256,0.07150694636951596,-0.018400220442876983,-0.013081700406165919,-0.2187314099203494,-0.0275426299130848,0.006207172966770593,-0.2689798178682999,0.21137381640011377,0.0655017976838774,-0.2094752729312509,-0.02810404865101769,-0.21189241249533397,-0.11492803350589803,0.2291025685304538,-0.28932596588668785,-0.13856152429917817,-0.5986768854610041,0.6628802910662637,-0.3537417080166807,-0.043947635956408174,0.15561611756918978,-0.014425920028950828,0.22987930606215234,-0.06670498219789564,-0.8194081907922398,0.20448227626896
33.48,0.053362541549667845,-0.08640916220347016,-0.058015187679680544,0.028874718581278217,0.01812345468311857,0.08124339320444085,0.051508192184900756,-0.09398024099861921,-0.0723769694417602,-0.02178010417258927,0.16149311185515097,-0.038446000909226036,0.17197796800631895,0.2087623710291553,0.07783016137712565,-0.006747298054059609,0.00015852371443539348,-0.21800811118496624,-0.0172485470077835,0.0066107371107006555,-0.2723578674694337,0.2202281767777022,0.061972983398958355,-0.21068196074884465,-0.016766070820230593,-0.19612583715343662,-0.12148850595754665,0.24655564055910342,-0.2973188211561001,-0.13512796643894404,-0.6082933854114203,0.659826849362317,-0.3734770239232397,-0.013960537686211675,0.15789467633500787,-0.006303900225370546,0.22670885401957688,-0.05132916291118832,-0.8050792112813608,0.1974094145100281
33.6,0.056446756942259924,-0.08348584615271515,-0.0482923211302542,0.035130737738074805,0.018022121935566755,0.08993096468114678,0.06618989731690572,-0.08762760077181841,-0.06470034821059398,-0.015130809009737302,0.16999391778073944,-0.026629146142176922,0.1696329630379011,0.21156560300907354,0.08248164957194246,0.0038525223378740657,0.012313642967759855,-0.2154645140798844,-0.007185181121212666,0.008064851983458415,-0.2758960332046858,0.22798004230373983,0.05871685745929986,-0.21332124934404528,-0.00604149890787067,-0.18033512602948398,-0.12712150797912902,0.2623099997817068,-0.30327662974223407,-0.1305138853296775,-0.6161815337137646,0.6529986901791429,-0.3918370932842687,0.01566774926971013,0.15963579860854166,0.00021985662695389076,0.22368430923635768,-0.03455805106151715,-0.7900917157706123,0.1940469404769128
33.72,0.059235133863710175,-0.08000104971073123,-0.037778066865845575,0.0409972940921023,0.018358791139507568,0.09854903838304005,0.07984650602555057,-0.08064318899943204,-0.057374892769768066,-0.008989720445461659,0.17771298768959504,-0.01602337272262235,0.1673926070851903,0.21375311300190422,0.08556508035620358,0.012916814500979258,0.02312152597548316,-0.21146850100285502,0.0024763203273940075,0.01009965111285125,-0.27960512939762855,0.23446819299340177,0.055758589714824704,-0.21760778016875837,0.0039574121566979484,-0.1649235059433664,-0.13182896652465603,0.27599534637542333,-0.3072659177503759,-0.12502853729452595,-0.6223722512244265,0.6422183912533721,-0.4088180141222808,0.04395220996601512,0.16046734138497096,0.004768269129454844,0.22099090064307525,-0.01717779371367291,-0.7750888960978188,0.19328395205781604
33.839999999999996,0.061750035861107916,-0.07605293914919525,-0.026702926571851887,0.046281622929680334,0.01888473062250034,0.1070493617376873,0.0922414586161162,-0.07312245417995113,-0.05028485819869478,-0.003453773520627387,0.18432686154105019,-0.006688579802760391,0.16520403203821105,0.21520355493707993,0.08732972202642295,0.020156214618653974,0.03243391797222746,-0.2065159938667851,0.011606095725035055,0.012419909669777079,-0.28350947892942113,0.23964168446642584,0.05308219155927068,-0.22374858207215292,0.013207897512909251,-0.15029966226129116,-0.13579192745568502,0.28736512208519305,-0.3094921903404354,-0.11901170137133728,-0.6270424717451256,0.627503826621099,-0.4246047674892484,0.07015272533049186,0.16036301838601122,0.007208716236242316,0.2186871001495579,0.00018002604286914727,-0.7605878908354068,0.1938506476722589
33.96,0.06401687569746575,-0.07176126777725245,-0.015336225626291031,0.05094217319731849,0.01960656568808504,0.11539610562709443,0.10334352113731697,-0.06516412371268121,-0.043433246650095576,0.001405850053245963,0.1898152780934684,0.001433941375398989,0.1632285462942825,0.21598553976894008,0.08811682205642321,0.025483484149835235,0.04023461912746463,-0.20091582723253182,0.020309373360124137,0.014972699079937542,-0.287625913060522,0.24363404240026285,0.050692195336589724,-0.23182659611943146,0.02195213828415376,-0.1366724692449667,-0.1389909153562052,0.29623583434400913,-0.30967128228896057,-0.11270673747379946,-0.6300721529068196,0.6093055931750897,-0.43911055976916835,0.0940662309980533,0.15976343911774807,0.00794512536998689,0.21713531876643494,0.017256673421219306,-0.7462867508606223,0.19541372708608398
34.08,0.06600596955786187,-0.06721803441459975,-0.004007285364719778,0.05507455179538512,0.020796800529653305,0.12362907753148257,0.11320917394247712,-0.05688120969281102,-0.03697778837273816,0.005644922220458014,0.19442084596494985,0.008474238866085337,0.16178792490167915,0.21620615452597314,0.08816583977102756,0.028918130548834794,0.04652913054118567,-0.1948961207001987,0.028726958396563036,0.017437496418153106,-0.2920380922439284,0.24665075833486116,0.048570545363733245,-0.2417957701692865,0.030515430121456428,-0.12413421322528319,-0.14120620953821872,0.3025251179395005,-0.3072303320028127,-0.10623691156479581,-0.6313318227036726,0.5881052014332879,-0.4521867019767324,0.11572106576402813,0.1593483359980413,0.007613720634045509,0.21703235076232555,0.03388188235559555,-0.7314502155454317,0.19842420846068737
34.199999999999996,0.06768798285819852,-0.06250626105004461,0.006877988227434362,0.058731061805230425,0.022691339076410688,0.13159830361160857,0.12185918432502864,-0.04845873475050783,-0.031196533157059766,0.009274758599792795,0.1983924234682055,0.01459521213179707,0.1612309723350044,0.21573792607054615,0.08750078266552697,0.03047650028671092,0.051325531632871874,-0.18858204872451922,0.03684280837001659,0.019148994372015594,-0.2968854701884457,0.24885691757031292,0.046642290514710416,-0.25354310482620224,0.039132677541897726,-0.11271651996356889,-0.1422050047142429,0.3061684398128586,-0.30167684223570057,-0.09959495784909919,-0.631017213354506,0.5642733438509029,-0.46376477334659694,0.13532461511233132,0.15964306119899516,0.00668762311263108,0.21916295842245018,0.050035130732037095,-0.7155358031236442,0.20361439687881486
34.32,0.06904702540220015,-0.057699819480651914,0.01685857737235194,0.06202513752807668,0.025302501213906148,0.13910272310781818,0.12926534765698489,-0.04005652799104992,-0.02639707230208526,0.012312109770481241,0.20192411785668798,0.0200534142663951,0.1617542687078059,0.21440410534847654,0.0859666519558556,0.030291393362170824,0.054657292915425426,-0.1821316593050732,0.044560059907758645,0.01954226544970255,-0.3023335871684581,0.250398606151637,0.04483920351540827,-0.26685700016798797,0.047991739866933905,-0.10247472393674195,-0.1419319308657111,0.30740112523469093,-0.2929395461164319,-0.09273667039308983,-0.6297484964366936,0.5381402843228803,-0.4739315680334295,0.15319674509874295,0.1608588453690713,0.005250058445322041,0.22391294555155014,0.06571836452638549,-0.6984879625237266,0.21124014883343753
34.44,0.06998771704823409,-0.052862513185546744,0.025574955848643714,0.0651331383881206,0.028488527042810182,0.14602301395200962,0.13540069238584057,-0.031812126308525916,-0.022811147896994455,0.01464715947324903,0.20511575530038376,0.025020761044759993,0.16334949245104316,0.2120665184043969,0.08330646690537388,0.02860177837947438,0.056586462039848316,-0.17571628036393794,0.05159982347342129,0.01815925962194942,-0.30847138869597157,0.2513147743959576,0.043056455046348086,-0.28136599342690305,0.05719419586780655,-0.09352767790734154,-0.14057840632505753,0.306563592544633,-0.2814003459497344,-0.08552494486467296,-0.6282401590911424,0.5099899290930661,-0.48281808108513474,0.16952541384962316,0.16284265172251636,0.003180914042143334,0.23112817125838467,0.08092354466757892,-0.6806538613060314,0.22095286048250457
