% # columns="iter, evals, sigma, 0, fitness, xbest" seed=296721, Sat Apr  4 02:41:21 2026, <python>{}</python>
1 12 19.806170996024836 0 0.26375800074177597 303.9440064587473 269.1169724030296 24.470968453551105 0.501458915978562 5.0330518522832675 0.3256383354497666 1.6422944287944845 0.7599004503227864 1.0073710529012778
2 24 18.26458892343582 0 0.11630930088052684 306.91015474928105 291.1613819562537 22.983410833473926 0.8427047093153193 3.960007560351355 0.22988153835113057 0.9292763173959878 0.5853019305142151 0.6425485573480317
3 36 17.927919069356147 0 0.13244757792611447 305.2875864231315 291.7797387068395 21.84163637739008 0.7478876178941818 4.488243512482851 0.10508209451893558 0.6800965164611034 0.7078364549214543 0.7549454268929309
4 48 17.996381819510347 0 0.0903522937035971 293.6183150795414 282.76025698319995 33.65614437115283 0.6167013557201098 4.419475705036465 0.44767504264691693 0.7527520594748837 0.5609731256882483 0.6502864569060409
5 60 19.58159182539221 0 0.10347994157363337 308.45054968601755 300.68147809655494 27.83841790447393 1.0911923851578211 3.6799733094901033 0.2066097493143596 0.25788835344023053 0.7841829121076258 0.876575768878479
6 72 23.508760561608813 0 0.12098005157184714 321.90814786911653 315.53682466748114 29.330780747018473 1.106658095700862 3.9048444243288807 0.3391737895929868 0.1403231673189349 1.0825913673493426 0.4720964106490945
7 84 25.418638462007454 0 0.10830100463174089 327.3831195261046 306.817716787488 29.446318850003063 0.9971940477541865 3.376255924072773 0.40989657178115557 0.7332617514706121 1.0390653639989975 0.30019488747406947
8 96 27.212237299454035 0 0.0960820035352203 341.2322620680043 303.4413655968767 26.427931427118697 0.8316773733955957 3.4521794028769803 0.4183864789436546 0.710516679829716 1.0361718303498273 0.5240592525722007
9 108 26.426722868641633 0 0.06025797984870128 320.08766893354647 291.92683589735185 37.422351782631495 0.7335955603147355 3.441951129586534 0.36478045952719285 0.5573810641624978 1.1206864778339392 0.5018482022021726
10 120 25.29069929110173 0 0.06303903114126679 316.4177868199207 304.9378731721065 25.130273553064473 1.0524210604362478 4.82198800900225 0.44291576959914813 1.134304447525726 1.4464248299056863 1.3959726708520137
11 132 23.87278003188461 0 0.10936492578572894 314.93279363621235 305.4342190628264 34.80876331225138 0.898757711222778 2.899281272895892 0.4366105988542151 1.18187065062948 1.1705263116219746 0.5295293086268789
12 144 24.227565429088475 0 0.092738020607146 312.6865404839889 276.19708314379113 21.714305104760758 1.5995611703924695 2.973712231632377 0.44775619884803286 1.263317539716314 1.1027314308528453 0.4387128026310807
13 156 24.33464747077289 0 0.06887152679730833 337.92284893387574 305.96911740641895 13.762539396724357 1.1766768424704561 2.7646996386424725 0.41190876828907036 1.0750572241818066 1.4615404838123787 0.45515272835184023
14 168 26.086995804569842 0 0.10054298955542013 343.9796285725909 312.50154181796404 23.716716468954612 0.7145363734933828 2.869864026705211 0.44934078060200494 1.1210524994154683 1.479931685631204 1.1543621620620448
15 180 25.779236141829944 0 0.08694772133058068 332.0185339230849 299.79822789799596 19.102697490964164 0.5136010063436642 3.869122076994151 0.24375561497383733 1.7741714462682159 1.4210549144356879 0.5607259827437862
16 192 24.298923761046677 0 0.09977922292809581 347.2962711460506 305.31549849796454 21.50049358808689 0.8714321940800739 1.7543786588149397 0.4478768431643454 0.8843237984991351 1.3565018709044145 1.2336230278573403
17 204 25.042330708906626 0 0.08210636672823947 354.3572562689758 293.8184457244337 26.075013854393248 0.5258330693837557 1.7120003027629966 0.34981800499624127 1.5772117545398472 1.4980140299757982 1.105054886200315
18 216 24.372045267863612 0 0.12077510117093175 340.7588775942862 294.00009587926917 25.663415838727957 0.6106235619170837 2.255893247544183 0.3378522657094404 1.951334812545084 1.2183827429714404 0.7521878140459648
19 228 26.94743517558541 0 0.11173065648582688 321.218809086406 276.45194504251566 19.65811566411776 0.7773908603263282 3.1248347982453635 0.44727675656300037 1.7309638577688944 1.4859093877749958 1.8797126863743514
20 240 30.428676009420712 0 0.11602229444103596 297.45079552765674 275.06491344615864 25.98766312413752 0.6180891165179829 2.580641097484583 0.35317285646899754 1.798510256464364 1.437799381391493 2.0399520137650025
21 252 29.905901321051225 0 0.08839976586080227 302.3409022623034 292.0262615116947 21.626689596192268 0.5511437696436987 2.269055359716794 0.44995495669136937 1.7573764006604706 1.4985914712327757 0.8465519023609003
22 264 31.692119709302037 0 0.09189676166575682 291.7385476827756 304.50075695615595 12.96736517144414 0.7774697637508869 3.377078565449448 0.4499948338103472 1.7001137039204208 1.4091413432316102 0.6848026866877095
23 276 28.6009151963986 0 0.05847411694364422 302.65128461130575 288.9540208751853 20.19983507134816 1.235401667395865 4.2541718567753835 0.3849132042882726 1.510527159027367 1.4942833858474218 0.5721311583022902
24 288 30.143449859809504 0 0.06718842403696679 292.26870214028025 290.3514540186804 21.883240773714334 0.8954595850706312 5.353057201122976 0.424640728507984 1.459896053882722 1.29028706300093 0.6873467851775659
25 300 33.856664569693166 0 0.08069377279289681 296.09023185702006 283.2023227177785 19.568467771832225 0.6365861107115057 5.859962047259605 0.2838882727299191 1.3289184011433228 1.4834941152189356 0.7564971807947258
26 312 31.638802794162544 0 0.10454263341484803 310.6852908875549 298.3508694093891 13.87590445612155 0.9111109465092944 3.2600043605689732 0.2683710906579698 1.620087749874099 1.4448586525311178 1.02654225410699
27 324 31.03976093885465 0 0.07362706012151994 289.3177932150195 318.1197632667312 10.398707826568923 0.658328125267062 3.7562331274833354 0.37874415334756173 1.2948833794121843 1.3042695452721502 0.5699267156526358
28 336 28.15934576083876 0 0.07552195337658905 311.2415112773056 298.65072627561466 21.46537958691404 1.0529235179796108 5.212374107216295 0.3927356885291887 1.615148104187571 1.041378103328598 1.530863315219543
29 348 27.73324752321752 0 0.0840735511395088 302.65354525909805 314.472565100984 5.609804084029939 0.5280149093238041 4.493189351709548 0.3929113312521876 1.167077424420661 1.4654588938946531 0.6157618223251868
30 360 27.142664214729642 0 0.11412942050539075 280.93426402129376 291.82110605252706 9.521423995236912 0.5335996251134154 4.889840954546721 0.43646901604580374 1.0956945231772595 1.4844961294623393 0.36916259337563306
31 372 27.6384645923022 0 0.07415450030106996 297.95353208243074 311.8751583390253 6.798069696461853 0.5743895212096579 5.093984249957558 0.4318111134156066 0.7884649800401182 1.354078842713682 1.0458084463878452
32 384 27.653728323023735 0 0.0801758554468472 287.1572595122579 297.2908328036682 14.51522351156408 1.5190624960809158 4.863979437186811 0.23303491942123533 0.5671125812231085 1.3629742813852987 2.031221807643446
33 396 29.026629748082478 0 0.06116567197200435 305.3501312895213 328.58261630200116 11.12128818132553 1.3152359642503346 4.169755783796718 0.36287952784427324 0.33698971671915595 1.349183785110068 1.5136944661138045
34 408 28.22738899674323 0 0.10083024161454086 274.076672855868 292.54418532568394 13.816865212037698 0.7177227403933596 4.6137060999738075 0.44784456281691687 0.867424325477062 1.4939357610340254 0.8809658413195733
35 420 29.11073569858473 0 0.09129371650724845 311.27810917290196 329.46297846794613 8.962844902266944 0.8097760390592522 3.711344328808991 0.44186114901321494 0.675994193726202 1.4518705324011332 0.3075933029148684
36 432 31.730210818723172 0 0.046269320609842526 309.3333923620704 327.8701574845426 14.979477070402716 1.017932324224787 5.743014730867807 0.27493442647870914 0.8880916419143099 1.4911058317236934 0.5952370249795087
37 444 31.607262899662246 0 0.08769607686679734 309.54460485184114 319.3039310111281 10.520105351265443 0.8073280635891495 4.471679770194272 0.42277631272673877 1.0044173219126975 1.438739915809008 0.5179962014214691
38 456 30.46605766940856 0 0.0994136669236761 316.066757060166 323.5515851288431 12.006427530543077 1.623434330162357 3.6798750080717695 0.4434560494301324 0.6437896512738102 1.499524692811123 1.3814322879302743
39 468 27.632753729904774 0 0.0908427183344561 281.40827877574856 308.39255523773215 23.307734443824195 1.1258201033937438 4.368573372511853 0.3297022711295978 0.3644726840768946 1.3308495610754583 1.021262958281541
40 480 26.356306386919073 0 0.08382297687156572 307.8215411267453 301.41803263340904 17.977406321026738 1.0181510315872726 2.1940240482040787 0.3523090551937049 0.4134777384697015 1.3339820600077945 0.6336431263288693
41 492 26.67544652738531 0 0.06039111993654685 319.47212890220277 305.20687062735493 18.96530518912158 0.6418709336263143 3.2787525198666607 0.4482066832455717 0.6490777366124676 1.353113908563838 0.3256926930727923
42 504 25.995447421603853 0 0.09732611268470365 324.04284527049816 312.13297198503847 25.69093719677833 1.0680328247521178 2.1300482045154863 0.4251155222150674 0.7957303758889249 1.493787287627772 0.5880437977568171
43 516 23.26011253856581 0 0.08404201109050916 326.6240742644566 310.1483460149313 17.65558055497448 0.543681863565825 3.3603006822373467 0.43518691791153946 0.6731683474476411 1.3174133160616692 1.2192256815824543
44 528 24.46952383332509 0 0.06086797256319665 323.9498774045436 289.6438935364389 28.916651533944936 0.6183204410095853 2.1343609771561947 0.4435055568326217 0.286465688333126 1.3211122399717294 0.8169344449096246
45 540 23.20788843884795 0 0.08113418889788665 340.660469925282 311.6318054550481 23.475920905826005 0.863148601383566 2.253566888963004 0.43992647163637927 0.20760553644195506 1.4220484067970456 0.4074750388058834
46 552 20.8245844413876 0 0.07118115800256031 322.6425007837132 318.12178252718434 20.546634149158855 1.146488822576189 2.914410654976033 0.3967188173082805 1.0953681982807928 1.3741466912095266 0.42924092925726687
47 564 22.94588355622324 0 0.08692776872421788 337.02818066845714 330.0603633843072 19.496784148027295 0.8779184360060472 2.113857939482326 0.33916199445203055 1.306832962948284 1.3603442507483092 0.6257266790957454
48 576 24.154239268373857 0 0.09064661223354581 343.18863437176697 319.92225805166225 22.093413695800603 0.9294700113608658 3.5323568297763073 0.41123013050144963 1.191756588477128 1.419582927451887 0.6538539776226036
49 588 23.198823011283285 0 0.10101670218984038 320.53568848214144 332.3322887982624 16.409102596473065 0.9403138167672909 3.2297628531029083 0.23269072027012494 0.784415580835715 1.4492685427773433 1.6088536024830664
50 600 23.750855500753843 0 0.1051181601759101 355.5227571492434 340.30590218374414 11.26403463965851 1.296010669087103 1.5567581666387411 0.336631635599824 1.5748738026496347 1.4204754001281454 1.1936283652906488
51 612 21.77905731745713 0 0.09855547630691786 355.94756582283225 332.6097373415515 13.857481163840488 1.3457641732084749 2.2698398144728227 0.4418109158816442 1.4630297014558675 1.4998362374155176 0.707697441082942
52 624 19.28676895889131 0 0.09218187488919241 361.9307727198386 346.7922525663439 15.356606211571009 1.0194468554963725 1.5128715619712476 0.3821918776671084 1.7382337879547112 1.3862559370052625 0.5350329282545303
53 636 18.978778061897 0 0.10776207827220963 348.35858734376444 317.1493015277076 17.807890092016194 0.9342059176575006 2.0967203817001887 0.29861719751157056 1.3373218900379376 1.4928981219881496 0.8103985401652454
54 648 19.279976215219378 0 0.06391004337916277 337.89670148314724 313.34668321519405 18.634773659521592 0.8680887474514977 3.323118476248611 0.4193247038203425 1.0376519428910171 1.4468294536299888 0.3036202628456919
55 660 19.069831522866572 0 0.07835102112560047 336.3143074366856 295.1817021533157 22.27061501106406 0.9404723912526914 2.823629996638114 0.35868029632741183 0.8776394676878337 1.3385138662039902 0.676485700351911
56 672 17.902634915299725 0 0.08063051603813533 343.31423443820495 313.7643402199729 24.459839741015724 1.5000147740839633 2.53141755642148 0.3236757782028826 1.0383246756746254 1.470727311421903 0.708810245700664
57 684 18.02521585920004 0 0.0886748962637771 344.50351892325034 312.98940227534683 18.7663804876492 1.5126879328817944 2.1656413403170185 0.25496748458708574 1.1453673382323373 1.419598543229126 0.9072473285563125
58 696 17.65698305983957 0 0.06546859374866838 348.5303893509782 327.0210699246311 14.852358517221585 1.0768808668053484 1.9589196992832296 0.2736909674455483 1.83733767234255 1.4718714728913893 0.41623654754430517
59 708 18.025455881739248 0 0.08047778488418186 342.57982991880306 327.8447748989438 17.560761307895525 1.1494778033503195 2.1414353300782247 0.28393704706047285 1.917157759035504 1.4197415523409975 0.3000906583743167
60 720 17.69281182858144 0 0.0836123706449677 344.4183055696597 330.90230955457736 13.82408901518679 1.2288283295077025 2.0785395382673455 0.40277862972887485 1.8340952203395584 1.4998541768023572 0.5198354214298289
61 732 19.05947130630256 0 0.047653078303907546 346.03673673643266 334.2551547619547 10.446656146407602 1.312475549728316 1.1427383897608574 0.4175575017221291 1.8013627110984674 1.4997305775236496 0.3592319527095353
62 744 22.756985790108097 0 0.07123269032858119 334.89008743224804 326.59533411483545 18.22963142068716 1.6314612319641715 1.7775413394171298 0.4477626891565566 1.8617680814340536 1.4949909017332794 0.5002962910310113
63 756 23.677356643666876 0 0.08637726860425197 328.71786769128795 327.6720517134337 12.443272383599364 1.6791637938905324 2.0376818405131867 0.41117898869250924 1.5817838858601865 1.2101421594886177 0.4498208559147471
64 768 23.028019237639654 0 0.09151755523531233 331.1884641507424 325.04623596185945 14.309046910281873 1.304801653070189 1.5038682711670899 0.35050576933355615 1.999500797766292 1.3821146472144648 0.33235013959997967
65 780 21.984848406544927 0 0.06147946837006247 318.64869890070975 310.6286189077828 20.426846177366436 1.257928124339455 2.8424170353205493 0.43276985159543435 1.565214519102731 1.4264477584866126 0.3070446695681936
66 792 19.869977649895507 0 0.08856997384669282 321.3877266448772 308.45554773764877 18.62832719456954 1.3191564836241576 2.5608245626661614 0.40176138553517443 1.804948491320572 1.3424754533438177 0.3748607502955025
67 804 19.396609001341897 0 0.08851497820671372 341.7368314136316 330.50500874252094 20.81097918468862 1.6356069187955717 1.1910631453471692 0.4343033824508411 1.5490824947431037 1.3501975734633214 0.30024725277375963
68 816 19.862254970557956 0 0.08797593923728451 340.0599466583733 320.62326137979875 19.786879692984176 1.165001387550381 1.7325078121483575 0.35189624199723724 1.966107439839532 1.4278304101923014 0.4268926912305332
69 828 19.86112626031875 0 0.07587162467722626 351.96510645407125 330.24931200564293 18.590859410607127 1.3133554273744001 1.2761155256506371 0.37331948706030305 1.4459061807413751 1.4970105288239235 0.39861272451276664
70 840 18.799099630184262 0 0.09461523521335194 347.2132293781248 341.1436480132585 9.490202045574561 1.4480074985136921 1.213908213970729 0.40855208412987387 1.0471424510617728 1.428137107723787 0.3035961961191577
71 852 17.235549235600775 0 0.056367821373203966 344.81713473713404 332.1645047649432 17.375912174637286 1.3808650570753727 1.510132900763769 0.3850479592405527 1.4463720441717491 1.4983685458664295 0.30051049538163754
72 864 17.636834575669393 0 0.06134780422663424 357.06704221683464 333.6997812905786 14.240329956733499 1.508035504048563 0.5016076025898644 0.4447819128595203 1.098765931443085 1.3430001940728062 0.30032385080107094
73 876 16.1574013903311 0 0.06923426079152148 337.74176701330697 328.86608673212 15.590418837098746 1.4922999796805227 1.2009944624224014 0.44688558817976676 1.574747117046238 1.4959026187206126 0.5509670330936421
74 888 15.652251403669831 0 0.05824800280838842 338.9447332289425 327.22734664797804 15.616543237634106 1.1881394012468227 1.4692119700535045 0.4215397462219066 1.448507045626588 1.4927612726044048 0.5333353753461697
75 900 15.174582936283308 0 0.07579562839526913 354.6902031723422 341.6601994950479 10.859305129670618 1.3283002875345185 0.6705954558117382 0.3700917161222601 0.8853002673955976 1.4295689991854845 0.4826739887421246
76 912 14.939558747702531 0 0.05217368981290212 350.63806386697456 340.8781855233326 9.912464120676816 1.458957145640415 1.0548728263357894 0.3413867492629994 0.893373449436007 1.4493398623851241 0.3433761694368333
77 924 14.592219993742292 0 0.0744631558308399 365.12344696504664 343.42754638229843 13.122730516882985 1.4329883432777917 1.1361125124399014 0.3418900252087411 0.5598399323819319 1.2254900442174042 0.3617399686295156
78 936 13.936781636072578 0 0.08153367746263092 340.4157487469679 331.48421321927617 16.252201897141102 1.0779749063930417 2.105030815487582 0.37263737699485244 0.9563623046278811 1.474988930813716 0.4677071625858733
79 948 12.853465329862429 0 0.07464661730058252 341.05195804388865 336.2221022000284 14.10852896977752 1.3694458968590315 1.8620535824362021 0.35635093316352817 0.9990843390329944 1.4998574448777273 0.39665675792077354
80 960 11.220123138993541 0 0.06847306055520881 343.98786730469783 329.1182798997503 13.937495277132324 1.5019950801933015 1.5534818596718651 0.403479553528259 1.0220845403246015 1.499455916507199 0.3262075329379375
81 972 11.204094567252383 0 0.06740076630866464 342.1931293079561 329.27634838593633 16.77750318038465 1.3461762710989864 2.021820909561833 0.3524021991108195 1.1703917644310473 1.4995184496121041 0.3159057961248033
82 984 12.307278372087788 0 0.07038695582502859 340.0953915891955 325.63568283865743 19.171094115604536 1.174889737729614 2.7588858982506266 0.36191959715200084 0.8306527543556315 1.4924721433581194 0.3149694260481071
83 996 12.474539209772447 0 0.05737667215168395 333.4439501961716 319.55479498800884 16.711913049199318 1.1212047006307018 2.643751702684838 0.36300666981796814 1.298469924378519 1.4777145622867593 0.31343247536761926
84 1008 13.38756933053735 0 0.0711354381716151 326.2170825321222 313.5097376081533 16.628214198878087 1.2652456660129636 2.1877073020429605 0.30805798215144464 0.9696480256341076 1.4215523480522239 0.32524777489688195
85 1020 15.04223979085657 0 0.06727723173104182 336.66418286017716 321.1129547351755 16.12241973317727 1.382189386987626 2.2708236752366617 0.43425055040816046 0.7818102731073271 1.4479090060799142 0.39489781097837373
86 1032 16.24012763127716 0 0.09033364940414146 326.6465394615484 308.1523368442993 18.818061261699096 1.584913893604251 2.049343742548322 0.3693041631221937 1.1190874557752424 1.4621958008831026 0.3140916441192598
87 1044 16.237769461076198 0 0.08471614238585516 332.9739310933663 315.62137863130096 13.629298306361239 1.4197737858050294 1.3840606839223142 0.35389672941157 0.7247318435880148 1.4986755558269866 0.6187750975144541
88 1056 15.927188853121944 0 0.07568744305272315 337.88275244540927 311.5912151647911 18.357743665271588 1.3873501128961423 2.213964606630634 0.3900597377995436 0.8723316278910485 1.4876389633080616 0.39203665587767345
89 1068 16.84526170424402 0 0.06930028804575654 340.95890847043086 319.93483495065163 14.561846947560602 1.252734233320479 1.2613894072888439 0.4322888350242268 0.726490273414909 1.4702389527709643 0.5198478148543904
90 1080 17.24715132015823 0 0.07816479644516224 328.5279763267264 307.32180465033116 12.701973842272215 1.416816708669328 1.754767055777448 0.3743106512485944 1.3676952141512455 1.455631601202466 0.3582774672978846
91 1092 19.389795440908628 0 0.08947645236248558 333.6578225037778 307.07735100270565 12.680362511381968 1.0879838473450305 1.3201124195366631 0.33274961957717053 1.1829201798222182 1.2750809183843164 0.3027423762245741
92 1104 18.79889715152696 0 0.05479413000105412 338.5425316263497 317.41598644223814 14.556206679722383 1.3799616849517473 1.3029909117080867 0.39136765158644515 1.0070118032297475 1.495090840071814 0.3555281399873752
93 1116 18.76820213489939 0 0.06391442141310325 342.5850967835171 310.7213771366218 14.312656949274253 1.2908437430026014 1.1474709448476859 0.33031130792827623 1.4095251856673965 1.4492333773802117 0.4465183463676382
94 1128 19.135836887723556 0 0.06074987927713239 348.8191788446037 323.41791492741424 5.481779111457139 1.3817910489079563 0.606561037513424 0.2919363428408992 0.9385650084581307 1.4002876515950131 0.42040280834681415
95 1140 19.591334700024177 0 0.07133300843509166 339.1310994042627 309.81408850696334 12.491777883573457 1.0202477307732234 1.9302610736381687 0.25964098837879457 0.7945696101602118 1.474555520080703 0.6020873257450814
96 1152 18.011200242496447 0 0.0810638958378883 342.24070303491317 319.7048879161362 15.415443335451457 1.0606645714760399 2.144198488211408 0.34505585586056686 1.1852994423051961 1.4988191923233178 0.31072083201978407
97 1164 17.31070016793696 0 0.062061819959699956 329.05425094888494 309.17363596812214 11.097653054367223 1.155269847938272 2.1700886003596196 0.31970449438830284 1.5863485628526304 1.4970469512102866 0.36661273626723484
98 1176 17.01579773471184 0 0.088175916119742 339.151160138682 314.5361714546364 11.080779082650656 1.3239539529534308 1.576133821834577 0.2828356673143795 1.3203935854948052 1.4700480595044758 0.33603124121622574
99 1188 17.176420488328823 0 0.0679610035226486 336.6176983675792 307.94852502660996 16.078835947243412 0.8024429523767371 2.57972239008223 0.2589142476770918 1.4820136906419 1.420389235770078 0.40282983986342985
100 1200 16.706806732916515 0 0.05644768400782252 353.44357499975837 323.2273243115346 11.005824465621435 0.843415651878481 2.1449356784682356 0.29244816628400694 1.325276961230987 1.4423897338172122 0.31980525526949993
101 1212 15.982073622604295 0 0.09831189370795235 339.84298948284305 312.44849398841745 10.220429645660627 1.2177447720256067 1.4622117778243764 0.3454451427006475 1.3060575346246286 1.499049999109284 0.5272669238046017
102 1224 15.111675485635196 0 0.04345457294431948 330.82025741878 305.9335957576637 13.777489313197222 1.1016048926492676 2.4668167009892974 0.31098434096914473 1.6453132272751376 1.4989529973964386 0.30802047149575
103 1236 15.803799152721412 0 0.08846789949032742 337.8728199411962 306.10344403722775 10.291125130413542 0.952161587268953 2.220662507473061 0.1793172323154688 1.511002600712024 1.4496426200350723 0.4857862208365817
104 1248 15.058734466310348 0 0.06874122900496821 339.4354691044402 301.83792960568695 12.880868933260428 0.9580233838628205 2.009347057535206 0.24747168893904925 1.8728017949428493 1.4968131505891475 0.5236592455615672
105 1260 15.102569867481307 0 0.07327037274511498 327.8381010269912 310.5125715075757 12.233208599012926 0.938870329171472 2.420571089716833 0.37258324477374904 1.7657290612146013 1.493989854251407 0.458863999510625
106 1272 13.915670403589093 0 0.07193298404266965 335.4272485695761 309.7220339222708 9.939696940392047 1.005041372583579 2.3534274369236816 0.3529339182053699 1.5564957507037476 1.499199373996944 0.3039876135797847
107 1284 13.873078976951366 0 0.07422810112992739 331.5171568313841 308.02044777369747 14.126113927513941 0.8151081634532356 2.5158932623279173 0.3658600329242312 1.8175023979703542 1.4913428396825295 0.3403200394957676
108 1296 14.126325124977308 0 0.06234664213447144 327.8662674505515 305.98742599563354 13.898194130046274 1.3712356515109028 2.4685351871125687 0.41366717308451567 1.8166394676327897 1.4832115737462557 0.30157055386593123
109 1308 13.161484611506612 0 0.08012319538340083 328.14336892396847 309.7854820856373 12.132125817948054 1.1006126801766298 2.488429005560323 0.4244272286018033 1.621218403440821 1.4988064530849032 0.40075801396473254
110 1320 14.461274647764544 0 0.06128787216175374 335.628306087013 313.6881920161661 12.64768538851867 1.1130210544795944 2.2461004345584388 0.42995405559996475 1.4352683014828944 1.462123814924789 0.5964670994298525
111 1332 14.49992417963792 0 0.10490201427338543 331.1177801799401 306.23573018824624 11.180139492692803 1.1543561684194292 2.2323528486139046 0.412638304028025 1.610733351580771 1.4999990985635672 0.40769064037735653
112 1344 15.582425691164223 0 0.05472758301825991 342.8248322144289 319.52826687404104 9.680676220390087 1.467219867578056 1.702593015315807 0.4467616413606133 1.215120158714504 1.3815423855336992 0.4406093055670627
113 1356 15.2575227913802 0 0.07545975838950437 338.37414796823697 307.04779300808343 10.07724893950582 1.3315710631443656 1.769602651830083 0.4336867468480088 1.5020897134092008 1.4973411723378895 0.3770074077948157
114 1368 14.213025892004474 0 0.06290732067849718 335.6162318099868 300.2359707262028 12.33716440036405 1.1659119908223208 2.2492797302547185 0.4437399703289225 1.6209269292611497 1.4916913955508726 0.30500013423403216
115 1380 14.481163571317776 0 0.06815631927031617 349.68830544905546 315.74991475419046 11.517546072979115 1.1271144308442458 2.282266685625088 0.4484750296606997 1.2814828637427507 1.4144653265696316 0.4281816687077221
116 1392 13.541610392978738 0 0.0681931817109162 343.84465795413576 308.2345385015759 9.44162783061125 1.0326486914983244 2.1876848907929456 0.43272056455451036 1.383290594111498 1.4984402307534817 0.4297506960971453
117 1404 13.113028938134304 0 0.07505710329398793 337.81067389095256 308.6443970488854 14.358236897994056 1.1634770865098845 2.3182569124642525 0.44862116773449023 1.4982925459346763 1.499998129117149 0.41058121887308136
118 1416 12.345944670272507 0 0.07874898014927938 341.10669419190435 316.07379250089235 15.338838117073852 1.0245141890663974 2.3794786546449753 0.4472961459115274 1.420273182793303 1.4873623490093042 0.6809368664702224
119 1428 11.125645932494939 0 0.07202237523329917 339.6082400782443 313.53117952242536 13.37478273806371 1.2129294881950268 2.043722531046045 0.44647418584922144 1.3095846080954088 1.4618856477790712 0.47453878076392736
120 1440 10.008267840379593 0 0.06920774396917836 345.1744976912122 312.9937093995284 13.602850358854162 1.0318531370739454 2.0285664870684244 0.42672161761316685 1.3866123434661164 1.4904510375455244 0.4781312302167121
121 1452 8.924089490136941 0 0.05355546951323804 335.01061762407835 303.6324631323418 12.00069086603143 0.9878350537493487 2.3914209461168436 0.42839983582236657 1.518541439204546 1.492141661253458 0.40151423267434055
122 1464 8.919794365504766 0 0.06983977638812255 339.68688020744105 309.60807411671277 13.15984093719988 0.9951090644479272 2.3112230941857232 0.40495902487730373 1.455679446564734 1.4931335673106187 0.49839303692483633
123 1476 8.291579642434021 0 0.08072065963038651 341.2068764387297 309.0295635436397 13.363402594904146 1.1512856234740854 1.988209606096635 0.4471899237218126 1.4647207050960076 1.4975916179438997 0.4195783746375374
124 1488 8.729077821871744 0 0.058808761601471325 342.5280548631384 311.1840123516697 14.329071568283194 1.100466598659466 2.10410847975811 0.4395811899696337 1.330075512845125 1.4932121270123973 0.5523507878907767
125 1500 8.2348529119136 0 0.09238512099931125 342.3200454393233 311.69299963441983 13.795639206104878 1.1581468143587534 2.042454519539313 0.44039627924928565 1.4707724390814696 1.4998413292312676 0.4380882032177082
126 1512 7.488753914274282 0 0.07444706066584422 344.50158210905687 310.74202490211917 14.183708949272988 1.1285888389790675 2.0426027404560765 0.43847236940399476 1.5597501560517126 1.481214398638988 0.4255185555649183
127 1524 7.399519189047132 0 0.07568892100616335 348.8135957085674 313.02144362204666 13.094388274558014 1.022994660606717 2.091000676274003 0.43441585056817084 1.3313577872054 1.4951902353086883 0.38700389063991614
128 1536 7.142140491879348 0 0.04781300404656874 341.3375955848346 307.983076524668 13.32622187924455 1.0425853836318626 2.2222805994373642 0.41422021932292874 1.6589763484760076 1.4985217492152432 0.300027429328606
129 1548 7.516960833840813 0 0.07646981344869319 343.03378294607285 306.45193939741387 13.524793323933945 1.0708117073001002 2.147769327587728 0.39374874222544676 1.6075395992648773 1.494651947084149 0.32509878768877615
130 1560 8.269265559558239 0 0.07567369076414714 348.39012871544315 310.73523135503854 11.267778995731645 0.9161262154662246 1.8350254258038312 0.35281452462997487 1.522630525298064 1.495757575030697 0.3067930757178799
131 1572 9.450285936812103 0 0.0803542891688128 346.19854637045705 309.19072080843296 11.086115757344663 0.9570253892308203 1.9365977716704386 0.41376125762219285 1.6070552430598792 1.4975297544645112 0.305449247729803
132 1584 10.065304533545973 0 0.07071948276332003 340.2266059751086 311.4994417059348 12.653076938232779 1.135996270374378 1.6878958500511079 0.3633404117779012 1.7154078376933954 1.4948207163276517 0.3026344332414401
133 1596 10.751902628831093 0 0.06556623723080078 351.6299376850209 320.64376395163094 10.645057104830265 0.8969712381330595 1.405749172991711 0.4001975783154494 1.5214704965699433 1.440266234118771 0.4039317656524319
134 1608 11.142054734113987 0 0.07033254562229542 350.43346426619235 317.5300648154398 11.97110038598591 0.9364633305106921 1.4744722597825408 0.33922921260949057 1.6063394950665324 1.4375093115512378 0.3641182244109687
135 1620 10.952462817020479 0 0.06812136756462688 353.4998686261439 318.9294639925652 9.771179249714644 1.0699711528810445 1.5320916195260266 0.34411567928049824 1.6486535147583887 1.4018116098408693 0.39303174500803995
136 1632 10.553119826068109 0 0.07073538768318731 351.43409342474735 320.80058659393285 11.966398657060948 1.0062498227096706 1.2909446125029977 0.3995518135118149 1.4703942017835931 1.426407404677309 0.38540481115705505
137 1644 9.815971765251824 0 0.10441600715588492 349.6965695028596 315.3456169910378 12.412024399986318 1.0773217957177306 1.684174113370698 0.4253758759970104 1.552892475159466 1.4596087007898104 0.30015472867954934
138 1656 8.888600696656829 0 0.04818988160633125 351.09505034358676 316.59044233254457 12.695220814713648 1.1088871699768472 1.9347276631675716 0.43247545881454197 1.4855043891453201 1.438436191241644 0.3044883929204986
139 1668 9.022243676296654 0 0.07828277893614827 355.5396843397732 324.4397238217414 9.848917122749183 1.018567287313153 1.2727942981456848 0.367242939924166 1.481956600004708 1.39377318951657 0.3175779743188416
140 1680 8.256495621409696 0 0.06559726443835226 354.726686130612 323.9416994412025 10.535194042289108 1.0445168300437264 1.3899352716205806 0.3823632829496987 1.560209732783166 1.330739966878932 0.36614705276460036
141 1692 8.11357032488453 0 0.061511712489342264 348.88120120201535 316.4776679841185 11.01619633009635 0.8744258230973987 1.3891636570072592 0.32253932047847866 1.811722820452084 1.458545768044001 0.3974506211479389
142 1704 8.952541983641519 0 0.06595130737997094 351.00323895742594 319.35767598669634 11.077720007829193 0.9885136333882422 1.3992864933350793 0.3524064596375246 1.8545425778191045 1.4169190028331187 0.33598899352325656
143 1716 9.44028743777563 0 0.0405355058613742 351.691699787408 323.15945408969833 11.267255055044803 1.0633600504926137 1.2907418795387886 0.4070801068206183 1.8637823410466874 1.3657914680752956 0.3001032120467938
144 1728 9.808583910207615 0 0.06920063336389705 350.570626361807 320.97498572844677 13.806873632794966 1.104238381558066 1.3295452532115126 0.4188784684985473 1.8222962544557353 1.3520520533680944 0.31217456603520843
145 1740 9.597930112707123 0 0.09559073059902241 353.17638233361964 319.93436785505713 13.690920637093404 0.9126642925851485 1.3537670837538858 0.35243913965801765 1.7768231280561495 1.3671746275422771 0.3277198326376163
146 1752 9.3797278664271 0 0.06977206318498762 354.86584651615885 327.24929654695666 9.299452804009555 1.0850150861552486 1.017647311450486 0.4043303719647066 1.763911120212247 1.3323782713922587 0.3098012600660375
147 1764 9.289848934111976 0 0.1086707353707409 347.7528702389835 319.4694403906261 13.275962587397506 0.9525916087901438 1.5240894363223607 0.37284685716879995 1.8513534435646393 1.4085801325597513 0.3065110896403787
148 1776 8.545468388237033 0 0.04810303038461667 349.0140611190729 320.3412109159068 14.182920213701507 1.1260438209478494 1.2627509895332685 0.4216469365072369 1.8499811220802842 1.3559416168787766 0.30204597881343076
149 1788 7.6052265883656585 0 0.09159132486434252 351.39584084484966 324.5100390938085 11.292510241084468 0.9709578416018604 1.280623445419567 0.41888364320797666 1.7007397632608607 1.4017345908788363 0.3336055433634351
150 1800 7.673231967808446 0 0.08230631400249501 345.50000942407047 315.83725593199813 13.878719788076337 0.955937764657592 1.712598234897266 0.39745514348719324 1.8831342026511884 1.4771459801685252 0.31719751742708957
151 1812 8.1149343220867 0 0.08612773501447074 347.6114809899425 318.62603523410735 13.877217993476856 1.0236759150712402 1.4583949126758935 0.35137145902451283 1.8939530113424516 1.4324741448026155 0.309867387144311
152 1824 7.983475888679344 0 0.10510735589649436 348.3712644505945 320.1894303953732 12.645993582830982 0.9522900089017318 1.4796716124349376 0.395798442862344 1.7433165333214546 1.4605432809946863 0.3768787513982721
153 1836 7.605753149518554 0 0.09481828936523928 348.3140101792076 316.96291884259114 13.776715893695396 0.9547929021314048 1.3164805580786028 0.3622750617727646 1.8187489759184907 1.450280931169559 0.35513305250209726
154 1848 7.534992985561377 0 0.08304208133299924 343.6179483480178 313.2603908182343 14.26378132564565 0.8960933855737302 1.5681926678603935 0.3795998702344967 1.7958460157232476 1.490768455755274 0.408550685834529
155 1860 7.819961792988409 0 0.11789569705238903 347.9410859577547 319.6540697329037 13.683706447834648 0.8362884083738326 1.2986788665614033 0.32904262057468137 1.8217239972438897 1.4648641740147386 0.3972435520287305
156 1872 7.329874620113206 0 0.07742598451532944 346.85775318205515 314.66044220328615 14.839186691666667 0.8262744612034172 1.4022438951362715 0.31183013824841366 1.9387411894866031 1.4763317159200444 0.34169392205236726
157 1884 6.7655689973059445 0 0.07855116297266929 342.4800184753255 311.750005096925 15.088025638708096 0.8916757769933532 1.6286025630983922 0.36778031526574506 1.945598859227383 1.4966495535091127 0.4046182638144188
158 1896 5.980545580747365 0 0.0855993512550643 343.2511275958 312.4762019126529 14.791945476443177 0.82210529688854 1.654678489758495 0.3230902853242039 1.9596720021719105 1.4970161954775236 0.3281063494483643
159 1908 5.736270925977939 0 0.06964602611347868 343.4768956542869 317.50845420541157 14.569925258880165 0.9101453022876885 1.5358111460570696 0.33014777624510183 1.8617386340291042 1.48720837697817 0.36738925126872085
160 1920 6.007720406627404 0 0.07511543241587577 340.7924667800871 314.89218065010385 14.349234312656124 0.9543159825888502 1.6016555202556313 0.3609741621184025 1.9286998326661915 1.4897691792865349 0.37535516745198577
161 1932 5.88075976029234 0 0.07830836447503962 348.14992569243884 320.85738843980283 13.600907196977957 0.8480715492145094 1.2466483930409733 0.2887234926628056 1.7985482295603425 1.4530116464424898 0.3505207776494989
162 1944 5.213382129029237 0 0.09343867291506985 344.4375147877169 315.8353464246676 14.911455587266328 0.9231028566126163 1.674914461575969 0.36750335420953706 1.840400508522194 1.4928549894007013 0.36939614355553846
163 1956 5.076318899691188 0 0.05362883846307718 343.3598000326431 310.0266255588564 15.811141325364407 0.8071057937430713 1.7082864675762615 0.3183291016717855 1.945495929415097 1.4999336715155578 0.36450119852543855
164 1968 4.8431953326043224 0 0.06675283940057952 343.10568539182896 312.90910490702316 15.591032138715827 0.8951965119492188 1.6608083789121033 0.3144941838175582 1.9106212130063112 1.496940112931204 0.3616672806844186
165 1980 4.571797350664728 0 0.06799884712450513 345.6746284128021 317.14130375944524 14.245566332535576 0.9064439136592944 1.379336252093489 0.32182035521846075 1.803746854832187 1.4799621342119988 0.3541793601488704
166 1992 4.6931001473015295 0 0.087668940631879 340.684921144568 311.1469744175612 16.25585671328528 0.835696513712469 1.735803134291058 0.2963803293722549 1.951791017646313 1.4968037027590997 0.3712349145816868
167 2004 5.212359115620752 0 0.06427147570988359 341.4895256946386 309.60204378852035 16.572306530886816 0.78120255318448 1.6335743487372045 0.269136269190119 1.9688545320482327 1.499317569102836 0.37024701059055115
168 2016 5.279431323364305 0 0.05516950485807366 345.58636978046303 312.5158753263566 15.68733184339532 0.7664737653564645 1.4536860596326353 0.24320727175100454 1.8651139045324516 1.4997438893165849 0.36229174568632355
169 2028 5.702852859410853 0 0.06165762860722922 345.95969694665143 312.3149853247922 15.793272575524375 0.7370319181609845 1.4876575740890179 0.26328532941110805 1.8479887618698791 1.4995907927779912 0.3723999490427398
170 2040 6.3430057381496905 0 0.07202010482240861 345.36584842080237 310.96700011063314 16.193740191314276 0.7142427674163182 1.4975067191468547 0.21717799837645324 1.8384024415164277 1.4998256399450685 0.37865166820335655
171 2052 6.219985872564799 0 0.09005931676412991 346.81261673020947 313.2295700646135 15.974215602874411 0.7524492138030713 1.4438079054883772 0.24841029869980502 1.7745636004257994 1.499473326076438 0.40509020440035426
172 2064 5.810751409768596 0 0.04081238688853522 342.492916869069 310.7473954861331 16.962229658479057 0.7816905797359518 1.730219521418602 0.27666414130162986 1.8486181887487576 1.499767952132298 0.3943874340224166
173 2076 5.23890606015887 0 0.07046590609368276 342.3265589742364 312.7976677748069 15.427155057071243 0.8154558329666999 1.5077860108240408 0.25791102587057546 1.9412633417547174 1.4959461570509731 0.30619910335204636
174 2088 5.062438900925055 0 0.08085729231257593 344.2732864781758 311.73953670475197 15.291717776832868 0.7214491293764452 1.475180340330964 0.2279930936061667 1.8920209894405908 1.4999306424060572 0.3313003640066267
175 2100 4.892245390365823 0 0.08246925128456323 344.43296329555926 311.40793356609583 15.435692829591932 0.784426912305745 1.5486916487108062 0.24837877544341502 1.9198876855232394 1.4999693853831277 0.3140783822150776
176 2112 5.423031751867389 0 0.0874800691560022 343.53930317943417 308.8131338173876 16.66059530251021 0.8187531854491689 1.70121481487764 0.23312798620445796 1.8733612692072854 1.499842369518737 0.3067079926203296
177 2124 6.496809106298 0 0.06646637554534156 343.3831797049552 308.96488411092645 15.726925906357682 0.8845206559954095 1.6467009106602453 0.24191257411811007 1.9429623824076412 1.4956872187075894 0.3008043947669949
178 2136 6.736044534311336 0 0.07924027906858569 342.7936074858842 307.84042627637194 15.726604641136413 0.8017396277584791 1.650792206686664 0.21645550401903424 1.9630236791092435 1.4989542612230162 0.31740484781063866
179 2148 6.70512992548039 0 0.0642120173129686 341.3313961055192 305.2790599665585 17.32381030839128 0.783571644940675 1.8706815107310553 0.23716831952454864 1.9831092190929978 1.4991112916160354 0.30023484101484077
180 2160 6.392193723106102 0 0.07229679235691493 343.82894735117407 306.0505091310852 16.608879179760613 0.7036410488900106 1.613410087199861 0.18665376012069146 1.9497643169506835 1.4958703151464745 0.31049379291461143
181 2172 5.920251477828398 0 0.06018062569248586 347.3232667027501 307.92836947133964 15.00462517338402 0.602842860858463 1.4005863686063929 0.1737707972751509 1.930131723352375 1.4985637698785372 0.3146218670225661
182 2184 5.906752183612139 0 0.058247236800277734 347.5302449019495 313.32520056736746 13.520548899744572 0.6145545167545288 1.3454571266048667 0.20615464063889033 1.8585115185427319 1.4992474210753315 0.31074825851553434
183 2196 5.851738307245267 0 0.07959999618825625 346.4633537389171 310.16588891306566 14.91738403347248 0.6422556378179637 1.3618514862133708 0.20103411303955998 1.953333405756051 1.4999844693722009 0.3512707398356825
184 2208 5.58816438949491 0 0.07156815039188558 348.0947649056051 309.46133460291276 14.87696497255473 0.6058146198033928 1.388352371315359 0.21778614636918658 1.844111775774885 1.499266225998448 0.38733136037612415
185 2220 5.581669553378068 0 0.07772489162270702 344.6853595991563 306.2803397714607 15.457536987186623 0.6099166234528952 1.5085324438715446 0.20695054365370968 1.9113005397728153 1.488513719097556 0.39480140193791735
186 2232 5.619308000082971 0 0.06652386357336641 341.97372457597896 303.5852250361758 16.242569101164648 0.5991459676978937 1.5914272731079697 0.1952031711687301 1.9690820843795378 1.4756137210951428 0.364200549876903
187 2244 5.7731169523918915 0 0.06413227397342566 340.7495875062145 304.4991591305132 15.514702843368587 0.5557071172569339 1.602648612573293 0.19128680943528997 1.9976842500236875 1.4672986146919595 0.3270571447105409
188 2256 5.36469093239506 0 0.085706853985635 344.6780581863465 308.3732511461005 14.712339163468501 0.6444960521972216 1.4548897645532424 0.19914593160770622 1.9556034808939489 1.494984632571792 0.3148804318646611
189 2268 5.608687198120716 0 0.06686874223398018 345.8361520532555 309.9026786308567 13.901055443128296 0.5745877334873614 1.3216310243297749 0.1807472650920956 1.9556148788620389 1.4925868716409911 0.3230290442703963
190 2280 5.302072739096885 0 0.05680759697325847 343.8695717179158 304.55891541457106 15.208377756891956 0.6391106520586873 1.4192000392841428 0.1677604104213474 1.99899136719151 1.496160227443521 0.30278574528944596
191 2292 4.745015272430459 0 0.08076287289998618 345.3929115617479 308.8212005874179 14.610148613251468 0.590781841422041 1.2743608682200642 0.17179432261237307 1.9771533052112868 1.4929215193595489 0.323644948812121
192 2304 4.756884727862704 0 0.06744159717466026 346.83785195953436 309.4468191294034 13.671906278463899 0.6198883463973247 1.3355033145331114 0.20140815947903412 1.9437868423382423 1.4997633814938656 0.3008360594300257
193 2316 4.570349156409615 0 0.08673284643679255 345.66652003326925 310.37951162884866 14.007050998982034 0.6542344939329825 1.3541331816484892 0.18854917337896693 1.9782896843737374 1.499854276923464 0.3000017977009611
194 2328 4.489075591127417 0 0.05234986038920045 345.17844885469856 307.95541971509505 14.648416545130573 0.6420979413171003 1.5321338900982358 0.21015838719035473 1.95617018737454 1.496861179682951 0.30000010457070364
195 2340 4.508133450640113 0 0.07822305459848888 344.4506357139573 306.8205144873192 14.659994370879916 0.6741835325074633 1.4647524643392664 0.1872819855906056 1.987007948996987 1.4993499874875738 0.3085691987479468
196 2352 4.46198296784424 0 0.05615859543913102 342.17694729424073 308.0305731883556 15.134346066262852 0.6828672495073332 1.5988482995570472 0.19694035541554822 1.984131010326864 1.495147613523204 0.3038581946122618
197 2364 4.854141654880143 0 0.05788520673794854 340.78702483330835 304.6670641454713 16.178325997824487 0.6805521868195828 1.7270665068869042 0.20466316016104047 1.9797971967179846 1.483970128088088 0.30014961610441715
198 2376 4.758184322059027 0 0.09182687997757114 341.0659457499303 303.9811062301667 15.844890309981901 0.6802039056634647 1.6547051232391903 0.17739541774004497 1.9993278197931998 1.4910016230124195 0.31527033915907104
199 2388 4.766004161625405 0 0.047400817973912504 343.3031052620421 307.47076777395347 14.416346955742553 0.6450129845193165 1.5513774720540896 0.1930056225217004 1.9965435983912074 1.4989380401827468 0.3437609654390787
200 2400 5.050013622726795 0 0.0515267814952443 341.608820140246 306.20356636999463 16.14431137380086 0.720150384246242 1.71444398349049 0.22181515145565434 1.991392231578762 1.4956471731257248 0.304414664918057
201 2412 5.1806755769533845 0 0.07648236882641612 343.15547500033404 305.01563626819194 16.003386297700104 0.6458794846495535 1.5693938263519807 0.18250753820470467 1.994854778847927 1.4927809065910465 0.30328130026056704
202 2424 5.475672633853203 0 0.08757901728249537 342.4358070340483 306.55853428346103 14.728681474469852 0.6748907795535259 1.3840763371639713 0.1763632970486142 1.9914998431914177 1.4999906429870917 0.35689209978618497
203 2436 5.527263757912383 0 0.04460129982000303 344.1738451802987 308.341369438533 15.16950430547735 0.7366917652878091 1.488136905788273 0.21233509961012753 1.970573641052992 1.498709257371813 0.3429573378662245
204 2448 5.787656635923212 0 0.07791810416545386 343.23670998555286 303.6298887973669 15.703035928391452 0.6618720824443691 1.451501072240938 0.162374496743967 1.9940567922225494 1.499844883980912 0.3805482106865268
205 2460 5.914373539362037 0 0.0716479469098717 342.5230821690958 307.1609781362098 15.609189424021539 0.8395616411383093 1.6035448713292326 0.24868788404472164 1.9438720357123378 1.4999943822574717 0.30072506956119793
206 2472 5.856793812013919 0 0.0801452657953807 340.36292304794176 304.3047440908155 16.75188021098555 0.8316621356136773 1.658988428999419 0.21008422729111298 1.9970518817597043 1.4994769781366863 0.366581882730817
207 2484 5.76192492253684 0 0.0785207083784215 340.8366773252282 307.60952587703594 15.43226995833963 0.77034155790334 1.5909881087306312 0.22131835929765953 1.999919807785203 1.4999878982763573 0.3451909435761402
208 2496 5.428754670687398 0 0.05470078853486187 341.6375499475979 302.47716613278925 16.855538688039154 0.8064828337469382 1.5824490256489172 0.2135777918889039 1.9878385479371508 1.4970146615844633 0.30049971849853035
209 2508 5.144215568642652 0 0.07504346669602598 343.8600719502504 305.03999476656094 15.458994985469573 0.7946970072636087 1.5183947498440797 0.20876928850359955 1.9927409311267343 1.498229957394243 0.3687264568515133
210 2520 4.935628304933896 0 0.09029138846119836 339.0451711968536 303.8527469133126 16.53829503541577 0.7647591901370359 1.7841643911404685 0.21885984831949723 1.9961296568379605 1.497525845162749 0.3261355696151054
211 2532 5.0687208304160905 0 0.06270639996205496 340.2837074142638 303.032966354969 16.277494004377704 0.7957757821482012 1.661601406682944 0.2179267522553645 1.9988201726315016 1.4992516935367959 0.3100638612780294
212 2544 5.019940568596599 0 0.08448495752191258 339.91427956813726 300.3502038430522 15.97012887274484 0.6931953313658873 1.659069321878273 0.16864927099719 1.9682301100491684 1.494367435620542 0.3829008210334175
213 2556 5.29316178093354 0 0.07583498440316923 340.6050782993749 301.6688331076187 15.380696984519199 0.660982985600858 1.5566236380380347 0.15962518568411646 1.9770975661543482 1.4954448131365918 0.40663960163761176
214 2568 5.355574970133456 0 0.03565331475841003 337.22608168297404 300.6889448795353 16.89321221522867 0.7107855727700112 1.69444093951825 0.18646349637752435 1.9520212451617884 1.4892451135578197 0.33879880270151397
215 2580 5.1671050931659845 0 0.08723127034741163 340.50955176362 304.6365811422299 14.98591274184894 0.7974684728752803 1.602625478294275 0.20284402781248023 1.999947127099532 1.4998014176939545 0.39623385996847155
216 2592 5.135073074312006 0 0.0764205777129966 336.69578941972424 299.30816589095554 16.45941565188642 0.7090426858914549 1.8468719351857021 0.19099203047742552 1.9565035454520423 1.4801770245909645 0.3805525233814768
217 2604 5.2773406828083 0 0.07324769299998972 339.8406006384213 300.00785021367955 15.664377367577634 0.6812551920153498 1.7169662447811402 0.1795797246643236 1.9999945288547214 1.4826846379337741 0.3582988274692604
218 2616 5.615900405961283 0 0.08044012948198485 344.41954032146265 305.11665693117345 14.227897540109383 0.6265370898435565 1.552898954387014 0.18076431347671773 1.97836083403903 1.4971212879486235 0.36664611012899495
219 2628 5.937992135902118 0 0.0569521519534794 344.1928458581667 305.044373710388 14.331003341286378 0.6617157776225772 1.6631052220007692 0.203729903533304 1.9307708598405877 1.4965714765889158 0.3280295145189565
220 2640 6.202873082135906 0 0.08144310059629774 343.60510619655025 304.9860244056642 14.622277452455 0.7106221169512024 1.598027807136238 0.20977605557004608 1.9544763043043334 1.4999829809110015 0.3318834770342618
221 2652 6.333232964901366 0 0.0702974862004173 345.38943529793715 306.6408944672917 14.598549059150955 0.672382426273922 1.5345463652933624 0.19551838955628442 1.9331406120394101 1.4999782417136605 0.3220724282165602
222 2664 5.800168835414642 0 0.06964521088942341 339.53324299632874 298.68425607080854 16.26695581459713 0.6798489987019041 1.8746187869745838 0.17043478951351768 1.9979651319856246 1.4848866784155643 0.41636075340612544
223 2676 5.079277634546167 0 0.09314618921339031 341.98352266201414 301.8354173956488 15.127865889521617 0.6031179477274691 1.6396848767208057 0.1691480615026512 1.9991444905977969 1.4889773053721747 0.3331353062296728
224 2688 4.937819216664251 0 0.09346756199352009 341.52840732611816 300.38108718615456 15.57900808748303 0.6621468779140723 1.5985248002861685 0.1712626672488559 1.997833716228602 1.4942646787187464 0.34104048803007964
225 2700 4.925845749808076 0 0.07885593024668104 343.17527854622534 303.364278654979 14.173429621082343 0.6727632120680097 1.463910382615388 0.17250172446815706 1.9968760802376584 1.4993818412241071 0.36952855180063077
226 2712 4.924674712694314 0 0.08490555559799602 342.0314881477036 302.4100750881006 14.185230649291364 0.602816076895728 1.5176528128271587 0.15459541721871686 1.990604080934068 1.4948168112416382 0.3823086260563573
227 2724 4.556804444513065 0 0.04374086374701771 342.09230639467995 299.11108824777125 15.809746615859309 0.6097486817198841 1.765180958310103 0.16971899328045773 1.986926934389846 1.4783716721976576 0.33536466174899315
228 2736 4.46614003020515 0 0.09285929670508158 342.4802666005572 300.84829572719946 14.872148208046376 0.6147796848851188 1.7326429895122795 0.1656067572072484 1.998055472706648 1.4867120180183586 0.36755474081873096
229 2748 4.162624291218055 0 0.07047302132163846 342.7528063475788 298.27497512083806 14.83029408064307 0.5788401847392282 1.4885347530615027 0.12886227775251413 1.9873184452634378 1.4910363319460949 0.4033240721766346
230 2760 3.9025526138848656 0 0.05541268406701677 341.1466944952964 299.5410630182705 15.121321462578727 0.5857773708515156 1.6100742798177237 0.13982740055518253 1.9963067151276936 1.482282787633281 0.34844424889232084
231 2772 3.8265669791373345 0 0.07368765137923522 343.23106326909163 300.7957097296674 14.10206701405739 0.597153786851368 1.440590968108082 0.13747242968197151 1.98766886695183 1.4977229978680597 0.4092541820260017
232 2784 3.8565366769332274 0 0.08604150057558697 341.63087197182654 298.5373182768092 15.303812275970932 0.6047957413136363 1.677592542254902 0.14935172389860096 1.9912212128158626 1.488003526858939 0.3813481049522901
233 2796 4.14946300353895 0 0.09007015683815155 343.248432100532 303.4706759277444 14.203862667560143 0.6551629644460228 1.5750870467819398 0.16890571205725238 1.9999933167314685 1.499837802935489 0.39561342791959647
234 2808 4.597311802506722 0 0.0766426945004717 344.0105986771262 303.1827639550483 13.72219284566401 0.6373479431284763 1.3367888778970618 0.146525704518634 1.973232778533684 1.4980828539218498 0.4228280461154561
235 2820 4.689132638856056 0 0.08350918003166144 343.62464337068735 303.64875225392143 13.875096990462525 0.6463328999152789 1.5137571118131539 0.16728275424680852 1.992658250557629 1.4996993074250087 0.4488985835184921
236 2832 4.873536862941315 0 0.0670065917964517 344.7402720168964 305.3190443012104 13.173000903093705 0.6083829759093888 1.2148576901635857 0.14393809677738084 1.9638456305227594 1.4971981229319133 0.4204029215058611
237 2844 5.447463813034141 0 0.08241358465083637 344.15917334899785 303.90567282629235 13.278082675765505 0.6852584265438778 1.196073550024034 0.13819516105811008 1.9239196034352448 1.4887705493240886 0.4614061091826928
238 2856 5.9871269980496615 0 0.07338564057823012 344.9881914407372 303.2247392170558 12.839728806225404 0.6742696973703869 1.1125966066948356 0.1318117975659096 1.8670742641237836 1.4833451604334766 0.49927295815155165
239 2868 6.755314994251015 0 0.08125037867675024 344.50232989385364 303.2242402228576 12.710729151518096 0.7638407540886756 1.1849610026565034 0.16340044573463688 1.8726802483110452 1.4658884714953684 0.5434351020435384
240 2880 7.7018173918864825 0 0.06618550973484534 346.854504854033 304.4745354580636 11.931012243423114 0.6588425646652876 0.9790206990740624 0.13730162625808007 1.8727940610611598 1.468169280713694 0.4851249684682686
241 2892 7.470661029440161 0 0.07877170695630802 348.05411081069053 307.1742082172055 10.52296807203461 0.5857952366954775 1.0087854062196262 0.12012541307533749 1.9187251076464167 1.471417864374946 0.558897768747759
242 2904 7.207675186546052 0 0.059673255254596894 346.885660290964 303.9422993354639 11.53944111202661 0.6170900363814942 1.0191065129572185 0.11962493667101945 1.8935610240851883 1.4750045689741498 0.5165668303630653
243 2916 6.987474331590913 0 0.08762512764241537 345.4675673211938 303.48802435220796 11.291140166759353 0.6088997359576639 0.9109493531589999 0.11374468894818565 1.7780050380509056 1.475559962117292 0.5057486613360925
244 2928 6.561392658578088 0 0.060910699444910024 346.4705030875091 305.1564619873197 11.611244176642545 0.6396302332551753 0.9879833690053995 0.1295535088522293 1.935730109329877 1.4763947330895535 0.48347969656414136
245 2940 6.384665029388811 0 0.07017504798663331 346.3455227060548 304.84261217670553 11.784453475951283 0.6788933884972076 1.0003983174426974 0.13515078214578316 1.9306300490210375 1.465941171565064 0.5049726121030367
246 2952 6.799572884653214 0 0.09787954804081686 345.77919404929344 300.8871113841198 12.902471833741266 0.6325650452633742 1.0747396185508575 0.12186804129335006 1.9416736908799435 1.4926392036339107 0.4170338390933674
247 2964 7.281018846190841 0 0.10131279898327204 347.308312132074 300.73030713002714 13.386431819132996 0.6999505148088184 1.180368947479022 0.15103030216888527 1.9980749842603287 1.4902656864426906 0.4060343951206799
248 2976 7.756832813159683 0 0.07444292883374513 345.087917106246 298.82693684458116 13.84860928262395 0.7263955030380704 1.2667014289296914 0.14951515523275075 1.993310120154468 1.4952209181801066 0.4187847971814129
249 2988 8.039382828436736 0 0.07176072098662516 343.15884272167546 296.3493167485793 14.740210794616875 0.6534177874679444 1.4634408552921683 0.1418328384955658 1.9858023615788418 1.4959409557380872 0.34019508599231163
250 3000 8.484983160091483 0 0.09361721459686854 344.4809105993202 299.67948663614044 12.970837763837938 0.7258149030756802 1.047342117888245 0.12202048078548006 1.8635217539093032 1.4902738138518967 0.4618497626546872
251 3012 8.207782426149768 0 0.06510520931830684 340.7188876607722 294.68014361046323 15.5577448158952 0.7167491710033457 1.4414649456554254 0.13090061159094013 1.8572435347811387 1.4983082291939906 0.419405092200457
252 3024 8.315914808473456 0 0.06043950476432157 341.2150076001568 292.2916754141564 17.43269264737473 0.7496209548747766 1.707407856990784 0.16572023240216807 1.995901327696274 1.490333093608775 0.3198077460659652
253 3036 8.472303516793765 0 0.07027662280165714 340.65205735031765 287.9427956601556 18.356231319525783 0.6603078504375984 1.7179737233681092 0.1371859941747289 1.9841122728472207 1.4637343978883228 0.30002397560455957
254 3048 8.42433828666679 0 0.07153121636789485 339.73428327850286 289.9249383774504 17.230480863808165 0.6236141164893722 1.780936839447099 0.1268956420401017 1.977419203391569 1.4641066188218312 0.3498294481539901
255 3060 8.062037935922783 0 0.10051410116966061 340.01147797396123 295.119161480116 16.63367236642744 0.7004446875442926 1.7359840612219997 0.14609928564583 1.9501922269949123 1.4848861784561005 0.36227310610068175
256 3072 7.177940605519423 0 0.08003371750707951 340.04349540929417 293.38378485062447 17.49193821417485 0.6507761118706189 1.7048278820745448 0.1397644220821606 1.9782467548298794 1.4735447290135615 0.3191900172476605
257 3084 6.597654584604503 0 0.07180219007750531 340.72129930045173 295.2847920539798 14.958941729031354 0.6507554225369676 1.3233599794726745 0.11008311285486569 1.762576913111234 1.4981794023587491 0.46368685378045993
258 3096 6.380459795247047 0 0.057092444541281345 338.44971704665636 289.44737181762224 17.447888746948134 0.6135607327061641 1.7552573033274215 0.12106665891646755 1.9008823740728567 1.4347655342502572 0.32591019695296297
259 3108 6.412023043530711 0 0.07266228109870836 341.07038906102554 294.29807290418756 15.965461564655142 0.600628994126412 1.6096577157412741 0.12345332033088495 1.9061088891531175 1.4746845598585483 0.3864167193712571
260 3120 7.1950165716987895 0 0.08043380156331105 340.17667169641027 292.85495766881854 15.63353899337325 0.678576427982556 1.6087406206550867 0.11444121922489085 1.8226870064357785 1.489097187667631 0.4953473967006189
261 3132 7.089925737200756 0 0.09067538893953496 336.73774662738293 288.4002343891451 17.596763617080306 0.6583476420084092 1.8572843040199951 0.11631387253297973 1.7827482023040966 1.4519496412402877 0.45000901969967877
262 3144 6.49555703500819 0 0.07581610584844599 338.7507707924022 289.7471335869487 17.423370071505552 0.6652658280587005 1.7767039688644988 0.1175038212864129 1.879412130101043 1.4565554856650254 0.4073880923084017
263 3156 6.015516115267034 0 0.08852699062025997 337.1004620926239 289.65216150286403 17.6444691379827 0.5968766755332766 1.826370703318418 0.10993754718627696 1.8472923651406565 1.4331464816811352 0.4080710821350888
264 3168 6.1522773476625 0 0.07848453282800122 336.76080483791395 290.693566035209 17.39354258887107 0.6641571849178634 1.7942739755363721 0.12115585055904952 1.855047892585526 1.4571999676151535 0.39853436969873546
265 3180 6.669525499311732 0 0.06144665227460494 336.12190872735965 290.13042131543426 17.288568265265685 0.67815035089448 1.7482030941242048 0.12064558814612168 1.761631722068392 1.4624937658959358 0.3986178599037731
266 3192 6.638349710693281 0 0.0898086489855023 334.94327674854685 290.08169461321506 17.953808004792716 0.6988976227665087 1.814232448372364 0.1255636696544786 1.7832731971845959 1.4580820567447745 0.39791173956147263
267 3204 6.040193440392883 0 0.05232623969665491 337.7269455595621 292.83292405526834 16.04536557423921 0.6409316088273109 1.5212297374755175 0.10763642791387874 1.7503613350428446 1.4859742789379298 0.4503649058234578
268 3216 5.934339878745221 0 0.07377648021366974 336.81675050254273 292.3316692407287 16.73597562729949 0.6060731608326151 1.7986234173404307 0.11915386988621336 1.8558335458918653 1.4526537801096067 0.4175399468897487
269 3228 5.695725255528659 0 0.10644665948889061 338.4698301564959 293.5964935783755 15.507986451750048 0.6405292536244171 1.4861859523247458 0.10896400999679957 1.7519504276939857 1.4901957296435258 0.48085045024173756
270 3240 5.357377489015782 0 0.06602964157895475 340.2123301575745 297.18334044381777 15.065734026307558 0.6249051179482079 1.5336761932808014 0.11800879411035084 1.8533651305161325 1.496794981827101 0.48125783075952977
271 3252 5.583057471740879 0 0.06459965567436933 338.13791974132914 294.48365001410605 15.312943372063076 0.6154484565775655 1.4311425446219554 0.1030574400286554 1.6992707275045886 1.4941043857231424 0.4958237237088178
272 3264 5.777212837093779 0 0.07415852843706519 340.0740404960421 293.81024083865594 15.835074873499421 0.6119445869401605 1.5137383293947635 0.10974757567309491 1.8148304186549102 1.4886106558465715 0.4262376395189786
273 3276 5.582062538858682 0 0.08019094969912353 340.75363447012256 296.25724465681685 14.864449433035908 0.6076100780038027 1.3503316282285394 0.10653825095890415 1.7873864464244782 1.4988306882963918 0.4633317913857175
274 3288 5.539880132603271 0 0.0647552307103868 338.99937703565485 296.67545798654174 14.303498364749098 0.637833944965492 1.3597892148273638 0.10369545088049881 1.666844001466304 1.499998949557091 0.5543793918617163
275 3300 6.209399695496623 0 0.07276937593790711 339.8012656420582 296.9662971586649 15.198476048313724 0.6098356088125927 1.5738405552566925 0.11114219907777954 1.820260873732386 1.495644259888183 0.4862595240294618
276 3312 6.713918101758576 0 0.07922618794313678 342.5087664545335 299.9660101610753 13.901736934715617 0.596669497801672 1.3418284346233764 0.1071942389655957 1.8435186863092612 1.4996444747740272 0.5062350109756426
277 3324 6.680335881515961 0 0.08264756251664553 340.30166850534323 300.47234340532543 14.247705303086825 0.5833084783874419 1.3743034022009937 0.10771063751704649 1.8347069772568252 1.4987839542253416 0.4719060428460836
278 3336 6.343578975486712 0 0.07055677177911485 338.522915043547 293.68618784918465 16.328599814529255 0.5520278774672569 1.579785886517889 0.10250385561422617 1.811648230646371 1.4787586893370595 0.43460879049865464
279 3348 6.2506004452322745 0 0.08947056688687204 340.88822983494157 298.12151503576615 14.614356570057417 0.6095318966267831 1.3441647543604778 0.10144047434693294 1.7400923290867494 1.4997485938406008 0.5373922422850936
280 3360 6.209500269926092 0 0.06136893522272009 339.3258300143741 292.9604377469684 16.63136118788159 0.6297960331205337 1.5410240554939105 0.102264168148536 1.796056138198496 1.4909773727117581 0.4609793959110675
281 3372 6.1723023862910855 0 0.04053705983063734 340.6100720525205 296.8078966054419 15.638574700085282 0.6208598203596826 1.4514960987754193 0.10427158237881198 1.7624278732100007 1.49829513757113 0.48281624192366374
282 3384 5.814246531481057 0 0.06486045424966976 341.9030054111235 298.7994187110856 14.192969058643325 0.5963009339526866 1.3055811503757644 0.10225539545818581 1.7530810419801541 1.4999205281620036 0.5139344722125924
283 3396 5.476490888991443 0 0.08687653931796162 340.6339319212665 295.6407506078901 15.243017059933944 0.6711182997581498 1.3961284178774807 0.10828105200787358 1.8033291938536709 1.4989292554414766 0.48484293684256086
284 3408 5.536485917042591 0 0.07944386761085452 340.1143491226272 297.31833945652477 15.255002679080208 0.6563920350306522 1.3219184806285285 0.10984992168532955 1.730859396308433 1.4987660315108018 0.46054387936461916
285 3420 5.372260416178376 0 0.09992006301092275 340.14117044842396 296.5132601356544 15.35170205571432 0.6489718560351576 1.2949701883533093 0.10220636532111346 1.705279478969645 1.4995033061194325 0.49350252573478864
286 3432 5.446531466401916 0 0.06382977796111401 341.85205452137825 299.15172438859645 13.71325229250407 0.6607856747560736 1.0499029480126394 0.10025093991769381 1.6200014390052433 1.488794356334221 0.5930226045170206
287 3444 6.051262250569674 0 0.06329514034214123 340.92556400870365 301.32876970741205 14.559831466570403 0.645486871398478 1.239989526807556 0.10420572560599296 1.7260434016041961 1.4966805973426873 0.5322804893105746
288 3456 5.731829811357084 0 0.08506655179733516 340.46314045488725 298.6489260173142 14.651052169614474 0.6921574395459831 1.1952171478265252 0.10568741978010797 1.6742355008897831 1.4956776060678738 0.521944488305414
289 3468 5.735919815921845 0 0.10176846482567306 341.1559282814529 299.8391186061194 14.02586622804028 0.6693033279018613 1.0931226990260132 0.10467713373073077 1.7349991470569053 1.4958713009892113 0.4972980832026532
290 3480 5.29834729382928 0 0.07747058489556835 341.6834566870108 300.431093990756 13.715558624904421 0.6544748933309296 1.071446997251471 0.10240257161943453 1.681239941791558 1.493364081190084 0.5229072057660584
291 3492 4.948103472589578 0 0.08437067215255423 339.7544936399972 295.57929891171983 15.443391173166493 0.5925063935776963 1.2627096602463674 0.10004868922938884 1.6688592877563806 1.498087014257961 0.47570986674597027
292 3504 4.7918519286292085 0 0.0704212262676809 337.15789168652725 292.6712211593968 16.908089034731326 0.6578825491407115 1.4867625397798725 0.10370663946260703 1.7066477352793548 1.4852438664527772 0.421242395599731
293 3516 4.847737025769142 0 0.08320722771863685 340.7633835299385 299.5934037918112 14.789945608453499 0.6231014234421794 1.2876579977559335 0.10445865762602159 1.7942050267646976 1.499999993773973 0.46744998850876107
294 3528 4.6873321133055725 0 0.0582848843388852 337.8270767959432 294.38298678774447 16.568567650279565 0.6250183857772319 1.4826973165268726 0.10411684969312941 1.7522651772225906 1.4874054262882397 0.4173546788987209
295 3540 4.600372763514772 0 0.057274351824136586 338.3356087989457 292.70740024817655 16.482442444839574 0.6215950598835855 1.4766948606056944 0.10171124608463615 1.7442750993515903 1.4863484844035588 0.4325187879527023
296 3552 4.242144041394484 0 0.05710208754492672 339.01539966473786 296.1167835165992 15.915608909568153 0.6651350868412723 1.4234217812992305 0.10952614267824991 1.7914435675054114 1.497681764049174 0.433161724264123
297 3564 4.50998658063503 0 0.07635509831195472 338.21485474621824 293.60727115932957 16.494861027674258 0.7051626378573578 1.4421821697121762 0.10574234621196939 1.721776802919982 1.496201919783881 0.4647345740223704
298 3576 4.375646589385191 0 0.08239520802466604 338.2430764100564 293.76108240671635 16.007105451217022 0.6688359994010671 1.4214257677754938 0.10500093942127134 1.7014545513437251 1.4953882343153537 0.4689468169877494
299 3588 4.258774600432769 0 0.10090739581529609 339.1696227560412 295.27115683000346 15.67865769620438 0.6782075656442405 1.3299478145569603 0.1044679982984199 1.7489999605186906 1.4989044673110385 0.45583112945474474
300 3600 4.07715724388294 0 0.08223182748877733 340.05803832004585 296.33669525139004 14.997488615161394 0.7049639506359253 1.2055492519765114 0.10375226313660506 1.6826024728522657 1.4978630674119053 0.522005271278599
301 3612 3.71515271158674 0 0.10070425763004708 337.56579109375923 293.3719132746396 16.365309348650047 0.6763713599007288 1.4488274055650585 0.10263657914154153 1.7035878249903995 1.4946217150871721 0.46231329704705076
302 3624 3.6131123125337594 0 0.08818232035923922 338.11930857589766 295.8587240573584 15.809100997127702 0.6905411528880104 1.3124916307678156 0.10508582724041585 1.698242640972132 1.4983522189803988 0.46012041026077166
303 3636 3.496621612659634 0 0.07565734995440329 338.22164458946463 295.2256338272494 15.673886601105613 0.6662711637598544 1.3397833105762171 0.10464992119316985 1.7129668671688083 1.4969884459551825 0.4539622380139153
304 3648 3.2511564747490147 0 0.0592448270050594 339.25924032346 295.6430481518197 15.301795173185667 0.655852332987377 1.22575376418857 0.10141685441249713 1.6999828045732766 1.4992372820786892 0.4635761066986357
305 3660 3.1939952414624235 0 0.07233156437777861 337.28736565692054 293.4167115732155 16.227658706126544 0.6461748380045215 1.3810475724976372 0.10277340045938474 1.704739744744938 1.4889980385287371 0.4205843816827532
306 3672 3.4245467076786498 0 0.06730014080804905 338.7056687229066 297.2397395352442 14.985414870550764 0.6627146085595469 1.1992046191609869 0.10279175504041206 1.6999354643916236 1.499866013957045 0.4600627668926476
307 3684 3.751958560289778 0 0.06897763777438098 338.6718995965779 296.74863142366576 14.737247798150221 0.6685327164831896 1.1875699735666287 0.10198011843328578 1.6502505010270834 1.4999921064650867 0.49222982951957195
308 3696 3.9818835854012207 0 0.08169361195187559 338.5130981048456 295.98879476390493 15.129002308452357 0.6651733605516811 1.1593893493060867 0.1020540348065384 1.652402088682252 1.4998878190179803 0.45956385235599756
309 3708 3.8619540184879027 0 0.056014169913930885 338.8285636979906 294.51403446495374 15.294677454342875 0.6700903564820005 1.2512193961054847 0.10283614506618682 1.6806683609078614 1.4991756518294626 0.47007047331858287
310 3720 3.8345553422044376 0 0.06819790895837015 338.6151779040251 295.8325622328948 15.116531040656604 0.741541157037833 1.156359526124084 0.10500864708824578 1.6300963543314084 1.498466288937095 0.5027244118528087
311 3732 3.806616757790723 0 0.07104809787938784 338.8932286422809 297.03028822123514 14.901125326995011 0.7126583415753425 1.1308295386961615 0.10505370942149789 1.6512092934244762 1.499173577251751 0.48684081212575314
312 3744 3.5966585423581674 0 0.0825031892174489 338.1808678476978 297.2769643986996 15.574652223952251 0.6809006277701537 1.2362079948427063 0.10677146885834732 1.727013341345548 1.499575136110321 0.43184210753270413
313 3756 3.3506419612782716 0 0.051210780732842326 338.6926818273223 296.32952072540314 15.099577837393884 0.7062010482278888 1.1865112730439642 0.10620166070755974 1.672926979639519 1.499859035144473 0.4722867883224377
314 3768 2.9608306648739484 0 0.08596778529623916 338.3906956589591 296.3541175808726 15.185030094682693 0.6908233542004999 1.2099058820716975 0.10555853296446209 1.6845574873492646 1.4999355133055177 0.4580685070198264
315 3780 3.0160864959929956 0 0.05536642243894496 339.3308522936089 296.11882904391985 14.739813634866774 0.7107031693467896 1.1493327165918674 0.10844972568001995 1.680036689274316 1.4995312026489414 0.46815322267142534
316 3792 3.1292426962677857 0 0.06368855095805377 338.0563800546532 293.9446049910169 15.47820712225138 0.6988565611232604 1.2381317263064535 0.10546958669529836 1.6505120399797535 1.49894653797789 0.4549557610163488
317 3804 2.995229639649694 0 0.07129314310845493 338.9075443438363 297.265087440193 14.94954881001424 0.7284078444879201 1.1993699624392302 0.10971357109264308 1.689972308467057 1.4990000415842029 0.481921166927037
318 3816 2.973692250843343 0 0.07227118712227285 339.26624046681076 297.12544399887497 14.744631338555754 0.7025323233530706 1.1669144444146142 0.11102595256682071 1.7002089288460593 1.499734214486265 0.4551314990167942
319 3828 2.855726924816217 0 0.057281932909455706 338.72477778375236 295.6206906583045 15.293148101262137 0.6947403088294336 1.245998615739308 0.10814430655826628 1.7195267785193875 1.4995806594008994 0.43969614053767403
320 3840 2.7468772912596013 0 0.07228440149832895 338.85402894306145 296.0234308400627 15.455407261993052 0.7129950468812868 1.2643073244929783 0.11139436454313693 1.7287814278482674 1.4999061658139135 0.44020373605605967
321 3852 2.668151225488323 0 0.0780984498517739 338.6532172377068 295.9532624195807 15.239539804386334 0.6978213425967326 1.2468956692735118 0.11124075477642628 1.7271683463226324 1.4994255727769508 0.4279748557538463
322 3864 2.344254155638116 0 0.06193366622874504 339.57202365622095 296.49217226974116 14.782660963104506 0.7015517117731077 1.148329576137622 0.10945030691057105 1.7118857121405429 1.4995381951158844 0.44308697651260787
323 3876 2.382795671068436 0 0.0662767177993157 339.044033084163 295.51110561954755 15.185025156314351 0.7137888083798967 1.1784384459435189 0.10696292960467398 1.6750149366947598 1.499882573134035 0.4555638758360603
324 3888 2.618358539585719 0 0.059754709475963196 338.6924778428436 294.9994842069024 15.426424450643156 0.6992399092642918 1.1917990456040353 0.10616852447118137 1.6761038470431664 1.4999101958236978 0.4410086651722507
325 3900 2.80555512503658 0 0.08291854318364064 338.0973255670513 294.1848599064676 15.844640953065154 0.7294731182090631 1.2539907922464022 0.1076729926854095 1.6739536490406282 1.4998149065768536 0.4517652277773283
326 3912 2.6156409571819403 0 0.07764885311203754 338.7444238570215 294.666025627937 15.546991867935459 0.6813880795293721 1.2341435873316329 0.10516486483470247 1.704894294131926 1.498974432792745 0.428931294950303
327 3924 2.38145288163321 0 0.0778875023904072 337.8322321224782 294.1075351513899 15.664287681970396 0.7198209921117833 1.2906124709925508 0.10885090971501077 1.6763505063223263 1.4991412842351313 0.4502231200324078
328 3936 2.5272163053244867 0 0.06689970020289249 337.61953365678147 292.9928431858224 16.1535930718218 0.7171786330892205 1.3538446314805463 0.10902588590786681 1.691806755242588 1.4965920423685701 0.4412021896836974
329 3948 2.632749838955864 0 0.06823091943369064 338.6415368991764 294.98932488862545 15.462588455880093 0.7128752555570811 1.2748280761651372 0.11216978093743386 1.7150368778185878 1.4996625903754577 0.4383418441054425
330 3960 2.53441008160789 0 0.06219528256196818 338.62330575209296 295.0305856567221 15.29413650201068 0.6951922516092309 1.2445838025576275 0.1098278034609352 1.6950350303219899 1.4996749784972623 0.44531125051247245
331 3972 2.609495399903343 0 0.06646675442072089 338.86846524399095 296.51575428538933 15.252965363774239 0.6788279860466645 1.2349511339542576 0.11188636048661996 1.7522755243952115 1.4993363106878705 0.40788216298840085
332 3984 2.633138119983197 0 0.0676907451597798 339.29024806623966 296.8246656022624 15.008572250154725 0.6747084661208121 1.2201969086091962 0.11132612737942907 1.7523674669844558 1.4997674068691595 0.41865382019266284
333 3996 2.571505031847682 0 0.07326169334788461 338.5082199183653 294.2154689881735 15.750376209077821 0.6720604450062198 1.236248644486494 0.10455652589487437 1.7106370301360865 1.498094530342413 0.4072167003330316
334 4008 2.7145207179978197 0 0.08322063665791916 337.79067386696335 293.1106458142044 16.107505651464813 0.6556701808659308 1.2933783003115826 0.10313442010584509 1.691049694120706 1.493885468673912 0.40691178397745364
335 4020 2.656059732094675 0 0.08470859536307387 337.77262183230323 292.14357098000914 16.236054655691383 0.6786837374276663 1.2692035060950513 0.10354852288843251 1.6653935664989612 1.494956432832483 0.4075608627095502
336 4032 2.796876942445285 0 0.06397555703830811 337.49789510487767 290.95960951809104 16.44579949323541 0.6636174821251958 1.321110237793935 0.10191867722604799 1.6685810832452599 1.4905117607949712 0.4046789097808336
337 4044 2.8711060557592485 0 0.05227013042553788 338.10620672609497 293.79513628214806 15.773943348011333 0.6416043986160122 1.21795267252557 0.10222760674226772 1.6925164466215608 1.495058566381983 0.3945347420517322
338 4056 2.880119597986711 0 0.06507086039491171 337.9826587865046 292.346670892566 16.019888334521607 0.6505903232915767 1.2478094958818398 0.10108196877240527 1.6553492813536341 1.495168891215439 0.41748280944544114
339 4068 3.003388058677925 0 0.08268801355078777 337.2263128344841 292.47745228350897 16.437351235056713 0.6438963883383445 1.3571314432195154 0.10436397280458985 1.7168853308581127 1.487009939281558 0.37780659403248373
340 4080 2.650852400704093 0 0.06510410193801873 337.8970168320858 292.2489994639333 16.225726786670513 0.6569031458559038 1.28590837430555 0.10301670649821093 1.67306962340094 1.493536409559909 0.4034671709054453
341 4092 2.6770438833221206 0 0.09344828690477733 336.71346193517894 291.13965252364807 16.88247889528481 0.6190834811526253 1.4010752533559845 0.1020693950915957 1.7117069187942346 1.4757126803344112 0.3596304537909822
342 4104 2.694129189775688 0 0.08759913200285219 337.5646239297862 292.58881719721586 16.289287027841027 0.6197906960885903 1.316387925584792 0.10127342953894992 1.696260371179611 1.4876160473855284 0.38964219900549646
343 4116 2.8137031205206524 0 0.060180680816296676 337.4688149079384 293.25458018769825 16.36722481156083 0.5785735288179247 1.2936021550813586 0.10011680392055577 1.712814019360404 1.4836748518661673 0.3643026459049943
344 4128 2.7036196901188077 0 0.0686777682692375 337.1762519791055 290.55076070826124 16.732624126612595 0.5822774230419491 1.3492497144552484 0.10000126033815226 1.6864531572708883 1.474539664924062 0.37140015151490213
345 4140 2.8368752479411663 0 0.08635184851749296 337.6997428168521 291.4673936243435 16.45265068848845 0.5816707663360902 1.3227949937889114 0.10029441032716281 1.707985602853283 1.480575517342307 0.3656177812232163
346 4152 2.9203780333587894 0 0.06882417112651477 337.76200771132835 292.7155216121444 16.26320329937608 0.5714812799276774 1.2804027892102408 0.1000542169870231 1.7172070354253257 1.4814375093834422 0.35619651768978045
347 4164 2.8736750881168653 0 0.07996685251981404 337.4141459676091 289.49539218511836 16.880136556724647 0.5865134480208971 1.347418756223844 0.10000136817533785 1.6905185906718423 1.473218022643066 0.35586942996409554
348 4176 2.6339609404406104 0 0.07064030215139712 337.7140824228042 291.58098746964237 16.35796484298852 0.5842473651722087 1.3115880825443307 0.10050381694622723 1.7142582089688652 1.4795748639151023 0.35240529635114726
349 4188 2.553099751454761 0 0.06432393447506454 338.4882077977011 292.3562125598078 16.139158872408824 0.5778661909068454 1.2481306347216172 0.10016148249453126 1.7146965871631303 1.4860011707448075 0.36188251396066606
350 4200 2.5477818152648397 0 0.07663668362041182 337.54587984903566 291.1426278543581 16.631336618536356 0.5490493241854617 1.3183618410112417 0.10000274752159753 1.7179018753651778 1.471644526941382 0.3406270405184188
351 4212 2.8437835499303827 0 0.09558022747852855 338.3313074509336 292.09730675914693 16.192510904123214 0.5376060562282826 1.2703290185045562 0.10001035519562411 1.7293786336793258 1.4757438331860557 0.3364096303927365
352 4224 2.8753185497093354 0 0.08844070073284654 338.81923502833695 292.1584336444997 15.804324825778501 0.5574454496834476 1.2243862192042134 0.1000374493747471 1.7007853015470802 1.485093739223483 0.36708681711304714
353 4236 2.836492161767881 0 0.05308806425466865 337.5704926259171 290.5477252503801 16.445682218527864 0.5599550080676394 1.2641808053876522 0.10045535189921946 1.65907981872574 1.4776596070282473 0.37035824149296837
354 4248 2.8702744565989655 0 0.08175380317036754 337.64618284848285 291.68089430778895 16.40852455129795 0.5613364040807766 1.254694262748038 0.10034856333750504 1.6691740854809705 1.4809446858430457 0.37258070676335875
355 4260 2.609960954632425 0 0.08667483851420531 337.0357190238163 289.47404138312976 16.901691203811758 0.5552591806827519 1.2939164713163156 0.10153806399571609 1.6429410601490824 1.4714793805586344 0.3633053567828767
356 4272 2.42414003820451 0 0.07134195815554056 337.9272126735888 290.78698353614567 16.41376223174152 0.542722761643023 1.2773033642409295 0.10012836541864907 1.6930734633548716 1.4743396325505707 0.35084157902402
357 4284 2.482362418409128 0 0.06834041609610673 338.34414591597164 291.9669864429578 16.061202540937636 0.5455223230382367 1.1963424635612372 0.10151190525286502 1.6662592733839021 1.4848908927174749 0.38474659795553157
358 4296 2.4538219130159664 0 0.06247912830217376 337.92671550382624 291.6237149129228 16.284973502196816 0.5621599967043878 1.2692018291549143 0.10011588691692387 1.6928689142421816 1.4807196877187043 0.37690806538962296
359 4308 2.4566991316619076 0 0.06845250245826129 337.8055853747687 291.38817176748785 16.466362706313014 0.5290909533343462 1.239115656482292 0.1020288678139404 1.6769571046151748 1.4765750831521083 0.3611043902897273
360 4320 2.601217713964521 0 0.062243656810056405 338.0841408194776 290.98270714283717 16.243689302922686 0.5752099143382859 1.2051583491546687 0.10104393495831 1.6323046092914264 1.487795873103543 0.4013068609234174
361 4332 2.7465062901197728 0 0.09958990597302121 338.09072287731266 290.6263557118011 16.15459737453305 0.5588165981876607 1.2153068033845216 0.10054823061943513 1.6446689727596573 1.4838449900270256 0.38464290592460726
362 4344 3.044523329503215 0 0.07478472914478082 337.31773538154926 290.303562666517 16.615114707289866 0.5682844023761718 1.2661107391777477 0.10083781362881461 1.6358846903592779 1.4820923947983635 0.39257900844929366
363 4356 2.885180814330364 0 0.10439069677988119 338.9771633320029 291.46170240916035 15.694653168174598 0.5505926313074648 1.1493669666503739 0.10070838220252959 1.644347611381438 1.4904354508328146 0.39872895381199325
364 4368 2.7340373484888105 0 0.0965955726379838 338.53590811239513 290.69464728801626 15.995394934047154 0.5524106997669173 1.185856610923799 0.1007758318927864 1.6471301472657267 1.4854075427124993 0.3861428800150437
365 4380 2.8411437298395663 0 0.04800998292924132 337.7331765385918 291.14469472273385 16.606259030272863 0.565062085754758 1.2971558208491099 0.10000619669841225 1.701227729194814 1.4781940776175613 0.3604405319219417
366 4392 3.0065141327360076 0 0.0700995133878509 338.25054093645485 291.4069867345553 16.11705322396407 0.5761268491646255 1.2546146825180662 0.10046394307420486 1.6986398407058452 1.483521819112037 0.3632664366544045
367 4404 2.655857710217379 0 0.04118152659934657 338.32779518401776 292.1583396428341 16.03025639988721 0.5676994324059184 1.225341885059196 0.10000956504266706 1.6842417162569274 1.487615373036506 0.38395871451487407
368 4416 2.669613133640296 0 0.07136111987776785 338.7221226282056 291.2813175814898 16.056219274037755 0.5429097174175912 1.181488973825959 0.10080038802534033 1.67382002377025 1.485829163202046 0.37543505039170155
369 4428 2.735698595570361 0 0.07936190591322922 338.18518418736346 290.26927295639473 16.400090207058234 0.5363554548044503 1.2338349978182317 0.10074923088324039 1.671199513862682 1.4795320630732223 0.3632560483649631
370 4440 3.06082974428985 0 0.05235577179147633 337.5089545272434 289.0701262365232 16.96796087595965 0.5230854364027291 1.3412119259058661 0.10033207477555345 1.7091906065896196 1.4574936274976695 0.3270292909333443
371 4452 3.1429556363803917 0 0.07175662013816797 338.3801053421294 290.4767250547877 16.410868714565844 0.5169417352104095 1.2140759005007136 0.10256175948418597 1.6888044112523601 1.4752803624129887 0.3457256142854693
372 4464 3.2316364548392578 0 0.0667737983251457 338.13938181907827 289.7205084117269 16.44346697552282 0.5298550740156639 1.2309071373228369 0.10116956726131292 1.6762484055619897 1.4730807872355975 0.3469205489614604
373 4476 3.1065638296329987 0 0.08979831444657072 337.6740077943223 290.6543627885367 16.575682194768056 0.5414636415456529 1.2483222688692002 0.10118005490566759 1.6685257453284341 1.4752092745718297 0.3614164693199032
374 4488 2.8907275968328556 0 0.08755643384376138 337.71026127676896 290.74495417561155 16.725392019791887 0.511333286323683 1.265436205421954 0.10238791129963164 1.702578449449425 1.4655241562900774 0.3346516519685304
375 4500 2.6506944398482206 0 0.06473231918196398 338.0603161634576 290.74779864831993 16.422617922495196 0.5415096139917712 1.2334518260627654 0.10111517167840814 1.6721357451144498 1.4792677505671727 0.36545195468800534
376 4512 2.457065823216566 0 0.06680442716181785 338.2680190806313 291.3463566458052 16.399837150160053 0.5336908982178046 1.2444739809878838 0.10099737089606295 1.7004899942439227 1.47814160012751 0.3598993496028433
377 4524 2.444058845490913 0 0.06650710689322276 337.79783100896066 289.65998529299384 16.808090205270663 0.5305513152061719 1.2530596593720793 0.1025844147749116 1.6629203455766886 1.4714697082978332 0.35257932632160316
378 4536 2.399878940921318 0 0.08132934617145567 338.4282039053019 291.03446978115596 16.298157338293805 0.5289333853191995 1.2215122594930763 0.1014379228360078 1.6837316395132207 1.479283473971388 0.36487821431652867
379 4548 2.478637883340555 0 0.06265023042159563 338.59431868911 291.7291294770127 16.091299209876023 0.572256167715245 1.2023419419361951 0.10020993057225486 1.6751438895060307 1.488839090208939 0.38671810450382665
380 4560 2.4715000186065166 0 0.07871141206098001 339.04623950881023 292.70947467095795 15.864227818202888 0.5383229173495622 1.1720877003807646 0.10046181288291187 1.6984508800846807 1.4877882936155205 0.36551075660720855
381 4572 2.259168164986768 0 0.05758522746413247 338.0818151883696 290.24888483078894 16.676252972700635 0.5327611233702146 1.2260689388803394 0.10291669208437905 1.6713590887144456 1.4764424431491672 0.3548846851210037
382 4584 2.243052493543428 0 0.0658229771790761 338.67525002770844 291.3408833722238 16.24800591133902 0.5179173506853847 1.18614329915628 0.10353897366013916 1.6804315969192298 1.4809311502659501 0.36875272674000037
383 4596 2.0606776861179434 0 0.08365068275018978 338.1528516801194 291.23177092706294 16.45686330903514 0.5264947081392154 1.2323921874865316 0.10151538827364794 1.6891860936951406 1.476533709968537 0.35260832171223006
384 4608 1.7367150877551656 0 0.07100457080226825 338.11822988343687 290.5930923742484 16.49967220439442 0.5446568879892668 1.2306600596292885 0.10182936890099972 1.6681774573987804 1.4811126835300914 0.37438228448471594
385 4620 1.6420779847332776 0 0.07243475421191303 338.2590450557854 290.9649084196202 16.392301710352793 0.5364930211595097 1.222757280903003 0.10180106536535805 1.6723120723197955 1.4811729720793605 0.37244481493557047
386 4632 1.6388872171285027 0 0.06851551380463433 337.95708253825126 291.0968943199568 16.55847891870241 0.5417420853938839 1.2546322088460797 0.10083145637755371 1.6875803488103285 1.4783838300412824 0.3592883501254014
387 4644 1.5502823286402003 0 0.09858061134402152 338.13930746977195 291.1463455889168 16.433671825309933 0.5551841562087763 1.2464711415728966 0.10025572521187773 1.6882244640270752 1.48130186431024 0.3623205052960984
388 4656 1.4704560819165489 0 0.06767065346913972 338.11646788534193 290.863587934294 16.421101693174094 0.559239068648409 1.2204235411364819 0.10115622772675832 1.6581136689527851 1.4844426273759848 0.38092732895079373
389 4668 1.4080207047356006 0 0.08411725427851077 337.90058460802027 290.29335110943856 16.666422918134977 0.5385883908886803 1.2481394774299286 0.10177883057756831 1.6695007284034455 1.477305219494514 0.3648323134814553
390 4680 1.402900075013249 0 0.07372374628291069 337.93006695592 291.1893534240439 16.39327455780226 0.5702093878960833 1.234132283409501 0.10057567108123387 1.6607102799436892 1.4861409250446598 0.3906221581354446
391 4692 1.3758446061425997 0 0.07322273199516123 338.16757709047914 291.9481490860652 16.248316924533707 0.5639869351980393 1.1978647026178166 0.10115248709772849 1.6562765112504632 1.4892433854650422 0.39624422080676514
392 4704 1.446957692330938 0 0.05720955370149985 338.2068695646942 291.5960604387815 16.30611314168314 0.5603087574671747 1.2084240849145658 0.1010133227610592 1.66406279758357 1.4872086724666604 0.3881941024827927
393 4716 1.5505754720462106 0 0.0582216221380434 338.4022776191548 292.5038949132332 15.935766679832893 0.5799643509253558 1.1614399184208282 0.10065237865655345 1.6419960829408693 1.4940078724459462 0.4145598379485889
394 4728 1.4913515632833747 0 0.09257119938641964 338.08520562755996 291.66511311173605 16.386959493326202 0.5427189174203624 1.2117910450310625 0.10169835196403236 1.6648051853450572 1.4840434928728472 0.37832044705856205
395 4740 1.3808507568161612 0 0.07197628628374561 338.12708762295426 291.8285628385692 16.291090937564483 0.5526627900494335 1.2049392472978568 0.10098612963378209 1.6670389906353555 1.4857808769613545 0.37761680829357974
396 4752 1.3698289624637612 0 0.056277764826143675 338.2695826353404 291.7642576250704 16.305590646000823 0.5500376879465387 1.2099538188033667 0.10104986315294934 1.6757986085859924 1.4847196900043271 0.3741157224895788
397 4764 1.4577829030975176 0 0.07954439127954198 338.29680244091077 292.25188503499413 16.201700289296 0.5569289712070358 1.1906427353739066 0.10078054044497614 1.673609580515773 1.4868095532094194 0.3750723306879276
398 4776 1.461828546102009 0 0.08419606696766596 338.5004625502428 292.80705117332155 15.988089984744384 0.5701888343268813 1.1624837767087948 0.10067173767542435 1.6613200160086936 1.492059414112603 0.3951942748832582
399 4788 1.4238537007900098 0 0.06275760444518462 338.25239780983225 291.8754544946652 16.315721322002474 0.5460159238336344 1.1910867344097973 0.10159979722635801 1.6648706801955242 1.4853907338309422 0.3739259091765297
400 4800 1.378078832342778 0 0.08832723138198423 338.1247446041448 291.95148650529995 16.43896927486604 0.545169775655211 1.2225839085055068 0.10088067945450375 1.6881408504833144 1.4819529032886272 0.36002620725022405
401 4812 1.390986470610352 0 0.0691803423047929 338.302334702518 292.5469623391497 16.103630457145282 0.5655702118027106 1.1831313481095695 0.10069394496947906 1.6581914978663972 1.4905425227390385 0.39464784019144555
402 4824 1.3997278954947963 0 0.06262224054832238 338.25045502319915 291.89371646667263 16.366429083172594 0.5396891608354658 1.22012050424486 0.10139738114820303 1.6804846224317884 1.4831922759707714 0.3748742983277704
403 4836 1.2505900265160597 0 0.08721418347480232 338.0963827966836 291.6456205885628 16.431825576214454 0.54608031601672 1.2143078935782408 0.1015867200469804 1.6657850633968054 1.4842689635090727 0.37840626779114694
404 4848 1.1603282731319158 0 0.07864196359489312 338.2536593165449 291.7994954323998 16.354655330663785 0.5496041547982714 1.1962936048053974 0.1015218076151731 1.664193443378484 1.486081476448273 0.37889058076200877
405 4860 1.2624641886293722 0 0.08590823371215472 338.1284836296081 291.3323226803005 16.53334874496862 0.5412337938656585 1.2260105670458057 0.10165383897162547 1.6740707968727382 1.481958401050238 0.36982509944351805
406 4872 1.2271759818725034 0 0.06054159409452297 338.3393971455067 291.93605001144874 16.29332132615274 0.5499123934708703 1.1981585003290658 0.10124633068252115 1.6668969755333893 1.4869636454462614 0.3827994379465239
407 4884 1.2576069217163417 0 0.05222286998977095 338.45008838927924 292.3117839050379 16.257367167736348 0.5466413704314339 1.1805686206021915 0.10190509488858972 1.6651701787370612 1.488065574933183 0.384037820921864
408 4896 1.2512168505189991 0 0.07012439164041397 338.19696635016015 290.905155092311 16.572470329523213 0.5304469675908561 1.2055965255182592 0.10286984708956029 1.6656783294634485 1.4801446668112852 0.3610369280591817
409 4908 1.132855380324599 0 0.10048100462540936 338.1370045184901 291.3962488114431 16.51980496662516 0.534990801954894 1.2207512250245756 0.1018954061723471 1.6765386736719738 1.4806496051542029 0.3645916132867354
410 4920 1.0143841802830473 0 0.046732962636773775 338.35801310837905 291.8251452530641 16.35331878647816 0.5391025409873607 1.1968046355427815 0.10177044093722357 1.6738512904301597 1.484230110340411 0.37164361628209047
411 4932 0.9966902929045791 0 0.09116662641975094 338.22640107461615 291.02149913799065 16.557637738221864 0.5317195977772518 1.2115529310202229 0.10238463338041187 1.6742538856719198 1.4795723851029452 0.35738197063227906
412 4944 0.9724917423170663 0 0.06558448560787113 338.2873643188843 291.3826847167164 16.503024248251247 0.5318841502929962 1.2176489561684547 0.10193884650239017 1.6825486614224763 1.4800903500867937 0.36044240637357056
413 4956 0.8891021130845904 0 0.05359077134110184 338.325283169747 291.33797841060687 16.493595793502024 0.5299285983281261 1.2062659611868998 0.1023762383861464 1.6766309556743606 1.4807831691379085 0.36137921511340454
414 4968 0.8298209525322955 0 0.07680100238440057 338.21999534717435 291.0193163072699 16.601972332053194 0.5287103908811206 1.2274073463106245 0.1020411302685557 1.6848129717362494 1.4776585922730443 0.3535273918174804
415 4980 0.7312493214681985 0 0.06928944517557467 338.17859652589254 290.6945554256676 16.648776832408043 0.5271573037517575 1.224229460332676 0.10268483960566145 1.6767461775518828 1.477155637588927 0.35456807858750117
416 4992 0.7586229603415494 0 0.05765075770289048 338.2565792659109 290.5058179698742 16.655798744700103 0.5196490602243016 1.231593322590321 0.10281602028337634 1.6848339273557238 1.4740798451729715 0.3477369154508184
417 5004 0.7572107656765361 0 0.05749251154677511 338.2874591509949 290.8902184248903 16.538789248897412 0.52769091477284 1.2251317729407172 0.10213089497361401 1.6799953347589207 1.4784497377911427 0.36014240519013474
418 5016 0.6890964746299838 0 0.07023827473372095 338.23460923176685 291.1017270370373 16.595238661861845 0.5245472787145129 1.2256091308336003 0.10238307774174943 1.6860928571162643 1.4770343205938001 0.35305544842052183
419 5028 0.6726847437763812 0 0.0739532188621278 338.23546730146614 290.85328621552185 16.64135998898224 0.5206424131984737 1.236916992194943 0.10236602008856373 1.6919835595417785 1.474272118077749 0.3471443701575185
420 5040 0.7425156489169374 0 0.06059542449041718 338.2002972834073 291.34669813349973 16.569871287029816 0.5305927774813838 1.2244464202483283 0.10203890364637119 1.6827725246336585 1.4793363008277776 0.3597726625829756
421 5052 0.8880402467018235 0 0.07774590004131662 338.3122148017373 291.8953405345748 16.430287531664902 0.5337146437411183 1.2090532341913078 0.1017786262276937 1.6814541143220543 1.482631308800012 0.36734859972323597
422 5064 0.9407719134908074 0 0.07083890026335171 338.0564557398636 290.73052342497976 16.732246512830528 0.5293643722120454 1.248890654026118 0.10192321549971331 1.6847568872808842 1.4757170155875539 0.35346873241205345
423 5076 0.8799314975887966 0 0.07989014551975619 338.12500440707464 290.9293286419266 16.709271245976343 0.5215989056863768 1.242081336082753 0.10222681514446473 1.6932082279713805 1.4738252656625488 0.34438560747563696
424 5088 0.8347570715936997 0 0.0747773080327769 338.00451526728557 290.74855848949244 16.766312761024196 0.519919775500744 1.2504933412887442 0.10236143919724783 1.6912400417004887 1.471964855219197 0.3433719985283965
425 5100 0.8121077444146574 0 0.07770227985683657 338.1155400232435 290.78615117114333 16.688518109923514 0.5226881502104044 1.2489595516018492 0.10196558293736896 1.6924444178399145 1.4737347887119414 0.34804354033017293
426 5112 0.8071322551748822 0 0.044258242955245185 338.17292878240585 291.2062919664288 16.59387844186363 0.5278711087539788 1.237964085958803 0.10173612642195656 1.6876726564768736 1.477757746542537 0.35872243011094496
427 5124 0.8087205644895881 0 0.0602475411615687 337.9687472183657 290.73999893606066 16.832618241346445 0.5181106616503205 1.2696608316986435 0.10183523103358773 1.7074251055218832 1.4688683480494014 0.3355937086331059
428 5136 0.7664475128414624 0 0.07057083676504762 338.0095206808547 290.93502910121174 16.743028631691214 0.5212189669815916 1.2554655546778077 0.10199088059401974 1.6970900495593069 1.4724003500705947 0.3444949214723175
429 5148 0.7999059727552329 0 0.10004800700175875 337.92459910262073 290.7854253741559 16.81715966642032 0.5196371237718707 1.2635070794937215 0.10224295317890636 1.6970410387333785 1.4710278069868707 0.34315092934766406
430 5160 0.727355187476126 0 0.06294364664633566 338.0024196454731 290.9365480796105 16.745104025269775 0.5250922959739843 1.2575100256889653 0.10166280601607525 1.6967088453307662 1.4733097089706046 0.34602687994435066
431 5172 0.6714900613231947 0 0.06340758605130367 337.82970600835847 290.72793755237706 16.905656787706032 0.5175809022737609 1.2766226012548074 0.1019791060819438 1.7067834844326046 1.4673619943490106 0.3341593768484207
432 5184 0.6414765758168264 0 0.06587533353779473 337.88659486392646 290.47851706320245 16.906687871182058 0.5158991272352427 1.2750238127343534 0.10217850500156805 1.7053273195428285 1.4665337705727806 0.333188658183234
433 5196 0.6340868132179742 0 0.07320135585340044 337.8918929977227 290.290436371501 16.89192953139557 0.520570517485246 1.272984334514016 0.102144895959484 1.6963833383694953 1.4686258548684414 0.3394175597865297
434 5208 0.6107135845324755 0 0.07575993369849032 337.9802080043472 290.48253481103944 16.84264928745874 0.5221479261131434 1.2669774885706173 0.1019232662069082 1.6978337152093717 1.4704442517944352 0.3405959358750459
435 5220 0.5765376178520214 0 0.06684089470458351 338.0278784245846 290.74994604254306 16.768549941939956 0.5227881398785845 1.2546306188720726 0.10197458090143321 1.6951993150248976 1.4726113636380598 0.3440827968743786
436 5232 0.559722745528068 0 0.08795481496106236 338.02720192505313 290.99589989122626 16.70676731036634 0.5268525834372715 1.2492009846153278 0.101896833461253 1.6896705519336395 1.4752427772409265 0.35237316788193684
437 5244 0.5597222091246893 0 0.05106645440889503 337.9496516071167 290.7399713464888 16.806459115584122 0.5259695917241991 1.2611627779260557 0.10185035945497323 1.6928746501300231 1.473017842313979 0.3467410449056258
438 5256 0.49805437677030384 0 0.08130339375367693 337.9516474692385 290.5502288658655 16.84267824980696 0.5221148237616471 1.2663421781839792 0.10201836038940568 1.696107406649843 1.47083336296032 0.34270803377639875
439 5268 0.46021112502541883 0 0.07827814853394297 338.04171607382415 290.6516954178502 16.74698561232693 0.5264336499646088 1.2554161151391714 0.1018149145353639 1.6901472265297108 1.4739211673429742 0.3494830607518908
440 5280 0.4586179535606879 0 0.0634806015553073 337.9892178940113 290.8635611953341 16.726287020501697 0.5292319677558235 1.2527378781330496 0.10170793655313932 1.6885731743011088 1.475244933664164 0.35255891689763136
441 5292 0.4447469591138183 0 0.09304262585379994 337.8921534875836 290.66293254203015 16.82981848658128 0.5235811837803654 1.2645663435662204 0.1019753488958507 1.6932156532669775 1.4715647842142607 0.34477795549544205
442 5304 0.498862301549116 0 0.08450716969771943 338.0008998085435 290.67089196210776 16.75230339895232 0.5244004805453949 1.2562471023470843 0.10193928185746648 1.691402080594153 1.4728284889203038 0.34779813263725756
443 5316 0.5198162625936967 0 0.07604400272311612 337.9956638714634 290.8387146843384 16.746421403389405 0.5261319924554073 1.2561085913345267 0.10177533897297666 1.6925239773995358 1.4736951173967086 0.34887584218464507
444 5328 0.533067483495631 0 0.07544134396675509 337.95318296361376 290.5700602162624 16.840343880980615 0.5214621552589123 1.271013562366128 0.10192276399331895 1.699410109202918 1.4702121887818194 0.342394276258544
445 5340 0.4797805711103469 0 0.08333933343766906 338.0198230467618 290.5434850511589 16.79425489149675 0.5237483923411963 1.2593438974047213 0.10195562169373155 1.693369348227869 1.4722293635796175 0.3451420373510959
446 5352 0.44895658016815354 0 0.05875710880984542 337.9908653193845 290.6741532730504 16.790614740349962 0.5237755480755518 1.2613594222786404 0.10193055815751037 1.6939215369308045 1.4724453146807133 0.3468669069345414
447 5364 0.41810687696939614 0 0.06654913393561189 337.92878962732067 290.5847100405612 16.84536931945645 0.5229073807350922 1.2688904002034156 0.1019550456875127 1.6961787789474914 1.470966768886402 0.34389971605037845
448 5376 0.434491664500192 0 0.07169306446655123 337.92397351334625 290.6550463613924 16.838861641363124 0.5207494199066148 1.269862383021375 0.10201031138875326 1.6987016706916982 1.4701873358624513 0.3429564233929186
449 5388 0.3848826934639148 0 0.05394051927169395 337.9383006457931 290.4912074125512 16.867526896216674 0.5200717291071371 1.272186925158295 0.1020339828240518 1.6994150504779142 1.469460027237515 0.3406502451561084
450 5400 0.34165202280762713 0 0.06474721691358058 337.9427562390165 290.52721897507104 16.874690463128672 0.5190584069358207 1.271206088729715 0.10206019370208466 1.7013222948188529 1.4690393077394988 0.338537587443658
451 5412 0.3054184263465829 0 0.09488441434805177 337.94990914725133 290.5527396528023 16.874943600964464 0.517751702152391 1.27349109974988 0.10211758635003818 1.703103739425228 1.4685250352597823 0.3383177585471609
452 5424 0.27944232408924974 0 0.09746605240787096 337.9265800855747 290.5237807613347 16.874823793648016 0.5193896741106274 1.2698345926380288 0.10216196980557761 1.6992580822078038 1.4693579724557932 0.339476109005866
453 5436 0.25917989768252453 0 0.06795722860321216 337.93597733689694 290.5282235753193 16.869542747317592 0.518886178830373 1.2704846753592882 0.10211871538455328 1.7002332383920622 1.4690691529702629 0.33905499680897433
454 5448 0.2550879516174192 0 0.07086307963300005 337.8507247846905 290.3847835919324 16.957756381106467 0.5164071173084507 1.2823572491793134 0.10217652625577091 1.7053892536121837 1.4661208967387165 0.333945301521588
455 5460 0.26676585397385816 0 0.06359927903194769 337.88987282297154 290.39859011459214 16.914952978618288 0.5190016709730251 1.2755616172665685 0.10210261667862097 1.7009213569885573 1.4680534876018014 0.3370909850762416
456 5472 0.25450651113622913 0 0.07511121006997383 337.862050000532 290.51299624228307 16.923423637547995 0.5181682127889471 1.2767317785801577 0.10216064032722295 1.7024121458494406 1.4678082185703798 0.3368135405641154
457 5484 0.2507201761593271 0 0.09581089086090268 337.8970746968726 290.46979928468585 16.91084669227803 0.5192330632755093 1.275550210762235 0.10203531038492987 1.7020680649547753 1.4683646229596887 0.33706585674697603
458 5496 0.2607025113822242 0 0.08037408309655537 337.85276155988424 290.42074156531794 16.94436207896962 0.5180787739143446 1.2777986573093667 0.10217742705455934 1.7022530639004103 1.4674495605938451 0.33547526211429307
459 5508 0.24147112896924364 0 0.04948782214754551 337.8701842460864 290.47922052482403 16.918317736007154 0.5182704956248876 1.2763694079884274 0.10210636325999728 1.7024491688611254 1.4678147699303201 0.33649159841436627
