0,1,2,3,4,5,6,7,8,9,10,11,12,13,14,15,16,17,18,19,20,21,22,23,24,25,26,27,28,29,30,31,32,33,34,35,36,37,38,39
1260.400380654445,1264.0721667010944,1283.7873352248025,1291.2889717496919,1317.8406973339113,1277.9108137347896,1306.950033409554,1319.5564996960843,1333.6325853287055,1315.967592981981,1409.954380539446,1325.789893660942,1330.9854755204701,1356.38073897168,1314.5784533354506,1337.5565772349096,1295.878363555735,1411.3364436089466,1356.4853680964522,1369.9855849116263,1350.8536100426702,1363.5698848057355,1266.244629549824,1373.0289648339558,1348.831288206163,1283.540939323388,1367.750035669544,1286.2099496212402,1423.7460179306802,1401.5521387180167,1420.947802068061,1435.0343617946382,1416.196603980406,1374.3789679504612,1358.7650746555776,1379.1653937486547,1388.860288655361,1379.6345130352638,1395.148198481565,1450.7791863200932
1261.0949018776003,1264.1536114955522,1285.0223272135447,1291.6432287505754,1319.511429723506,1278.6083256279162,1307.5262742995071,1320.4513900279499,1333.6219563997722,1314.5750119846039,1411.1422690591878,1325.7328601590386,1333.1466045735535,1354.987459870525,1315.5018386501267,1339.04322084153,1297.1840714943114,1412.9799547365578,1357.5058829078837,1371.6632735258254,1353.1328665390154,1363.5350284619421,1267.162063841107,1373.9292064637518,1352.5993575952039,1285.926641756414,1367.7898524117672,1286.308602506148,1425.7765856554568,1401.270353976971,1421.527703738048,1438.1016060733768,1414.573713523983,1374.9285203345325,1362.927392085792,1383.1972708275973,1389.3460263189852,1380.4346964825233,1400.5072065387062,1450.6988599938306
1261.0136314967488,1263.7499600827427,1284.1445631211304,1291.2832275986948,1318.8949925953166,1276.6966069783814,1307.825766051711,1319.3400045589087,1333.4266569434003,1315.364153084135,1410.9536816574023,1325.084862463517,1332.6250908048057,1353.1135192604643,1315.8147193487905,1337.3600347500767,1296.7019039682339,1410.1415666760927,1356.5456534481832,1372.4813214797628,1350.618749938204,1364.1120614023014,1266.108100511206,1372.8022356568306,1351.6527470583744,1284.727475678605,1366.0938490008123,1286.399591669269,1423.4982418715065,1399.173153799432,1417.7052205633745,1433.196644747978,1411.273746913566,1374.5763654127447,1361.9940152401443,1377.9962809969084,1389.368516756688,1379.2512940751656,1393.1494862612185,1449.8702806979122
1260.9046777680496,1264.1801486764055,1284.6704571361245,1291.391482754808,1318.8365820890542,1276.783604500116,1306.0812747610046,1318.3918526683703,1332.7264339763324,1315.5740397082939,1410.2478295535298,1326.7381312635264,1333.7832136401923,1355.1683303792058,1314.4850251832806,1336.7728810709218,1295.4900280608892,1409.82185453087,1356.0690737164814,1369.4845909257447,1350.225400109431,1364.1687766310793,1265.831689290117,1373.6892324650405,1351.7431619995646,1285.951974257293,1364.7327141427013,1286.0510806787154,1420.5355444698216,1399.111147679983,1418.625454308,1437.5229894555328,1412.4146801470965,1377.2370898844981,1360.5952143506295,1380.2083820242647,1389.528101681495,1377.5309505446764,1392.2703686459681,1448.774582240368
1260.1087724604972,1264.059004130015,1285.0291612783265,1291.6926636137905,1319.760952990436,1277.2379829756812,1307.4622522685813,1319.7597324331368,1335.172501871366,1316.2690364363702,1411.7159198183401,1325.7985169929818,1332.5037373613309,1357.8786145816591,1316.0670402871215,1338.6555909477865,1297.046383571293,1413.0214058730232,1356.669676199819,1371.711095585753,1353.3380092001566,1363.8028735173823,1266.0496643501635,1373.6442136674948,1351.0518800748362,1286.3778796943557,1367.8817348107527,1289.3369833611032,1424.7541597475742,1401.8960927218318,1423.8495430113628,1435.6376868388131,1416.6555635856175,1374.7020479639482,1359.7897190707229,1381.385796489982,1391.0495706896122,1380.5931969599458,1399.0163990413273,1449.4312590822817
1260.2463024233246,1263.6782200991468,1284.5176059539212,1291.6864540973636,1319.195226195653,1276.990028936872,1309.2375491657194,1319.564223587654,1331.8511799079108,1315.1819977797188,1412.3629108936123,1326.0785667834418,1333.9715724843181,1355.6782899205348,1315.5040502110448,1337.6968881716086,1296.5504369177813,1410.5792668357726,1357.0186322193947,1368.4504832500822,1353.4913866546053,1363.5694100576004,1265.8235594493826,1374.683611484502,1354.9668429608837,1284.6561264798231,1367.7740379532966,1288.4329174294398,1426.1606899567669,1400.572713338576,1422.3251787702072,1432.2934773323066,1416.936178649252,1377.272188380453,1361.6602790397046,1381.9962314947704,1392.1402636503599,1379.3332397757467,1399.7673629382905,1450.419859050148
1260.979638998785,1263.8378528795356,1284.0898558332613,1291.7964690748804,1317.313614810544,1277.2228271637566,1307.3164266745232,1318.7307530529094,1333.2235474704198,1314.3205049681942,1409.5425686622975,1326.4247771734215,1332.3750232558689,1356.4696067959726,1314.6274959033378,1337.0317497262001,1295.3665567425633,1409.8548092991336,1354.5111271544697,1367.9460008683247,1351.3691060369435,1362.2363162096663,1265.83309399948,1373.4418494433019,1348.9196985291908,1285.284129569953,1365.747966369644,1286.3395038564342,1422.1323283263969,1400.0129285620978,1417.2022649552239,1432.181287948434,1413.163270334783,1373.66940791911,1361.4398569470588,1380.1922800382747,1388.531346940531,1377.365364741984,1391.1881886690016,1443.8157867699122
1260.7386978762536,1264.8303987614845,1285.9715553640417,1291.6432512221081,1318.1980715610975,1277.7514506588718,1308.0843318485556,1319.55149837671,1335.5123475162493,1313.992906991682,1409.628808205848,1324.5982681357928,1332.052122617091,1354.6956097188452,1315.6498866868737,1336.7719415768015,1295.8519261370661,1410.5059937308458,1355.8759348279725,1373.945618719166,1350.7044057100234,1362.4641301637284,1265.0445760528469,1372.7031964531009,1350.4399412506766,1283.950497059108,1365.5011696248714,1287.0426187193248,1421.348376128535,1399.647326051306,1418.0362597658743,1436.0922394108757,1412.0126128640898,1371.0628162083326,1359.1337081623512,1379.5743838306191,1387.718292827417,1378.6251927527676,1393.218255255272,1449.0324148296042
1260.749621094812,1263.8957207616245,1283.9576085853498,1291.2543827277661,1318.776880400498,1277.467669209946,1306.7369080327667,1317.6838309251502,1333.305631088121,1313.8378823270955,1408.3012365644254,1324.8366145174473,1332.4274101925737,1355.0319904269932,1314.7154808726582,1337.585225547749,1295.6112176694016,1410.9399252578244,1355.7041529435892,1371.0962916434328,1351.8199760124432,1361.7917506096755,1265.5938153454342,1374.1754852357112,1351.8122547881076,1284.3518629942794,1367.12780672259,1285.7503993103746,1422.788165142612,1399.6082104332645,1416.8428137980236,1431.3266615917742,1412.9001554582717,1372.8249124725469,1361.0346534311616,1378.7831104069314,1389.485819643607,1378.6869660831533,1393.9662500493828,1445.3975233263177
1259.766259217121,1263.546167414567,1284.428578101933,1291.7124205537066,1318.5042646469876,1276.6314796377098,1306.5649693037985,1318.9644866394692,1334.189518218899,1314.1146134468731,1409.4421118671305,1324.7165074619422,1333.422548519831,1356.2986033794177,1313.7752219626852,1338.218261961332,1295.0981001780472,1410.448737068862,1355.6442586766702,1369.4767877765255,1351.856510821593,1361.3733548498753,1266.659050027824,1372.419659132621,1350.859094863252,1283.600320588323,1366.0912435805951,1285.2659187831277,1423.0963718317555,1402.029562891307,1416.274755738765,1433.859342945308,1413.3494580515955,1370.4232429729586,1359.50650834656,1378.2643142682161,1390.3470772377832,1382.7104040384006,1392.801498799427,1449.8752156941855
1260.3317650902388,1264.3630497843903,1285.712309546133,1292.1521502107944,1317.151279555253,1277.5876144918063,1307.1876124253783,1320.4034451182229,1332.9086403408908,1315.4008549628093,1409.4178756722622,1324.8938928752543,1331.7450892611598,1354.8841190750616,1315.2700321419093,1337.8482458614355,1295.3155003542643,1410.3671496217864,1355.1871713517105,1371.8703507712503,1350.042011939947,1362.183421955537,1265.877915955705,1373.196097222471,1349.4282695044856,1283.6850471298067,1365.8029781596372,1285.6438216795516,1421.7818731340308,1400.6875103678547,1417.2702715889327,1432.9153006719264,1412.782850888577,1373.1848400476083,1361.4727003581281,1379.3169970633062,1388.6855008569012,1374.8149034450466,1396.5575481893247,1446.3869250963146
1261.542806843431,1264.0000029202818,1283.569082200223,1291.76569049079,1317.947151206111,1277.161558833838,1307.0993678215916,1320.8811507279038,1333.290556369141,1314.858657822865,1409.0536894493534,1324.5745290831005,1331.0727330058348,1355.6958096862306,1315.5231636340518,1338.100630058332,1296.4819332064135,1409.1180163293793,1355.1802178714904,1370.7790177111126,1350.2997435018235,1359.9655791166924,1265.4742401036856,1371.6034413198468,1349.1316130315968,1284.484994092057,1365.3755519616802,1286.9075403967113,1422.0667213179556,1400.1849242821331,1417.3641797681096,1431.477873132226,1411.2166846678203,1372.4726782027205,1359.6462447198005,1377.854189250135,1385.65999565865,1376.4038915537242,1393.806554407216,1444.5253085810966
1261.5592419582738,1264.2637039731887,1285.0435152360587,1292.0201666640146,1318.9600489657396,1279.3529172918875,1307.6115402648825,1322.2330764237786,1335.5782233847942,1316.5594488632669,1411.6447242095815,1326.1608790501136,1332.2451960156038,1357.1281764724663,1316.1375320713478,1338.2731853657908,1296.3452425621695,1414.7027562241715,1358.9990755113924,1371.9180094842304,1354.9780727990665,1364.32434928788,1266.8774400323928,1376.6199587056608,1352.5634376454302,1284.9407134069463,1370.9977456631982,1287.9455619151877,1426.969421756896,1403.3250236736533,1427.4932588161544,1440.4183428182453,1421.0686250027707,1374.8458381682487,1363.176988998311,1385.1729302671822,1390.6747711553423,1379.1362932489435,1400.4007351254133,1452.1074310969395
1260.7727858285164,1264.3424505434052,1284.6921617659566,1291.6015090206008,1318.599267634589,1277.695843516493,1308.1483734341841,1320.9051306013675,1333.5686954145674,1314.9029920489847,1412.9114386868523,1325.830854633031,1333.188287231616,1357.3661011330457,1315.2618192320463,1338.0047509971762,1297.759512146034,1414.6537431763963,1359.2664957755428,1374.8434928441006,1354.9733384982096,1363.8930209717657,1266.3698021666012,1375.9594410269017,1351.9141886263883,1285.0871619957966,1370.0397748456735,1288.29647151873,1429.0478166488622,1403.0783342240284,1428.4671447476858,1435.3483084193442,1421.3687143530997,1376.0382117322058,1361.4149659149912,1383.3778867657452,1391.097078511112,1381.1941204225097,1402.6894489095291,1450.9889000672872
1260.0413022384053,1263.8137557867872,1284.0433923741725,1292.1891933704414,1319.6142146808147,1275.5366622414251,1306.6888311576072,1320.0725454101764,1333.2860220131947,1313.6751089935426,1410.5534597868636,1325.1546293569481,1333.2115383926687,1354.5360878694016,1313.7447785687516,1337.1485105075812,1295.9405362211,1410.206569410596,1356.0154026499297,1369.1101459134427,1350.3105183378236,1363.7206263657417,1265.992393689075,1372.5669837656073,1351.8712750826273,1283.6538598464606,1366.8028705228944,1285.2235939879313,1422.5954822974313,1398.716335600489,1418.1058603382896,1430.2928087006314,1411.4979300890175,1375.4202213289768,1361.3730743038727,1379.327008856628,1391.964232308026,1377.7259061690845,1394.4656676597779,1450.046054385233
1260.5955165948155,1263.693844207738,1284.2515208816744,1291.0357448060172,1317.7841271915297,1276.28679853851,1305.8982239928598,1318.8344376904251,1332.082033919779,1314.5292404958939,1409.2441086745737,1324.3532847520648,1332.3375265970467,1353.2239994457866,1314.9423384660636,1336.61587772269,1294.41071739719,1410.7252305465154,1355.2393698911267,1366.3738960901142,1350.6175247303474,1361.1254867495963,1265.7616447451983,1371.3638041812187,1351.5037882048903,1284.2258570986103,1366.611613429484,1286.3474301463125,1423.596492178615,1398.6225648355162,1419.4869536138185,1430.8847138963342,1413.1481356921272,1370.1882772085962,1360.6192205316572,1378.91058436357,1391.1041778753133,1377.352431304343,1394.8019643415805,1444.622147792516
1260.4459882437616,1264.562171171174,1285.0412446815003,1291.9415487858464,1318.1826399051781,1277.028934769711,1306.6792640650242,1318.9105928252293,1335.5259604398796,1313.7881087487394,1408.8481817241561,1324.6115843309037,1332.553276567868,1354.1041512375023,1313.6492671192113,1336.7799048597658,1295.275759501397,1410.3776217940213,1355.2992084056884,1370.7780850198392,1350.8694928067614,1360.938863234946,1266.0926756779472,1371.795929517388,1350.497768224204,1284.1815484632402,1366.3067425357392,1285.9209367039407,1423.4064927785007,1397.4489514018105,1418.3437692715402,1430.7957421765007,1412.5534454993895,1371.586708453648,1359.1925345384118,1378.578242693075,1390.1085497899699,1374.8752161103937,1395.9955773064896,1449.201703548003
1260.6929025197828,1263.7034641632372,1283.7199376845888,1292.212813495246,1318.320864035211,1276.9082677707524,1307.4499567537773,1319.9445402554534,1333.6454172259685,1314.0468094532894,1409.0433043424648,1325.400950829983,1331.727430026972,1356.058198613807,1314.4217993646212,1336.143579936882,1296.91944076169,1409.145774243741,1355.9595010059545,1368.250613535457,1351.1100596216575,1361.9658750463357,1266.128653810027,1372.0683820340644,1350.6963818345146,1283.25378042206,1365.0601702877668,1286.8410618989321,1421.3234826696287,1398.3875597745596,1416.4060196407277,1436.9849017023648,1415.861832203222,1375.1459734042517,1359.3159376063893,1378.1924797836955,1389.757030673543,1377.1043982437593,1389.717718941953,1444.274954828529
1261.1702906733253,1264.6732207139507,1285.040078097571,1291.85970059878,1320.1033212882685,1277.4302509985139,1307.45462326785,1319.5438619944223,1333.964761407991,1317.2874649054597,1413.4480169979981,1325.6586213692817,1333.7118445836627,1357.2513742755364,1315.4803177065007,1338.9720845721454,1296.9094820691068,1413.335959808424,1358.3082585015998,1369.9078295708994,1351.8965061489716,1362.5155988652484,1266.2563346508307,1373.5293809980956,1353.7741564218115,1285.1122831063285,1367.332272910641,1286.3738447691865,1425.266877280031,1400.9117437137825,1422.739196999344,1435.2393740884588,1415.506903982216,1378.9265464088362,1362.0540168108794,1382.2398605209198,1392.2881432333618,1379.1016345075773,1400.6787812655652,1449.816370742446
1260.5318695520843,1263.6181910875755,1282.477680023167,1291.1338651723804,1318.4804746660998,1277.8511992048257,1306.467151002202,1319.3867680214412,1332.1293357254085,1314.4363157024459,1412.0363809348357,1324.6962740023555,1332.9106229356717,1357.2720198825275,1315.3050954611688,1338.7774223317142,1295.5306768120656,1413.0474010852658,1358.319616741913,1369.4856208590652,1352.6224381375973,1363.6810149619362,1266.8257086963488,1374.3516775144747,1351.4701480528063,1284.7284439050488,1369.5467895432123,1285.4481078961426,1427.2210517756846,1404.1102299039699,1424.241349363365,1435.7144657594904,1416.9260784988003,1373.18865429012,1360.6693484351285,1381.6696691732845,1390.6661461268184,1381.3022226753003,1400.2131921188623,1450.3214891262069
1260.6824398384447,1264.7299961772007,1285.3152450151817,1291.5515587600162,1319.1194661724796,1277.4759421109416,1308.337334465276,1319.8240376705883,1333.5064043007774,1314.9526148300451,1411.718311979975,1325.6420229192865,1332.3999096199045,1358.5958838860402,1314.5132204939678,1337.1704045850818,1296.4447832168185,1410.9578680500474,1357.1690743575537,1369.4036590223882,1351.8435620149,1363.8803870856793,1266.0018348532728,1374.1314594032694,1352.1779200001013,1285.5373996886692,1367.490256233825,1285.5759167024355,1424.0711493333208,1401.3439561581208,1419.4291748390497,1432.5515083557673,1416.779825583489,1374.2832934146895,1360.3442534052947,1381.3560476564408,1389.284412937644,1379.5361345684357,1395.8898520906089,1447.5312731265642
1260.131162848674,1264.2994170203103,1284.1710712601025,1292.1004391096076,1319.7009429069915,1277.224344538721,1306.8898118817046,1320.006364350707,1331.9331304237492,1314.329787250142,1409.5098804600088,1324.1067063290748,1331.7412965603298,1355.562424556778,1315.4384267492871,1337.5788967081432,1295.837952713271,1411.426204469705,1355.3515180424351,1369.9228825965326,1351.6259451268031,1361.7647573972447,1265.8910466130217,1372.5610588472953,1349.477303186087,1286.3157255588878,1367.1021815569345,1286.9844903879232,1424.7096316090417,1402.1627547023675,1420.162619358354,1432.008777014048,1416.5860944671256,1371.2745057021227,1360.2630202463397,1379.3395809671617,1390.3432411304764,1378.4689370838678,1396.0259769785346,1450.7591216835876
1260.8325311229369,1264.381163545932,1285.6322703555413,1291.1077901856613,1318.6463575739813,1278.5760638843133,1307.3673906581241,1320.7933744770041,1335.6226796740932,1312.4521456866973,1409.2992528602988,1324.6919967899487,1331.3894597088251,1355.5783796758185,1314.883706212872,1337.755427741203,1296.414017831275,1410.8880057420017,1356.6257809365604,1370.4343787388968,1350.076307579568,1360.439158801063,1266.1138495685643,1371.7713531495986,1349.4169187622845,1285.4406533728195,1366.9011579764706,1286.861405940748,1424.208995648242,1400.07145847827,1417.1992223958835,1429.5908077081308,1414.5544203142606,1371.594708563247,1359.6463714287536,1379.7251221056756,1389.845795756542,1380.4336036834168,1393.5893831226458,1450.8088011350758
1260.5301317101532,1263.9192971351358,1284.56169137606,1291.3513157928385,1318.0622938102824,1276.585557838401,1308.0754712893256,1319.8142426267248,1334.4651487497713,1313.2233657324687,1409.383348346607,1324.8795685323332,1332.36008992318,1356.6265814721191,1315.21948089603,1337.2739910770931,1296.3911209201315,1410.5266397479945,1356.2833347785477,1370.362584211024,1350.6519542389904,1364.056475446949,1266.2059842750284,1373.7350992118875,1350.8014363755387,1285.8078140591217,1365.994019587587,1286.4183478400766,1421.8870349865563,1400.2849941960044,1417.2836683132625,1437.8563999216503,1412.8547494708605,1377.1400322980533,1360.6489266218161,1379.4910371464684,1390.0702440797054,1378.8971009741445,1393.8195494847198,1450.249783461717
1260.6826752013417,1264.0842313287735,1283.7686529841312,1291.486518019537,1320.1229115639335,1276.9860071478201,1307.223415693274,1319.7695246973499,1333.3403914423363,1316.4285724535189,1412.749622181515,1326.2597335269604,1332.8115304159476,1357.6298624587462,1316.080631022873,1338.0466662446984,1296.1700325233912,1410.9932758095563,1357.9894714762775,1371.4292264103274,1351.0029648468148,1364.3986562254174,1265.2986583435968,1374.6072646037292,1353.595057831877,1284.492236598558,1367.112439718042,1285.813984541487,1423.5680617507167,1399.2671226819184,1419.9291865035402,1439.5581307400432,1413.9770577425488,1374.741639099954,1362.070392240733,1381.713672773213,1389.8643702200245,1379.1180701006356,1395.7480025859018,1446.3395941226383
1261.2171802657786,1263.3851866973616,1284.0139027059377,1291.9774040701404,1318.2932078070285,1276.0358834991005,1307.6605924188118,1319.7439970175774,1332.9943068261298,1315.1912817831203,1411.0906010393073,1325.1993301548594,1333.0220344355089,1356.5426886261464,1315.1031011501482,1338.7868224595657,1297.7488548306173,1409.6275588629737,1356.1208032734005,1372.0008888576147,1351.2575927455541,1362.5563865588326,1266.1874369186894,1373.4320404277028,1352.7029048974698,1286.3240948038476,1365.6015074033369,1287.2613854110252,1421.0252960472872,1399.5367573995616,1415.6390974853725,1433.7127732127726,1412.6790028351418,1378.570237106806,1362.2818068899276,1379.8543905395156,1389.7827156650387,1378.4542516838694,1393.2930962315363,1447.6666791209796
1259.9179394673597,1263.1487868927338,1284.165601696755,1292.6321055276833,1318.202236252075,1276.843991557551,1307.7896981071892,1320.678079924329,1332.81650360697,1314.9397591889597,1411.1200704504604,1327.0280820078967,1332.8816834102217,1356.4444894927944,1314.6185753935097,1337.6736540650345,1296.1329546213285,1411.1425236042976,1357.2019274096883,1370.6628968238006,1352.3457767295547,1363.2107995190668,1265.9818235895925,1374.6949086115274,1352.3006304178984,1284.4434725056474,1366.9588274727155,1287.1081916378594,1424.3537974378175,1401.0025836691284,1421.1261626383712,1441.7830724229211,1414.8829937922242,1372.9150091693928,1361.9287430394236,1382.4344173416237,1390.1930876572644,1379.3037603046446,1398.575118691429,1447.5702901782026
1260.6429367033297,1263.9060619868164,1284.9179032287145,1291.9429958330024,1318.8867801886252,1276.746554712601,1306.613403633041,1318.6213949923151,1333.9648722509305,1313.965841504291,1410.1599403094738,1325.119133621495,1332.594232006678,1356.1877893803314,1314.6299310188515,1337.5384858609655,1296.0281379884887,1410.7825214618572,1355.1517272833619,1372.3978627646356,1350.9257431872772,1362.2966890350945,1265.7122127535076,1373.1185784253869,1351.889845588949,1283.2671114604125,1366.1208361960773,1286.6708265228249,1423.4465225832676,1400.4661814365572,1421.321655253157,1434.8472142147925,1415.9632192873928,1373.6383360589907,1358.6659829625603,1379.2308222889599,1387.8536982336766,1377.247343622754,1392.0501858149687,1448.2968468108224
1260.9077574074665,1263.4726001547206,1284.3511276275794,1291.33929115611,1318.332252062225,1277.5090326601019,1308.2261380639386,1319.8828947205423,1333.9495688280024,1313.7907719184595,1409.8759868408201,1324.205863291541,1332.3372297842686,1356.958574605945,1313.2694536708768,1337.1037406221726,1295.9329977395391,1411.564457690956,1355.6336734370575,1372.0130232969568,1351.438556207712,1363.6600832676784,1265.8176898246327,1373.1539518784978,1350.8125257540728,1283.6697789036966,1366.3583958331446,1286.8789880007757,1425.1030015577276,1400.4058849054366,1419.4788451327033,1433.875309812322,1415.2259985252479,1369.1907111313928,1357.6167770707748,1378.718272235093,1390.405724537599,1379.9328290130286,1397.8561706662383,1450.0126023611294
1260.3681063478166,1263.7351843693898,1282.9604415721792,1291.4817478350903,1318.5745642546829,1277.524047608255,1307.8178562223943,1319.8379169757568,1333.0513812587049,1314.4872135464368,1411.3252857164275,1324.975967299423,1333.884080500342,1356.262275436501,1314.7283708468094,1338.2545091605018,1296.504976071093,1412.8266888304931,1358.305320863424,1369.9702946202165,1351.9817971646441,1363.5029409467195,1266.539041610047,1373.6097284538935,1354.3718560332734,1285.8085971432592,1368.998613415655,1285.3068322345855,1425.5569043169053,1401.0984304182157,1423.6815061822238,1432.6339544571076,1420.1601382161498,1374.4617277593024,1360.1715683923892,1381.9479801547714,1393.1151642629468,1381.94323143404,1400.4426735231928,1452.4733452717526
1260.3790285869925,1263.9531989909108,1283.9392229636364,1291.6982945922166,1319.1728779226082,1276.3895477563187,1307.1794854988298,1320.45978205527,1334.47201841809,1315.1319759033036,1410.9722827636697,1325.96330431156,1333.9587288425182,1356.0619625427623,1315.760126128456,1338.4189380506607,1297.579542678206,1413.1522103094949,1357.7948854044223,1370.8546516927531,1351.8185363621274,1363.9039635570687,1266.6748416668622,1372.5555968970768,1351.670862533863,1286.2714938446334,1370.5669375001407,1286.603328100337,1427.2575192090699,1401.755042003458,1423.595167958025,1433.1752274863613,1425.8351583789806,1374.7167732420219,1362.4172267914541,1383.507054555887,1389.9592217940951,1381.8640523014153,1402.489104724489,1451.5908954882163
1260.6124283222648,1263.106625915014,1283.5113275189594,1291.5355199941137,1317.4686946201687,1277.4196712231026,1306.9057062843735,1320.1058167869892,1332.2798438643922,1316.5501754074082,1410.727980108122,1324.6679076123523,1330.694590704245,1358.7660187193287,1314.9624589883997,1338.833941742644,1295.654039831457,1413.537658165962,1357.405583944096,1367.4479152348495,1353.2201446578,1363.7441269571104,1265.8145311724836,1373.8277378688595,1351.0631858125942,1284.6680161496472,1369.1221763114338,1287.1815038173952,1427.0602213529016,1401.9826357955578,1426.306857224801,1436.7782687703052,1420.274594223236,1372.842183006788,1361.5700790261865,1383.6055916997616,1388.6055728698584,1379.0025785195833,1399.4281773460066,1446.923439567877
1260.619979306507,1263.8603187980314,1284.6996919003848,1291.319359927025,1317.5763009201878,1277.4307658838052,1307.622667946689,1320.572068367728,1333.071684540174,1315.349232702273,1409.5749750566397,1324.1966699010227,1332.5541874862824,1356.7227727740765,1312.58255810959,1337.5694391936381,1296.026057346208,1411.8350818108634,1356.3897213000525,1371.660799619742,1352.9015341787324,1364.0836475979797,1266.8754851247043,1375.0293673538179,1350.598114250871,1285.453102775153,1366.9251698405724,1288.2541008157305,1422.2414882850692,1401.723486063812,1421.1673004897566,1440.9715685939989,1416.750218025419,1374.2467750344401,1358.9921361403278,1381.286283364768,1388.2463577008211,1379.1941235845718,1395.092588668661,1447.955295031714
1261.2270044282404,1264.2756861373068,1283.9355053340723,1291.7296294791684,1318.4311834238147,1278.4211466735035,1306.8620148345565,1319.9185924484575,1334.7233313627462,1314.304047597224,1409.045201695987,1324.865703593586,1332.8974399691808,1355.7094368082285,1314.097788725891,1338.9876714033899,1296.5194667517976,1412.646821095773,1356.4816250860224,1372.4138097568382,1352.698797769627,1363.9764076582817,1266.1342302942041,1374.352197591761,1351.7866410276158,1283.5434559213345,1366.8522803058002,1286.7785044797342,1423.3216818116614,1401.5300465997811,1419.596620979917,1431.8167989636138,1410.7751513284452,1369.6801943215019,1360.276467696579,1380.0870102720758,1389.7224052600113,1381.3425602467173,1391.4639099024027,1451.6072482644731
1260.3300768912925,1263.7201625509797,1284.3205269353878,1291.742154470539,1318.9111164049355,1276.6794320021716,1306.3306280286567,1318.753538758847,1333.1343804939595,1313.543275940582,1408.7864683654852,1325.2718571614182,1332.1587717554128,1353.691937181377,1313.5575105703726,1337.8766504583496,1295.084061654584,1409.4909229826153,1356.2482492427755,1368.9794841977157,1350.1818274359214,1361.7844910259626,1265.4526794868232,1370.6529251235106,1351.6355797233666,1283.3177755377358,1366.271246751015,1286.0129335967436,1421.3905178233786,1400.5302049020668,1417.594942948912,1431.0965168036576,1412.5018927059523,1374.5904128220293,1357.9430953749975,1376.2216574600284,1390.8596041712578,1376.773953819173,1395.1435055003317,1445.3270129379994
1260.8633469303954,1264.1944076928971,1283.5569458520047,1290.2050296336533,1318.7017695909358,1277.9227014705275,1307.8151672703664,1320.045745245049,1333.7869367346477,1315.652548544944,1410.9636462959554,1325.808648269012,1331.9930527389602,1355.8847920693772,1313.8702874503535,1339.0795782864768,1295.6058915764393,1411.8038663399777,1355.1832229591475,1369.6913644849287,1351.7461025320729,1362.5993755133054,1265.6528888446546,1376.247938030968,1351.9914453356607,1285.8602834115452,1366.2565574949408,1287.0214391977306,1422.0927670725982,1399.7637288382991,1419.03115528901,1435.9767329573092,1417.2460315751632,1375.0731187535705,1360.419795162674,1380.3866467567195,1388.97393318725,1376.6467740822125,1393.49136514491,1446.4920229889767
1260.7761344940377,1264.1186596232608,1284.9239023113469,1292.6275231306618,1318.6429686983274,1278.0695639319395,1308.2872910599258,1321.5459262791053,1334.102247020758,1316.301395286197,1411.523687284844,1326.3145739707684,1333.9231341796415,1356.8872933086516,1315.1100884063067,1339.2769061115223,1296.3489035304935,1410.7366590341696,1355.2118040551638,1372.941570973001,1352.2730600825246,1364.7811890520302,1265.5418226024572,1373.6290766816899,1351.8478579671175,1285.7090740153044,1366.7960920910994,1288.4318914700234,1423.5955555532869,1400.0819312084473,1417.7094629252958,1433.0981698901523,1412.6840133077399,1374.617329673642,1360.724998870518,1381.3965465343504,1391.2197980537924,1377.8807488089728,1397.1797735456703,1448.4430793967538
1260.5501294815629,1263.6691070386548,1283.8994110507774,1290.9616829195152,1317.9022460479641,1277.1434459359245,1308.7592620548824,1319.947816484543,1335.3606638697408,1314.0497463847503,1409.8866161381677,1325.6121581425002,1331.6765407439275,1355.7861063269409,1314.7878015390793,1338.7240879927597,1295.8720668045403,1410.0189133610613,1355.9644780853837,1372.0505110705415,1352.0839911281969,1362.6531844646956,1266.306446243489,1372.9902127944433,1351.9962099810568,1284.256017576447,1366.463903078368,1287.340981501445,1422.6385285997244,1400.0808419112632,1418.9097711333936,1432.4891903400378,1414.2907964852086,1372.7245939940678,1360.350770767533,1379.7556081418652,1388.1636988870782,1379.3283655909388,1397.3216322113383,1445.7909235116451
1261.104810168207,1263.8127562602215,1283.9028132934432,1292.2189600610404,1317.4534457093184,1276.6995737918944,1308.3632097031893,1320.352714736527,1333.629456721525,1314.9228085621737,1411.529523882724,1324.9205805982376,1333.0774667341288,1358.8382161257434,1315.360946820302,1338.6343112879674,1296.6235536825138,1411.11068163597,1356.5618056793508,1368.8708909826885,1351.1555731105195,1362.162360293572,1267.0475026818958,1373.4141199038522,1351.7961043062494,1285.5913034469047,1367.1364752367035,1288.1982721499176,1422.6241898582261,1401.3695045816887,1419.6571546216978,1435.1824221768338,1413.4282616564697,1372.2287053243247,1359.589773829897,1380.760770906694,1389.4177370851955,1380.4033690237156,1396.9593222239396,1446.4874580571736
1260.3226834006075,1263.597659601357,1285.7253416571555,1291.9251194997626,1317.8899740535437,1277.4414251952883,1307.3481163898898,1319.3257085641,1332.9617605084215,1314.006742233556,1411.367148662028,1325.566555322469,1332.8193928654125,1356.0183098166203,1314.660907302871,1337.3649488712015,1296.2934607382529,1409.3637936329208,1355.927878786387,1369.549787974419,1351.9175972467892,1361.777472379697,1265.556155590663,1372.6786686411585,1353.2253343581774,1284.738478043272,1365.1782325739741,1287.9783782924264,1423.306526600329,1398.1827849258834,1416.3811740690862,1433.0480311588651,1414.113744962952,1375.4559124614289,1361.1601505120852,1380.0306501446912,1390.3362256061473,1376.3561598364277,1397.443065752718,1448.268058452534
1260.8428029864222,1264.3642062781023,1284.4974303334677,1292.6003052678911,1320.9434614234203,1278.476391188114,1308.4104348522512,1320.442099832727,1334.373347068018,1316.239585152304,1412.7775074172275,1324.5255051106171,1334.6922386952385,1357.0824527330947,1315.9033020448155,1338.1022097827563,1295.1580644278956,1412.9855381019547,1357.6791651279368,1370.9815810576167,1351.6634085820301,1364.7599664098925,1266.0353537101919,1373.4915373363563,1355.0048082635126,1286.4052511808081,1368.4762240617179,1286.505992582115,1426.438976464935,1400.466512250506,1422.0159509227524,1433.557991746267,1417.6157262928505,1375.153997725699,1361.3384869907632,1381.3998972835993,1394.8740930445829,1378.5584526978448,1400.4097270167429,1455.1780304019778
1260.8453687953922,1263.7786045693056,1284.5080419506655,1291.5190053634103,1317.540321922229,1277.6846152356115,1307.3279309155691,1319.3669480241267,1332.5342611244255,1313.6183950768307,1409.632378333736,1324.296119098782,1332.4194353271655,1356.7453111849973,1313.8717916296657,1337.9568643575496,1296.1793034972336,1411.7482836129634,1355.2950639833361,1367.8480666497787,1352.2543094369355,1363.0188706557506,1265.9211303016523,1374.5217418601753,1351.42174978316,1285.2850501171913,1368.1644016903879,1286.1214935216697,1423.5852276715502,1400.2654038196629,1418.530736376117,1437.331037802075,1412.9814736558803,1371.1986173978805,1359.1809780534657,1378.9987999027537,1390.6577004825454,1381.530124769851,1393.1571878561329,1446.74835207174
1260.8904401312689,1264.7859653578114,1283.8732461358532,1291.8441644552731,1318.0909171224928,1276.892411952956,1307.6275300502675,1319.7849479520257,1334.028375074341,1315.9422169025052,1410.365844782823,1323.3457827211803,1332.8118163135937,1357.7679728273554,1314.3735019179646,1337.5886379677092,1296.3726610657989,1412.7993007127493,1356.4609519255005,1371.8404738699537,1352.1804125848014,1363.3589498655597,1266.8873946236374,1375.6698603564105,1352.1846636127998,1283.5449493786714,1367.2122756813883,1287.4607469851444,1424.5795308278555,1402.1510272321966,1420.0964579901402,1437.7534812387996,1415.5000451581727,1371.9643021477714,1358.7933354944341,1380.766253664447,1390.095718637826,1378.9406457770629,1396.2325995674266,1453.0900415897052
1260.048149749843,1263.629876963142,1282.6163655761802,1292.57927334146,1319.3633375559252,1277.006261002542,1307.093823809744,1319.939991976734,1331.521627874866,1315.4231661539548,1411.3201151302685,1325.0001894877166,1334.4915004125228,1358.4051924049302,1314.2609836900804,1338.6494787916615,1297.7240403628437,1412.0530854382198,1356.6283466809812,1371.3362517020203,1352.409478635204,1364.773571493162,1266.4636102627583,1375.0546276966513,1352.4470366932815,1283.894949744254,1368.7792879104966,1287.693252310986,1424.736324605871,1401.2899931244367,1420.7212301068976,1435.5382064026662,1417.055617638995,1378.5189831863268,1360.2112354345088,1379.9305294158778,1391.6238215417134,1379.082420388811,1393.131571740106,1451.9271994374442
1260.906402016052,1264.58188398196,1285.6580362190475,1291.4122795528363,1318.101488837051,1278.7945366732224,1306.9803956225155,1319.530353835199,1334.2904536825085,1315.3882558929595,1409.9037045622783,1324.4827035664644,1332.260304553318,1356.591973452382,1313.753404888838,1337.693617767732,1296.4143565348527,1411.204069323841,1355.5090876633124,1372.5600454089804,1351.2432337810992,1361.8070258675039,1265.7218303085278,1371.5013264995423,1351.377740582001,1284.4978553448295,1366.582767510243,1288.2518343978038,1423.2359340946691,1399.9488839490057,1418.1482361280055,1434.1706433108886,1411.959229826851,1370.9526707392272,1358.7767354739078,1380.1075438498244,1389.265414009135,1380.1638184550595,1395.528702816188,1449.2759028411497
1259.7375084381392,1263.8410629569628,1283.7706274784723,1291.312399891342,1317.9493205206766,1277.540517394646,1307.7533155571136,1321.1235300691344,1334.1010036825633,1316.4049711262771,1410.736912698148,1324.6837176409351,1331.877812991278,1358.144560154814,1315.1459304319637,1338.1554275435863,1295.4320158258008,1414.6932822454307,1357.58281676936,1370.9020756858959,1354.3940803976786,1363.8205813630325,1266.143459146151,1377.0964804161592,1351.0910185883952,1284.589233169051,1368.558296027495,1286.0831010191948,1425.5145388446083,1401.9910860794432,1425.5392231712847,1439.9398377176296,1419.5069751679089,1372.0657238589074,1360.6727498063979,1384.2706946053627,1388.4380321853562,1380.1652516228924,1398.8311222250304,1450.8583835905454
1260.850397267687,1263.6259203142247,1283.5151905624173,1292.3657561390896,1317.754148918658,1276.9797410114852,1309.7259038044097,1319.9393438186712,1333.709492697841,1315.5224315377122,1410.4214550126667,1324.7755172648203,1331.7389897607973,1356.7854784256656,1314.0051787593418,1338.1982425463016,1296.0829875028817,1413.02585226519,1356.1691352775842,1370.0096677162705,1353.3242805114749,1363.0198543726815,1266.1078918171468,1373.4644097685364,1350.2151218296533,1285.1011618500015,1367.5263525124215,1287.794971898218,1422.6582498171304,1401.3088013274637,1420.660895489895,1436.7288212737149,1417.8278400874137,1374.8028247827715,1359.1284893168015,1380.6862382840375,1389.1354484204865,1378.4932437418345,1398.0734836543454,1447.813412185397
1260.3519015542936,1264.2957455618566,1285.0607744338008,1291.6102471446222,1319.4570938085117,1278.3839702710777,1307.3721896339416,1319.9905520605537,1332.3643403357198,1315.5174894410302,1412.55527283986,1324.155553468619,1334.3594670588868,1357.2214407778056,1315.0600605107984,1337.1069389372888,1296.3902354173654,1413.3663482808765,1356.2071506018563,1371.8316382868916,1352.7117108634845,1364.0288118462593,1265.5991025938433,1374.231647058839,1352.698199421938,1284.2662714563423,1368.4956165798035,1287.066669906617,1427.31292122874,1401.7485804577907,1422.247476858826,1435.7731458316032,1416.919007812252,1374.515995874726,1359.1558581443157,1380.2800374752476,1393.1816649440948,1378.1405981946991,1400.4885770406092,1455.5742025941092
1260.7096100441393,1264.1557986520008,1284.4384536847326,1291.654771474847,1318.7865565692534,1276.5398610309787,1308.563713397293,1319.2553552136233,1332.4461298152637,1314.3298736157024,1409.77756337534,1324.7713745986732,1332.9834167584625,1355.0675189565623,1314.0413052302652,1337.5962315321185,1295.9703743585244,1409.2762520186895,1356.727442398738,1369.9243655857524,1350.9599762960925,1362.5212990179823,1265.600078519485,1372.9763237507905,1352.778698221338,1284.2505111976793,1368.050358363075,1286.8852502054356,1425.0969131005745,1400.5491931659537,1418.1946803155774,1429.5886641562722,1412.232631406385,1373.0125170441358,1360.6431777218452,1379.2584053904664,1392.8983150999711,1378.8673417610014,1392.9572680221556,1452.9318493684482
1260.4495520342812,1263.951636035906,1283.716065125326,1291.43146506005,1316.6428996778154,1277.6849481940574,1307.65305306819,1319.7477589174748,1334.772451585339,1313.9479742196768,1407.2362688941591,1324.6868826612256,1331.435929616057,1353.0015709576573,1314.3281029833038,1337.6035054751292,1295.267941833597,1407.8236839722058,1355.669199677552,1371.8320356571983,1348.9050213387745,1361.9783487492793,1265.896256321568,1370.8403584593825,1349.0278069977328,1284.1087964510036,1364.6862250150741,1284.5019636113843,1419.6557984841318,1399.4176196179578,1417.229946671217,1429.0277057101189,1412.6227562521021,1372.9371820833824,1358.1297320897452,1377.057531933378,1386.6127343604978,1378.0202089988775,1395.2504763504191,1437.986174728382
1260.769633886274,1264.545454911649,1284.2684505036518,1291.1260870277818,1318.1292743966237,1278.0622765491269,1306.5948758492705,1319.3979291021851,1334.3967752757844,1314.4924594786976,1409.1586214710146,1325.8575644010562,1331.772721578633,1355.6107015979355,1315.3952714012983,1337.877311650615,1296.0319913037383,1411.6915024893472,1356.7570327874998,1372.9044147082714,1350.5100154837996,1361.2743475653274,1265.5135325924684,1371.8275362822178,1351.6927663948886,1284.9995026573665,1365.9085131207225,1287.2963958551663,1422.6448365750807,1400.9652587139053,1418.2308226983057,1431.7819754909376,1413.0681864401822,1373.7697006656497,1358.99980947624,1379.1173298741792,1388.6761328794903,1379.8729454178144,1390.4028366453563,1449.3855143017013
1261.3712485216072,1264.8097277953827,1283.949511332573,1291.8166553505012,1320.5157267440106,1278.0026055960816,1306.9945146684956,1320.9887653024853,1334.9154581497185,1315.2190694197584,1412.7424566782843,1325.8748622776193,1335.5459832821978,1357.35291424867,1314.79618046295,1336.8903780791964,1295.2905471846045,1412.8373438131712,1358.8918363893438,1374.899026176741,1352.2595608244287,1362.4889825545513,1266.3021825228245,1374.1772246990388,1354.5915865223265,1286.1870309667659,1369.2484419912746,1287.6000850583573,1428.1536954756511,1399.5236818693188,1424.0393117420306,1433.7674004648115,1415.5741811237444,1373.3268337510365,1361.792289771039,1380.9264310840742,1395.261550291171,1379.6799946315457,1398.562494305355,1460.808678198931
1260.3111919412715,1263.6285102173629,1283.9684464235486,1291.1637122075147,1318.3773666640866,1276.9925111182938,1306.7161623793907,1319.3110776770654,1335.2211863388693,1314.5159735301713,1409.2749755556547,1324.7060255646563,1333.8864191092011,1355.7081045560699,1314.071414682399,1336.470475719187,1296.338454918383,1409.9893543770047,1356.0358383945447,1372.8392968708479,1350.8802506553889,1361.0235231468077,1265.0748084065262,1371.9893164179384,1351.7248799745378,1284.1293710773523,1366.203800932988,1286.3417647618057,1423.683700648905,1399.3199858797525,1419.503341741205,1429.079410950473,1412.5655224014542,1373.6098959192843,1360.49953787076,1378.7524557902677,1391.9955109002103,1374.0702999648836,1393.7213317992926,1449.0125051887119
1260.531268175645,1264.03192058248,1284.682664949385,1291.2704978543945,1318.0658150243419,1277.247794315304,1306.5641659244097,1318.8589468546925,1333.8038476421655,1314.264280636611,1409.382374401731,1324.4740112168026,1333.4754138092678,1355.3760279488333,1315.24694340286,1337.3469101233334,1296.1944742374606,1412.014466349155,1357.2717360298273,1369.5835992007424,1354.2479551025183,1363.0036264761834,1266.3115914919103,1374.277810211138,1351.5383985016938,1285.471916566299,1367.6722877027175,1286.1637144066005,1425.2467018331154,1400.769493536449,1422.1353433499498,1437.5474182029045,1415.1342055990294,1371.5655023039055,1359.461813676796,1381.6691167638953,1390.1653726646075,1380.1827935561928,1398.4170075004454,1449.9753640098222
1260.2302626312187,1263.83981157438,1284.4844595549168,1291.4340755006463,1317.6018536863985,1277.1252739588995,1307.412088274571,1318.9449278574427,1332.886847525561,1313.7579347423953,1410.6065615194084,1324.2080198155516,1332.7502798751354,1355.8968993436415,1314.5010539473378,1337.780968193892,1295.9426688366439,1411.9435709603265,1356.8876782631107,1367.389788340821,1351.5317189931095,1361.3580948279623,1265.6053569770145,1373.3593010134346,1350.344653515208,1284.6308468271682,1366.6469073488777,1288.4552394119994,1423.1828699241066,1400.730450745996,1418.4531514621294,1434.9098218646882,1414.4425608566075,1370.231354913445,1361.933486300634,1378.1974625283763,1389.3694519190428,1380.0283855032333,1394.0223699285696,1448.7535026362557
1260.74727266416,1263.965161909872,1284.801627727477,1292.2809607645736,1318.3572992156962,1277.0558750904738,1307.1752640268255,1319.9356098222297,1332.2901324686823,1313.0919209697831,1409.3868413800074,1325.9451036681232,1332.484651794415,1355.052353114294,1315.3678930369435,1337.992769646809,1295.4097902237047,1410.6225715635896,1355.5700511621944,1368.8584101429624,1350.6214380644192,1360.9848112360062,1266.3081247969315,1373.5080285540732,1351.996919330914,1285.2172260562938,1366.7618889026492,1286.201711647379,1421.2753466502772,1399.3598085378155,1417.5965804928812,1430.3387361391522,1411.5726733368845,1373.3503649570998,1360.278970370105,1379.041171812943,1389.410821125498,1379.9681009198298,1394.596822365002,1448.2995767510808
1261.3507880556333,1263.4571632067334,1284.155130719264,1292.1018700350749,1318.2335380626962,1277.415816816189,1306.179936021688,1319.8009394861967,1333.7206033524596,1312.9240314601677,1409.4991209693785,1326.69546436966,1333.346871386822,1355.1287242754138,1314.4523513279696,1337.2111558889862,1296.633727676283,1409.7754590698148,1355.0303532746318,1371.1265998233857,1350.494544165196,1362.7820341019785,1265.9790982193242,1373.3644011063182,1351.6889183849264,1285.179042346504,1364.6801418222797,1286.4527206524997,1421.2176172435318,1397.7153467077044,1418.9173693620337,1428.987368613653,1412.992307636043,1375.7589375643167,1357.99900162127,1380.0738467622693,1391.1793675076158,1376.6224496846671,1391.6351354125045,1447.8586205324789
1261.3238283097826,1263.717581186958,1284.713530947163,1291.7871570229377,1318.3512066069784,1277.037549278113,1306.5781812577302,1319.13479895133,1335.6206224245968,1314.2253749115569,1409.7450009878764,1325.512070866786,1332.2056561886732,1356.5279851685705,1314.8982831080477,1336.9669775019038,1296.164131318634,1412.2012211043236,1355.2080773916384,1370.3042997710231,1351.4561319041889,1361.5350943645979,1266.1549748471264,1374.852816116492,1350.8674792494558,1284.4259061169173,1367.6229375710984,1285.3094124320776,1424.9443891283072,1399.8152636770062,1421.706406290822,1434.9440357729404,1415.0629673539272,1372.3906341199383,1361.2803514347074,1380.0803809176862,1390.1486586015078,1379.7116717553795,1395.331219229566,1455.2163829685564
1261.4522183907502,1263.9317399489207,1282.4451578562955,1291.8915654180425,1319.6160461628303,1277.3243518000984,1307.5010732940245,1319.4705327383106,1333.3044525225666,1314.1736831250341,1409.6178376732819,1325.5754893572187,1332.426962920509,1354.422183320757,1314.4164301741184,1337.6318957985588,1295.0031920850095,1410.2382178786077,1355.7236575385837,1367.5005860510962,1351.2599285109122,1362.5427932044752,1266.32284366394,1373.317123139261,1351.608748929359,1284.4741408836076,1365.271654606285,1286.5270818023876,1422.8509769967536,1400.7946413579857,1418.4796059871344,1435.786526144414,1413.3437836554926,1377.5827225594223,1360.8190730086267,1379.0466963615784,1389.4220089476694,1380.033741635473,1393.0287620594916,1447.7152540788386
1260.7553197562154,1263.308182631948,1283.7864874475322,1291.5449520317263,1318.104383570289,1277.189711455205,1307.5570930460894,1319.55773101003,1332.0225042437735,1315.3981908171713,1409.956131489883,1324.3795769807523,1331.4909212016375,1356.581142744925,1315.0796246182888,1337.632834274011,1295.184641441606,1410.8124090332396,1356.0023388472425,1369.91029590645,1353.4385678381545,1363.8089674281268,1265.5856435010646,1374.5239445018751,1352.3722538513898,1284.2387842367539,1366.118154740914,1286.1577317062593,1422.8707063915112,1400.2555514487528,1420.0345987174546,1436.5576276038835,1414.475915413911,1373.049014261813,1359.8015950170425,1380.7296117704946,1389.1539089601756,1377.0374580526088,1394.309161764092,1446.2859649931665
1260.0738498293613,1263.8581391093576,1283.986226015735,1291.9088341537713,1318.0570592255633,1276.4221531717317,1307.413529138894,1319.9166021472588,1333.537560577241,1315.5046669490443,1410.0123357263808,1325.2002925659367,1331.264270160203,1356.4310938632564,1315.191509067898,1337.6706605424927,1296.7819937819222,1412.546033234531,1355.8810673612481,1369.2029309650773,1352.936437565487,1363.5329008835483,1265.9060726590835,1376.029353644167,1351.481564283959,1285.2184445855094,1366.5351065171656,1286.251779502749,1423.6269053671977,1399.7125406543057,1422.3689986131205,1438.703773841052,1415.741341023217,1367.6896568518293,1360.2649136063492,1380.6552673534582,1386.974001665709,1378.8901131030752,1395.814989860834,1445.228415055575
1260.444661325307,1263.1259486870774,1283.4277022391036,1291.9987654777638,1317.5927437042008,1277.1054636101915,1306.5415910405973,1318.7583953261924,1332.3764701113541,1315.1610846566168,1408.6394363912973,1325.8383335364715,1331.6647096176032,1354.5832345335364,1314.536334295467,1336.7598111434247,1296.7696842091066,1410.2783406737374,1356.0105226636113,1369.365054734166,1351.5089437601632,1362.6387085470742,1265.378611749464,1372.1822591147613,1350.1143769078544,1285.2312247800219,1365.9102237344305,1287.3232492090222,1421.406858232058,1399.2278784688067,1419.5289967551612,1432.5556793805658,1414.5909692070097,1369.885570511079,1360.176796169396,1380.8263048918664,1387.0928945677854,1376.8680969831084,1394.0694198738368,1446.0785510538008
1260.080395578231,1263.6141530096427,1283.9990237830248,1291.137034778002,1317.2117730255272,1277.3921370116284,1307.460901906374,1319.464894003282,1334.2000671969024,1314.7042052736913,1408.7070968186645,1324.296100405526,1332.057223579286,1354.1455656377125,1314.8636704042356,1338.5534753833388,1295.3143390145653,1409.2972942239066,1355.127052993653,1371.9315741274581,1350.7479339356153,1361.0553579159903,1266.5409392526094,1373.132189076515,1350.1006863513398,1284.889288890788,1365.463388210807,1286.8633734008283,1421.6244585975792,1401.4381048214957,1419.743686608987,1432.3957517976182,1413.5499887921503,1372.8677651930875,1358.564757921284,1378.4975258756442,1387.4777356408251,1379.3389551470514,1391.6558641355002,1444.009038856208
1260.3791443994735,1263.7129416024839,1285.2187218427925,1290.854256298286,1318.6272057558297,1278.2459802762135,1307.1945576263195,1319.6039468539552,1335.2917941979008,1315.757218543081,1410.336913321376,1324.1569518196036,1332.8489185489116,1357.7697781937459,1314.5352433450967,1338.3843605266377,1295.715878772662,1411.2228951591646,1355.2841112866008,1375.05003661891,1352.266781901905,1363.24030877381,1265.640690160029,1374.1257678422419,1351.861338859343,1283.9044213742284,1366.398359223303,1286.3258264516257,1422.484197144085,1400.0102130004248,1419.6027678589558,1434.7745557432122,1414.1060115053067,1373.1619046481007,1358.9518105955915,1379.901295616301,1389.669179308461,1379.5177263606276,1391.5743879959375,1450.0600745417205
1260.938567820572,1264.623328010063,1284.4958397722974,1292.1050798108222,1317.9430719537763,1277.575418868561,1305.8562047861224,1318.5847308604536,1333.2590239499586,1314.4193024371737,1409.3862400433422,1323.925885011365,1331.9340571111052,1353.166462054607,1313.1118122177588,1337.0626094614418,1296.2577226191302,1408.9335389141963,1354.0055580128778,1372.5549939027012,1350.073314145605,1363.211894653274,1265.7757463065464,1370.9454095360372,1349.6957143649042,1283.90735518512,1364.046918111286,1285.936996807222,1419.95926759665,1400.7086516865675,1415.8174190306174,1432.1848951944703,1407.6948597391597,1375.227324518618,1357.1085774640821,1376.350623777404,1389.0981827474575,1378.8084814547908,1392.172548826801,1446.5508122433566
1260.6487466528263,1264.1860376484397,1284.0352462110466,1291.1508846441388,1319.2331825496308,1276.7165913488852,1307.1043440643323,1319.1261366135711,1333.584020966821,1315.7162681182156,1410.3354922889414,1324.5064268324547,1333.6604484155587,1355.741461373224,1314.8870689080347,1337.8511112638068,1295.5018091062616,1412.2451835243671,1355.6559044877242,1368.0277900319925,1351.6411596628384,1363.1371269542776,1266.1267637685382,1373.9966633717595,1351.5519070991877,1284.541360015441,1368.7614903495435,1287.3882866934873,1424.3554933946969,1401.5166008182048,1422.877556631637,1432.8154747297885,1411.8190586487528,1371.7981891769255,1361.1620799053067,1380.693298512818,1390.6037242374791,1379.0865898047082,1397.205631426806,1454.203163923897
1260.366122009099,1265.1113664062611,1284.8026490892278,1291.853242950518,1320.9044411347943,1277.2119441185714,1308.7920767581543,1320.2046203248458,1334.3901301372746,1316.4555729674134,1412.8603487853102,1325.2529686857415,1333.5655205442267,1358.3045712149708,1316.199979766387,1338.0425131539882,1296.743738494408,1413.3212753332232,1358.3468736816844,1372.2155433295072,1351.6848530270831,1364.9642526914135,1265.9465378497478,1373.5226886247806,1351.9421780789512,1284.7551032966905,1369.3258232011601,1287.1979129604701,1428.6024223233119,1402.6870402168208,1422.0852834450006,1438.0855514636658,1415.892747087968,1374.8208857974423,1363.6523789972803,1381.3795803216497,1393.7892681814053,1381.4730896408166,1400.4522398400966,1454.3272519786738
1260.4559134955377,1264.4853834062237,1284.6497725658603,1291.7727853237382,1319.329033167129,1278.5917426171352,1308.5853634231976,1320.7429446550325,1334.6356001609274,1314.614561889695,1413.40480981509,1325.5728284382283,1332.6415025092851,1357.415087751301,1316.2915816989569,1336.6359272417053,1296.1230799264165,1411.9183108226975,1358.1357474684205,1372.2208984302297,1352.7703506397531,1364.9026869468005,1266.0697326275779,1375.1502691279043,1353.1264530292215,1285.3013667378361,1368.3675370476617,1285.619864573168,1425.3040050688214,1399.9849880178033,1422.0680564952277,1435.2056149603422,1414.8989785670626,1373.5752770734723,1363.8222360318653,1383.1330670980603,1393.0617243871532,1379.933635336945,1403.1156487173976,1450.5263440834538
1260.1319310320218,1265.1008582227762,1284.376777687286,1291.506812037383,1318.6303463307615,1276.7991419515645,1307.3542069111422,1318.8007797247276,1333.442216997918,1315.0044054994864,1411.948125820955,1326.3642151073798,1333.1887958019365,1357.1919742012094,1313.8735898060816,1337.2804062256462,1295.3815105764784,1411.4870695310317,1355.6647449490547,1369.1078663599774,1351.5307891399004,1362.2386799902176,1266.7676265020066,1373.5402322774996,1352.8566114769244,1284.5917331454355,1367.8859326355253,1287.7297424161727,1424.0120311041085,1401.2901760535578,1418.2369205428736,1437.5832131455475,1414.4057389248226,1373.3761069531142,1359.6182222160778,1380.6006401911468,1391.942378659491,1378.1287442871262,1394.854808061047,1451.9447769896556
1260.5988073697918,1264.4357545903529,1284.4592501233283,1291.6460016597573,1318.16343503151,1276.7864354935814,1306.8373969801853,1319.4402649866606,1331.4178606685646,1314.0338991442857,1409.5443513169587,1324.1371265953746,1331.899979533892,1354.1217955115999,1314.3656404592864,1336.9137120457297,1295.3811322814493,1410.9310217627776,1355.744296782867,1370.1944014832427,1352.1762261839392,1360.1231547863358,1265.8635971628867,1373.6727692033676,1350.7636178333478,1284.4868276820914,1366.6162062645533,1285.2800117868223,1424.0377442800168,1398.8581408647667,1420.0707935993742,1432.965570255781,1414.5599090783658,1368.1692136617169,1360.327916481798,1378.9744771765857,1389.9492210328935,1377.6525588579493,1396.3441741092927,1447.41457285764
1260.5799219329958,1263.3170452497861,1283.3979883184672,1290.4141697634507,1316.5968606553333,1277.1268069702505,1306.833989042766,1318.3812549442112,1331.489881843903,1313.7103904639803,1408.6200602564538,1324.1199013884277,1331.3970472323676,1355.583478103058,1316.1041057078721,1336.5686033648803,1294.8309364377697,1411.474723696137,1354.9522725526153,1369.5377022148148,1352.2289082268057,1360.148682221419,1265.7451087993893,1374.417197699838,1350.1819059215675,1284.078511892481,1366.9081364961908,1285.286474094879,1424.369332406042,1400.4518468804274,1420.7531321900583,1432.0681720195564,1414.8616424452728,1368.5872321358693,1358.1081847277399,1378.613697117431,1389.406001386837,1376.7543228276793,1395.4354161830422,1448.1728133883319
1260.9286502793543,1263.9393247681628,1284.546883786934,1292.40456895274,1318.445429714867,1277.0714492981558,1307.1371982224168,1319.6709258269386,1333.7184077178458,1313.9121207203314,1411.0541177491607,1325.5376398301096,1332.962253993878,1355.149289709858,1315.1054605954112,1338.7200704532459,1296.2966826259758,1411.5296557358606,1356.3579803853158,1369.8537888118187,1351.2911101100362,1363.2980317220513,1266.2368979793705,1372.1901249577122,1352.7762037370767,1285.2607618531304,1367.3590378740255,1286.8246677013149,1424.23266767766,1400.32408039602,1420.1103830123186,1430.5328363156127,1415.3641715335023,1372.791316903402,1360.872994816279,1379.1569451708715,1390.5405071770767,1378.655695081838,1400.0878600313563,1448.0898019621052
1261.202017692296,1264.0232790719442,1284.660343765708,1291.965548246568,1319.1190959013652,1277.0685956816903,1308.4611926744594,1320.615675518295,1334.6040471229064,1314.9239168233637,1411.7499214165998,1325.310925983282,1332.8163898405278,1356.3196013025915,1315.1960159364346,1337.6558536435628,1295.9430775014305,1412.4699477283382,1357.7871082095992,1372.7677343951957,1352.2624487113267,1362.9079435429487,1266.1346632268867,1374.8139742713736,1352.1175845851901,1285.0330792462305,1368.3100863796858,1287.397111232192,1426.0027079055628,1400.3575650764367,1422.507071093572,1434.9306972674156,1417.8161379926303,1373.023394361432,1362.6325799327863,1382.3304795953563,1391.5746935503994,1377.7627790518868,1397.0894260284053,1453.2538544083934
1260.0117497945967,1263.9090026523577,1283.6949183161867,1291.7083216445221,1319.9848911003498,1276.242265824507,1308.1402727260388,1319.5196355965838,1333.4961563370487,1315.0524006345324,1410.9252623944114,1326.141340573458,1332.5689574509456,1357.8103631740983,1315.344813239298,1337.354679931828,1295.755602126068,1412.7299447122384,1356.6498430807535,1372.9888775904842,1352.998358515761,1362.6709395489247,1265.8224307929481,1373.7098771477556,1351.4331434467342,1283.953560689741,1366.9204618720053,1286.2789584505163,1426.0908409600459,1401.9709340476916,1420.0860501108605,1435.9410342580625,1416.065424516547,1374.4117020272208,1360.8660787570225,1379.8946593245287,1389.831828706403,1381.51193129053,1395.3034038684757,1452.4937699587806
1260.3675345351069,1264.068135436562,1285.0362566342787,1292.3578042255006,1318.9871828020719,1277.130724709813,1307.8719974554851,1321.702993998428,1335.0692301044107,1315.2262570037003,1413.0950515101567,1326.4396311548555,1334.382827195027,1357.8172098012785,1315.1123483056247,1338.8661885546214,1297.268362212851,1414.2497816287062,1358.403749299344,1373.4108118881427,1352.9430114951567,1365.9918364546934,1266.4121654144776,1373.8320722374378,1351.9025022699282,1285.7501305232286,1368.0984447125522,1290.1554139755367,1425.047031699637,1402.178148012907,1424.1001840716856,1432.8123178468427,1422.408974612662,1380.9795692295443,1364.0379178798685,1382.3259241541296,1391.1162421107329,1380.1911644242136,1400.7519169271293,1449.726083964485
1260.7778014534267,1264.1359678225847,1284.218051993498,1292.213704485079,1319.0456711864642,1278.8533866616604,1308.3449300367931,1321.0819309285735,1334.222024117274,1316.284799272296,1413.6886495419171,1326.9764145280863,1334.0819217874166,1356.4636298369771,1315.1149163397763,1340.1789318317794,1297.3850753851746,1412.260466303185,1357.1024128915874,1372.597115750952,1353.031520787163,1363.0553716454904,1266.263181435314,1373.4477899330773,1355.0578907493837,1285.5392498803058,1368.3234994344555,1289.4407219715167,1427.6965090329286,1403.5629395705078,1422.7920051139183,1434.4788830777898,1416.6182021034692,1377.1513033115048,1361.824961589457,1383.78848134314,1393.0218506034291,1380.217681628226,1400.6794644156068,1453.8011112025072
1261.06999239656,1263.8069208106547,1284.338714796961,1291.4434017416936,1317.5271131531233,1277.4679383399164,1306.6732977276515,1319.6216793925123,1334.5964581114501,1313.5088715749878,1409.4065891499633,1325.0370847888228,1333.0072743319788,1355.3680483052183,1313.6652572259122,1337.549087739152,1295.5557368672585,1408.3500377121638,1355.7608033287142,1371.1591242736379,1349.7969928874593,1360.278876415472,1265.3985977318812,1370.8807036777957,1349.7547480999128,1284.2195749844277,1364.2166456151776,1287.0822318473213,1420.741090238484,1400.603689760355,1414.6547824916008,1429.5512003329807,1408.2751640674364,1374.9417822841544,1358.2037388541369,1376.9485612813894,1390.3619378568526,1375.9203302724766,1390.516967979333,1444.3560659002173
1260.2437527015745,1263.8119733440224,1283.5790488839027,1292.547484687895,1318.0824204263054,1278.0166988858684,1306.7600266198638,1319.3975979825166,1332.4593947415333,1313.979753536175,1410.8024093167473,1326.440781781976,1331.396946082957,1354.2084660832177,1314.2569427522164,1338.9466291763101,1296.5247976323653,1410.6470857900692,1355.8547954384292,1369.0991662392692,1350.430491299502,1362.850635862069,1265.9712323181448,1373.3118837021075,1351.101214904606,1285.343875919342,1366.4541030508467,1288.092580935381,1420.8116223464938,1400.5026802611726,1418.4300838334507,1436.1996899581293,1414.396599092075,1374.4036584293067,1360.7820688473075,1379.895966479151,1388.812620462647,1380.1126551090522,1396.3241669084966,1444.5283028699876
1260.2806669023146,1263.4271827537482,1284.0341057208716,1291.483884234922,1317.4300428216116,1276.842297327373,1307.2918043770264,1319.897860435226,1332.786592138742,1314.399766506222,1409.3406573914117,1324.9172659390256,1331.8837763263434,1353.6565640098306,1314.75880185424,1338.6659937090906,1296.3397701578544,1410.898187768901,1354.6977581267722,1370.14178853941,1350.9746652951194,1360.7901124002976,1266.6610317151863,1371.2466480334285,1349.02671207918,1283.5349736559497,1365.1622650219176,1287.696164457613,1421.7210892053517,1401.4760583831614,1418.3684164140222,1428.4705715823907,1411.4004943008285,1371.8745226047056,1359.169565277614,1378.9486557804669,1388.6245529728997,1379.1029665915792,1391.1165103497963,1449.766854421606
1260.4178765426511,1263.978066993928,1285.2160120824535,1290.9252796037058,1318.0019636822194,1276.478418762322,1306.9115916401538,1319.5269249123282,1332.3970292710594,1314.005875015279,1410.4362481481157,1324.5505881885097,1332.8678610602628,1356.8601943949955,1315.8693607190721,1338.1606102484952,1296.3646716729972,1411.219069068939,1355.98798994321,1368.7185984846408,1352.1071234347723,1361.5395601577434,1266.3471898405442,1372.59132570573,1351.6063915394564,1284.539315523486,1368.3977700005366,1285.4001663180966,1426.08337614976,1401.5303766908983,1421.5828578783971,1431.0544816234058,1414.9970451060626,1370.9045007501388,1361.5083041943392,1380.632798775587,1391.2201652468116,1378.2603206901392,1400.3294607260664,1448.96456996377
1259.830836146704,1264.0423175994704,1285.4024676755682,1291.8959332157094,1319.450381381158,1276.8085854755075,1307.4176005555921,1319.6999148407413,1335.3133539826802,1314.6528001351808,1410.8470534306675,1324.8869205365518,1332.67805158069,1357.1268418383543,1315.876764802816,1338.418653839654,1295.8994815208732,1412.9968281388205,1357.5284842152428,1374.0977383809118,1353.080514377248,1362.955092786003,1265.9224744229828,1375.722235441741,1353.7896998618119,1285.723945044732,1367.83871238489,1288.060205672238,1424.7048306543325,1401.2576561561411,1422.0574558874182,1435.0670162724434,1414.1400599461547,1373.3846812410563,1361.019469521091,1381.4002917729254,1390.915739505996,1378.2458950254063,1399.1457624371758,1451.6908933155457
1260.8109588216873,1263.702541094404,1284.7327485179462,1291.8530408059764,1318.72550021659,1276.2076292878344,1308.0630650606124,1320.668191223976,1334.8513293745723,1315.2482319566889,1411.1974832985097,1325.8725155745967,1333.2394025733988,1357.820336877925,1314.3271684676035,1338.6170754522486,1296.6551680004306,1411.7677623916313,1356.0955531598934,1372.6832521860845,1351.9523793722112,1361.6872910169475,1265.6140837371086,1372.8912812593685,1351.7548565504012,1285.9744641477214,1366.996759529799,1287.8107109979612,1423.560693225199,1399.9488963714095,1418.0179525536087,1435.1622855494013,1414.589417352848,1377.61662114186,1360.3741305023866,1378.6545113004054,1390.9733624413193,1380.0771936583596,1395.442418752026,1447.524687170579
1260.598020286663,1263.9043667233984,1284.4256807232114,1292.0650838109173,1320.8413024617776,1277.2762059753056,1307.7732727121872,1320.4849391691664,1335.2764282487685,1316.1640766728162,1413.1583372938771,1325.7894156157397,1334.5267047427114,1357.3470261667228,1315.2820700620937,1338.4843530138946,1296.2746057568177,1415.4020318671332,1358.650265618268,1376.6580189572694,1352.2985566849497,1365.2339343122658,1267.1047835600543,1375.382244254932,1354.4296811737338,1285.657784646388,1370.704494711165,1287.2497600650158,1427.9243239569,1402.3718693287651,1423.7828607448146,1440.2753641779236,1415.689326026789,1372.3421250736437,1364.2007276497416,1382.9868146047463,1394.8108616789357,1385.1340853689908,1399.6258205743322,1460.2975357949408
1260.7675253540071,1263.0215351099223,1283.7238060999744,1292.0712970770671,1319.3850071027314,1276.0559924279964,1306.9834739293592,1320.1015727857489,1332.721953937681,1315.7864495724855,1410.1002608184701,1324.79689656787,1333.96286583195,1355.015696729526,1314.4882413763776,1337.0090283969957,1295.4195069031114,1414.3909180450305,1356.1131362910928,1370.2623193887798,1352.230771722184,1363.3562023938314,1266.8716663350147,1373.9690744146683,1351.431881119392,1284.9956330030386,1368.6737055535716,1287.1963981532385,1426.1540633219297,1402.9858617461327,1422.0290810673869,1429.7775452305532,1418.0852569321744,1370.4802616390746,1360.1601228924055,1380.409847931289,1391.2391074486588,1380.8925248759722,1395.8348216132358,1452.5427446343247
1260.1799480542218,1263.6444993604523,1284.196392129613,1292.0620628395925,1317.9124340726462,1278.2429692516391,1308.5752829561645,1319.765216575379,1332.9245506791767,1314.9352086842325,1410.743871528331,1325.7810328253088,1331.9876979246765,1355.2194587806714,1315.3665183048013,1338.9225660685158,1295.817391509692,1410.2963658044175,1356.7209551472783,1370.4340575810247,1351.5033733736004,1364.626728168784,1265.7853472079257,1373.867141903682,1352.280685939894,1286.4040426792635,1366.9787731646427,1287.7282871251596,1424.01289576037,1399.7817307554837,1419.661625043308,1435.2823439321123,1416.2295363478067,1374.2599664359514,1360.7157358554334,1383.4465910914985,1389.2102382781768,1377.8907668966388,1397.2575402363882,1446.6119817656443
1260.1638235447824,1264.255162545833,1285.4394504337665,1291.5822330054543,1318.60074987527,1277.2081304428061,1307.9605060864164,1320.392559882327,1334.1546840167439,1315.1960791311715,1412.3918455147505,1326.6031899607938,1332.5428669394869,1356.7430709968764,1314.0006883776102,1338.974234462979,1296.934629808512,1409.5766207546708,1357.3652750073181,1369.6380682989522,1351.713177821241,1363.2110084321216,1265.093512384657,1375.335901095773,1353.2659509357427,1286.5449694079514,1366.3557562065337,1289.0378639225287,1421.662589819127,1398.697085007723,1418.3864546358168,1434.0487317047152,1412.470751898897,1377.697559547821,1360.9431891135132,1382.3982686930135,1389.901584022099,1378.473388444398,1393.5854452704014,1444.216532059851
1260.7026761598559,1263.4374999021636,1284.0877459829765,1292.1550469411181,1318.4526572321734,1277.47708724315,1307.45726577191,1319.7953436031235,1333.8130896114683,1315.6527330401634,1410.7590792557278,1325.399439921405,1333.1263023876998,1356.4443009780837,1314.075373685671,1337.5413927320405,1296.724358263723,1412.9686977976558,1357.3243393967896,1369.2998871933348,1352.513182235045,1363.696095107022,1266.365448911926,1372.852465919314,1352.218658137743,1284.1508037622023,1367.456342708181,1288.4461936428645,1424.2754436287967,1401.054167830792,1420.5555439524546,1435.1668772733638,1415.8662135076531,1371.425596227005,1362.9041338399775,1380.7298009085403,1389.8013892711576,1379.4035312958777,1400.4643594755455,1452.2125373676997
1260.9056079733916,1264.6594697326695,1285.2269950559141,1292.0502167258178,1319.223183758248,1278.0064360235788,1308.0728029257718,1320.2534144843546,1333.782998885817,1315.1006920567174,1412.4123092392167,1325.6515581192148,1332.7190565579085,1358.6658307197786,1314.6871316535216,1338.2206478597077,1295.4336723745628,1412.5774965604428,1358.0240293369393,1370.9428922995694,1351.824893895028,1362.69352268101,1266.2782432638269,1372.9111805821026,1352.9885455606827,1284.2685424641475,1368.3236998430373,1287.504243131281,1426.6688617369668,1401.374929041899,1422.8401336351005,1432.6333185126139,1416.0443083178761,1373.5975382113488,1360.626890072347,1379.7482794307662,1391.2590775740598,1379.313167001374,1399.401632894804,1450.5798487915342
1260.6500566154466,1263.7427764712302,1283.2952841604836,1291.616600705666,1318.538871913566,1276.4749774616598,1308.2569391938957,1319.263824715146,1333.2769058775505,1315.1916713728613,1411.106118141587,1325.8591490131407,1332.710243956261,1356.0021973411535,1315.4587326141825,1338.1408101778732,1295.9772726250537,1411.1391554565082,1356.9785841128764,1366.7222144536968,1351.2229529167237,1362.593967382176,1265.4453875930406,1374.2841921972563,1352.7365071328707,1284.080508227804,1366.4742283394544,1287.001131087563,1423.3688296612177,1400.099284096403,1421.31507832976,1430.2047472897393,1417.3977866597206,1373.8304660487306,1361.1586513236382,1380.0689562456273,1392.0628617021086,1378.254329281567,1395.9183547942916,1450.1824105112253
1260.1463742982592,1263.8064712094776,1282.554137218403,1292.4568874681102,1319.8218253278983,1276.8140641890866,1307.0001559668608,1320.1785356434143,1331.7546662860589,1313.8031813892558,1410.7513051179023,1325.8480087051337,1333.72027040132,1354.518897172525,1315.45222852907,1336.9292224316634,1295.8327562386498,1410.7460197966054,1357.3011507316744,1369.262547198774,1352.2407811023709,1362.2874701851374,1266.044278813276,1375.3696707729587,1351.9294199507015,1285.4084859527238,1366.8434200504366,1286.4863221981554,1424.8823260429529,1398.9823547468723,1420.8401753144524,1429.62556239759,1420.2517907138247,1372.6736102365396,1360.8675069158598,1379.897414501156,1391.5665578888322,1375.7569790452276,1398.4906326294833,1449.517785096582
1260.9791024134472,1264.094972325855,1284.9884725239178,1291.417567467456,1318.5791405780335,1276.6927772848785,1306.875835926622,1319.367340925549,1334.669608890798,1314.578333583332,1408.9448439720702,1324.0217433954328,1332.2236177377586,1358.2455692136775,1313.650542775126,1338.693303230734,1295.5019194129375,1412.5853399128987,1355.578314017917,1369.6899715426139,1352.6391071642486,1362.5859475369755,1265.8176979697844,1373.0269245155903,1350.5086841826335,1285.7833418301366,1368.5161774035014,1285.9961517087731,1424.8111365461607,1402.1848676132897,1422.7115631863846,1436.1494264521486,1417.5345301015711,1369.8787278295515,1359.532464559801,1381.309775994839,1389.950342149759,1380.920228714469,1394.7131443285566,1448.911347998068
1260.7511697275054,1264.1980395211517,1284.9181544087742,1292.3652789829268,1318.7904506512739,1277.5558564241906,1307.1107291426283,1319.7304847863295,1334.0263959451936,1315.186057977703,1409.9546876225404,1325.6265156632373,1332.9263628135348,1357.4332581781628,1314.1958393689092,1337.4849182349228,1296.143189123412,1410.7888461485925,1355.7799798515864,1372.8881513097642,1351.8003400721884,1361.7950599874614,1265.6791737392937,1370.9041168046917,1351.2624097072185,1283.553448313097,1366.2565184264508,1288.0571502670323,1422.7950489576158,1401.1632144431471,1419.888949573369,1433.6846472669422,1415.4094697409312,1378.1922732945288,1359.3588671527823,1378.3218376750867,1390.6449327938801,1376.538295849526,1396.2013491186176,1448.5697671528712
1261.1054644495637,1263.6956380196582,1284.2393225113578,1292.412105012812,1319.0112311118255,1277.312514708528,1306.6253777664183,1319.1971752989798,1334.1686204903722,1315.0348082051548,1412.378494494173,1326.1101641588464,1332.291837250279,1357.5733223130326,1315.505398788439,1338.7246895732208,1295.415724058899,1413.7441347308234,1358.6044576140985,1370.4664892686653,1353.6413464194352,1363.7654851880363,1267.0780419713033,1374.9617960341675,1352.3296477586214,1285.2127388140302,1369.421699200137,1285.640835916159,1426.6243795992348,1402.1936725326036,1423.2674020903519,1437.29707030304,1418.8142410129278,1372.575919198407,1359.9821486965739,1381.238811426659,1391.9382482075382,1381.7134768772992,1401.7296721112484,1452.2190335374114
1260.3495683989524,1263.3429271369362,1283.912400876199,1291.0202922208575,1319.4089321335975,1277.7302594105831,1307.0477216760005,1319.555730830128,1331.561726184999,1314.1379835232403,1409.5387818071245,1323.9514727556152,1334.092417593559,1356.2713517554005,1313.982244285996,1337.6989927761026,1295.3428362165353,1412.3439861020029,1356.6126542587003,1368.5088056174711,1351.9042535953483,1361.893852209601,1266.518322717531,1373.7283606929145,1352.291530080107,1285.2249111061299,1367.731994079299,1286.798238400896,1425.7954801567005,1400.6327385406328,1420.8773410529022,1432.3370989598475,1414.3852991336494,1372.0770359319347,1359.7985636627063,1379.0755215748645,1391.202955738915,1380.2910456157083,1395.3009434336068,1454.4923784646733
1260.3989841318755,1264.3915802913111,1284.5395160800506,1291.7905130702477,1318.4547550896625,1278.5522560346674,1308.192634726907,1319.6461601381359,1334.8837111864113,1315.2772506479414,1410.6907484419255,1325.0930204692424,1332.846031724013,1356.2156807947044,1314.6039410234625,1338.9176690470183,1296.578723454339,1410.8654117096864,1355.7774439405978,1373.8497682390266,1350.7252157579512,1361.6533475039482,1266.5985384548037,1373.5531854904377,1352.1989683106995,1283.9688439495321,1366.6351740781392,1287.6209598722567,1423.7639239758125,1400.8896120559546,1420.5865042969438,1434.7999397423068,1415.7252441053577,1379.0283498805475,1360.1217415361627,1379.5081411604476,1389.7102949478663,1378.0055435715053,1396.5494044873137,1446.878626408625
1261.5931562640897,1263.802106000746,1284.370168869544,1292.1313610730626,1318.262480267358,1276.4224777942725,1306.8993013957195,1318.984048171444,1332.5637042664152,1313.9730440515852,1411.9353538542462,1325.3328700300713,1332.6580070655837,1354.4500505551666,1315.8560593983673,1337.5527150351993,1295.724345850689,1412.5617043912484,1357.8172545951097,1368.6436670223275,1352.8103212143708,1363.7763145913273,1266.0135683300718,1374.9554199014067,1351.9910030102574,1284.4001338114904,1366.9845628015476,1285.4664197073034,1425.4039897337373,1400.4285231123051,1421.3909430198069,1433.579363991967,1413.203775256407,1371.738132639774,1363.0163662537523,1381.0028035076023,1389.8341721677457,1378.7581489250776,1400.5693910019459,1448.1831308320332
1260.3933158652208,1263.6159382220533,1283.9965038712667,1292.200173882108,1317.1750483424912,1277.3710138424253,1307.7404113993193,1319.9657605709735,1333.675534683542,1315.0936652173068,1409.7339264882803,1324.173898524286,1332.3341611767028,1356.3783100674498,1314.0589121765993,1337.1021772935599,1295.0989326012118,1410.7055863586486,1355.761190427,1372.165753635524,1351.912049828074,1362.998483794083,1266.6907361733881,1372.926589052631,1351.7255021094943,1284.3213501531172,1366.87277385412,1289.1095623237263,1424.3718620003528,1402.2400148185475,1419.526152898608,1433.265655001742,1414.136016828417,1372.191341359921,1358.9325479312786,1379.320037708673,1388.677567676932,1380.6464995226054,1396.7585987712723,1450.6084742937642
1260.4531470662466,1263.8204409674468,1284.033501729369,1292.0097764400405,1318.4982685627851,1277.2565608937841,1306.9713135809195,1320.097062354279,1333.0485010633518,1314.8707924520997,1408.879852123235,1324.4430097002428,1332.7945727006788,1354.2748193260475,1314.9791371693655,1338.200152027254,1295.7700821454043,1410.4924834326118,1356.3456509979494,1366.9979360241653,1352.237254953287,1360.8545941970597,1266.0415017366633,1373.4989655650395,1351.3267865052621,1285.2162469321288,1366.6871886476156,1285.5308611871112,1422.8533237430322,1401.1601879613743,1418.4927351259253,1431.9591497754086,1411.699734001536,1372.8778636439574,1360.0951593877112,1378.7658551634308,1389.7642212619003,1377.9550398472309,1393.8387238198268,1446.4624131127014
1260.5986919299714,1263.9276245359235,1283.3407603737678,1291.7998129147045,1318.1468079326019,1277.2992123161725,1307.5752950081899,1319.699028924238,1334.0429952545371,1315.8469069408393,1409.6115089385883,1325.0961102651734,1333.1924090350365,1355.3468937891737,1315.095955809321,1337.830696058494,1295.7949849543852,1409.3172505538676,1356.3391547186677,1369.6089723707705,1351.7511888029574,1362.9403067771239,1265.3646712782008,1372.8268631965982,1352.464969319771,1284.3238920141093,1365.5938770052746,1285.8607900036407,1423.0705761926463,1398.495200763831,1418.8214217877205,1430.1927336188144,1412.3276397223851,1375.693176165238,1360.4431842846363,1379.682620210327,1390.2014182737976,1376.9153668609918,1397.6073355161009,1449.4662211823224
1260.6945560798101,1263.9958699497317,1284.464869512621,1290.9855818842761,1318.9338417849358,1277.3780788915922,1307.9327315780945,1319.1710439350013,1333.923237195097,1317.4229659055154,1409.4742172064448,1324.8520835456663,1332.4288411417751,1357.1172996978883,1313.4638775257401,1337.3657032425908,1296.0756648218266,1411.9720990363946,1356.1596338821537,1370.5669048104894,1352.9888566510342,1364.0968685915448,1265.8597844873507,1373.3158351350316,1351.2561343649954,1285.2130935465939,1367.8908561838698,1286.2901826413206,1424.9454456531764,1400.062702739991,1419.59017156468,1434.4118866777349,1416.0381850577326,1373.9089719808674,1360.7976012699003,1381.6909558819777,1391.3582839436212,1378.6207755314836,1397.6471974504716,1449.0337360191832
1260.4828774799362,1263.9876749007951,1284.2985535374287,1291.465336423924,1318.217216863944,1277.4389730156697,1307.5600683796827,1320.4331691867317,1333.2204747980443,1314.0593313806464,1410.1267355454656,1324.1750499756306,1332.774992106931,1356.995217741129,1315.6836270123435,1337.071146993285,1296.2730274063895,1411.1441466957501,1356.5342564641298,1372.0159446885525,1352.3653496194227,1363.0986763443832,1266.3992997755558,1371.9371047560392,1351.1562265518196,1284.2011575693548,1367.0407170091826,1287.4526252335695,1424.2855660686887,1400.571717131074,1419.0464346277379,1432.6809103359205,1413.2093139824444,1370.614274195504,1360.35894192408,1379.2407189553528,1391.8837753176028,1377.7364837751577,1399.0131227460624,1450.0651786570045
1259.7271932118608,1264.1953700083677,1284.4245981265183,1292.3007377299268,1318.4996615880468,1276.7232750518322,1308.2576251792457,1320.070921936839,1333.5778038394706,1316.373360687754,1411.2040427253055,1325.1488035647203,1331.7722366271162,1357.409207653304,1316.2540353806257,1337.9142601825597,1295.8039410540305,1412.483706381109,1357.4902175312122,1367.9728650054594,1352.4122985187764,1362.349206437907,1265.7073541744428,1373.8668353904247,1351.9251504039416,1286.3404564844948,1369.0048834419101,1289.3319028612088,1425.2221191807882,1400.5248301855345,1422.7493402118175,1430.7819049680045,1419.0010544573443,1372.5838115957574,1363.38310229225,1382.1008158978182,1391.4007497359628,1377.959199050694,1399.0858069538256,1446.3382882410135
1261.352993619674,1264.9023687395854,1284.4308466136417,1292.2565451395217,1319.303295091743,1277.531567700915,1307.3322280456061,1319.3761128902959,1333.1034491514158,1315.7240339689624,1411.9617324692103,1325.4101868845914,1334.3352215476039,1356.622600140702,1315.2388266228102,1338.0140048620394,1296.7358743286363,1414.3678971318484,1356.7735678153117,1370.662382385164,1353.0944307717873,1364.1892302389317,1267.463798118264,1375.5775761367875,1352.992803225098,1285.2690740399933,1368.8552573414336,1286.0007705031724,1425.6115001921166,1400.647729149598,1422.0549895703507,1437.1970515395274,1416.8234799898928,1375.0718049648872,1360.4826998110377,1381.9581520885158,1392.7374592474976,1380.1943664968937,1396.5847457320801,1457.38662269547
1260.453893783322,1263.9727811875132,1283.7431004513844,1292.0291221475916,1321.0819272529577,1278.5559883898861,1307.3019705143283,1318.9609840905046,1332.3602318469993,1314.5279503005295,1413.0794091958903,1325.0343902447048,1335.5445127774256,1357.2556357619962,1315.9425784577027,1337.541769456756,1296.1422940663304,1414.196753302334,1358.921467360393,1370.342469739188,1352.2988968989496,1364.8362539180594,1266.1578947773876,1373.8144860795462,1354.3057993454352,1285.3767348449069,1370.188783234555,1286.2299737183712,1427.904789960265,1401.8225851473253,1423.499318623634,1432.9689578115863,1416.8594758293088,1376.1784828660343,1363.3430477591721,1381.0404925880212,1396.4956771641746,1379.497953196369,1401.4911074101535,1457.9315558358458
1261.0701902996375,1264.0341149929604,1284.7849334712678,1291.5381301403875,1318.2341487614083,1277.899069504951,1307.055528348014,1320.1239166750659,1335.5805805504845,1314.4851773128348,1411.0255395812678,1325.7789627921763,1333.2986544371865,1357.4017404573656,1315.4008708806805,1337.06951369803,1295.6820797201613,1410.7549545485242,1356.216610431484,1375.0308189332638,1350.918473500222,1362.3482426521634,1265.6834414162151,1372.5254044560058,1353.511428147736,1283.9454245037903,1367.7830959226833,1285.757190947921,1423.271566599884,1400.3554752244938,1419.6305067782464,1436.1421572436125,1410.6720468847102,1373.1356492239015,1360.0782700134055,1378.4412058602422,1392.346583134387,1377.6808120392668,1393.10153459023,1451.6253115208835
1260.4062707571995,1265.0181430671487,1284.5968431527058,1292.4502489051947,1320.7514795920245,1277.9270550308017,1309.1268025780942,1321.101965900677,1334.754331208786,1316.0191468825346,1413.8092508321315,1325.775334259382,1334.0336127389521,1357.9436264102574,1317.1821813673253,1338.1925528604158,1296.7657405389525,1414.6614815876835,1359.5386255001424,1371.2344676486907,1353.8551894657105,1364.2724116032693,1266.5316530133327,1377.405631873473,1351.3035918008723,1286.3818971581309,1370.9893995324776,1288.023203455275,1429.238885891603,1402.6382713865066,1425.7126841086103,1437.946462878831,1423.9142357809699,1373.8872767074834,1363.9121662994048,1387.205417719796,1392.1063067511252,1378.991472760676,1406.2501237702452,1455.3478665169782
1260.8676630361076,1264.2972465189828,1284.8107819683805,1290.6082858996274,1319.2388407257108,1277.2058954325537,1308.1278988195024,1320.2786309884843,1333.4593560963892,1313.828217022069,1411.0190720864598,1324.4108891268795,1331.6199519372674,1358.189686850152,1315.6342040076318,1338.5710861079212,1296.0924771326431,1413.8283203628166,1357.9414943257555,1372.6983812136425,1353.4753136999914,1363.6488108116835,1266.6994927909957,1374.5039873572398,1351.1754496148428,1284.7904235268393,1369.9385345217208,1286.3033118603307,1426.5916888303889,1402.4198738926755,1423.9300032348542,1432.8999002721907,1419.581290925305,1371.9945262431952,1361.4474918451529,1381.7223027164214,1390.970052528694,1381.1887648720271,1398.25376639396,1452.0166971284496
1260.5532462574274,1263.5856147314923,1284.6243985199728,1291.1160271332546,1318.5603167643233,1277.3549014328248,1306.8836356030092,1319.415478950559,1335.1476563855715,1313.3861403972644,1409.227069184413,1322.9189813280966,1333.0496332452624,1356.314988671621,1313.8270973965818,1337.3941253593819,1295.6465255431692,1412.6221116130223,1355.3345045298418,1374.039418232304,1352.1546671165497,1362.404478374173,1265.8241876185,1374.1266624782525,1350.3901306783089,1286.2402970776056,1367.899309354482,1287.3868759662535,1425.494468994008,1400.2403165412231,1421.2677634212707,1435.347984806728,1417.2198468860977,1370.226912338044,1358.1721245181095,1379.558346277116,1391.0352226239513,1379.1272459783238,1394.9346482520498,1452.1555395282528
1260.763619674484,1263.9725502261888,1284.0906460103758,1291.493187142178,1318.7436420183485,1277.420554942849,1306.6142836841218,1321.1165495938856,1334.346955984739,1315.5205676971855,1409.7525004183067,1324.5110488526063,1333.1653616742597,1355.177018914048,1313.8157008775406,1337.1540275435038,1296.151643067546,1410.7488090425154,1355.4610665354828,1369.4560406810626,1350.2656209584463,1362.8097869831988,1265.3852386066185,1373.7874319990544,1350.5240226889525,1283.8001698118233,1367.2733295023506,1288.2164995652968,1422.0025850716565,1399.6964593605667,1419.5698135201008,1435.6455037756264,1412.6667563025399,1372.517378218166,1359.4542521308385,1379.9190025829223,1390.0554851737675,1377.6990762953199,1394.9872312219616,1446.1242024335838
1260.2513702292272,1264.0239082911498,1283.9977167423237,1292.4817065285413,1319.7492250473101,1276.7680855431163,1309.0409268177452,1319.1109308048005,1333.8270723592702,1315.4346037499797,1411.7573815872197,1325.7213256638922,1332.3867415707437,1357.8447399556094,1314.3871873854966,1338.8508949520278,1296.5036328661654,1411.9377314686556,1356.7613795603104,1369.7674976400847,1352.3015668719054,1363.0833441713673,1266.1828514993756,1373.291776159795,1351.6892825379953,1284.9593123048217,1367.060206301724,1288.26715903513,1424.97942445398,1402.4648792892056,1421.6319782797932,1438.2057353543541,1415.7171147695888,1375.5230568514658,1359.964805419601,1380.4987872644901,1389.8142790148643,1379.9885473519512,1398.009239902094,1446.497335801965
1259.9197968077012,1263.0314658712555,1284.7462285819945,1291.4602484819159,1319.194425761406,1277.7198067239906,1307.2484101566754,1319.4657166900827,1334.048331643486,1314.8492778610425,1410.9779962851678,1325.9698382183253,1333.4750908302137,1355.687294964189,1314.6860810522296,1337.5235243138807,1294.847450794704,1411.9539277438864,1357.22596945579,1374.147464997811,1352.7092439190585,1363.1457139372076,1265.7457070557095,1374.7773842087945,1352.9737091798625,1284.3744686658677,1368.5554964485627,1286.7030821631774,1426.0502056913042,1400.4658222060991,1421.1001033915898,1434.246691014226,1413.7422391548546,1374.3088321660362,1361.9229504632667,1380.9266101740614,1392.1291694781203,1381.715542826364,1400.7771832737583,1456.3849711931007
1260.8618903454078,1264.7605638606547,1284.2872710342197,1290.4996409959567,1318.9879154167286,1277.4343644858104,1307.960852167546,1320.3368746640917,1333.781054289205,1314.9580766126276,1410.5946958884333,1323.6330888690964,1334.4813262434993,1356.3006916396755,1314.4838640515848,1336.358449517172,1295.6020854212895,1413.3766551245042,1357.4535181019492,1372.4064389616399,1351.5945741428475,1362.4214611631928,1265.7420670433164,1373.7297732580482,1350.3342929058733,1284.495813929571,1370.0908342808532,1286.6393618409322,1427.8618881072966,1401.1950528144403,1422.7977435934265,1434.0600182291398,1415.0752363510844,1369.2781295763111,1360.6629306252225,1380.3817522002528,1391.948933872108,1378.0478165016682,1401.288203557004,1456.3545050133869
1260.733617549654,1264.8241891938853,1285.796216081979,1291.981977763308,1316.9976751643294,1277.5919015590785,1308.6093855023803,1320.648003116349,1335.6827087629842,1315.0392925273986,1410.438538813278,1326.1525446023406,1332.2356104009164,1358.7827119532571,1314.4323719474496,1338.2255327783182,1295.8959395371248,1408.8019875869416,1355.953461745614,1372.916697731224,1350.2535410881842,1360.9529021933836,1265.6007063417971,1371.0429357230655,1351.3693389773687,1284.907914505376,1365.147013090788,1287.8067486398543,1420.6371153669668,1398.7125239649974,1415.4687109236752,1430.8179267556711,1409.0042908057296,1375.0673932184231,1360.8714887285948,1377.988846423716,1388.082653238551,1379.4435644136063,1393.0490437497037,1443.5346349570248
1260.2804838767358,1264.1036739496658,1284.3713316503022,1292.4891941841545,1317.5256967392902,1277.1427263305811,1307.1673635843922,1320.1399828783328,1334.834123719608,1314.8639369222597,1409.9688539813878,1324.1795958289442,1331.2622055306163,1355.9253358196554,1315.7696384677326,1337.8616235510017,1295.8466859105133,1409.4888975851907,1356.273158533181,1374.1610508766491,1350.7976219499317,1360.9236383641642,1266.0398974451903,1373.0839458021926,1350.687967070881,1285.274348905303,1365.5478197728107,1286.3000100710901,1421.4532610187919,1400.193912373716,1418.5992821660764,1428.7813971661758,1410.439651541795,1371.6050495270947,1360.9128571073838,1378.4519104200533,1387.949154661508,1380.751632787319,1395.9204303128004,1445.148313553267
1261.033503766337,1264.1999707577336,1283.6523417105632,1291.652776255884,1318.7189286767084,1276.8489498899055,1307.6298947149596,1319.8999693985022,1334.4587408242114,1316.4215497259524,1411.3693012395236,1325.412800386184,1332.3687386984627,1355.2229635504038,1315.74620800451,1340.291700920486,1297.3420689339364,1411.3449413921048,1356.189327247736,1371.144560395805,1353.6349912940839,1362.450248874962,1266.5484089741697,1375.0708871627364,1351.595302753894,1285.626949981773,1367.4689466726147,1286.678979864952,1423.772985716668,1402.2927339548592,1422.2790030694423,1433.3651480923556,1418.7400777655696,1372.917014648033,1361.1959296373814,1382.6188321505238,1390.7966774246072,1379.1079328799415,1394.80614684706,1450.4816825008982
1261.3604520420497,1263.8633551533167,1283.6278425241826,1292.5152641112434,1319.2148336758196,1277.4968824494183,1306.8932190983978,1319.0924982689087,1333.1446316177485,1315.8886635986237,1411.183459130657,1325.4918015569995,1332.7487394839814,1358.541902008441,1313.3830093221388,1338.391069933961,1296.9646809692852,1411.680285959003,1356.3981936590399,1370.1238415811006,1352.4074317789768,1363.1963529542088,1266.2109007930271,1375.3349262560926,1351.0612492248626,1284.4757391523297,1366.7650435336795,1285.211401364401,1423.7801732448129,1401.2377383478367,1419.7856786377977,1439.32039852105,1415.1970535660726,1374.9970380428601,1359.200910206685,1380.3054366952972,1391.2612158185846,1382.2469624384385,1397.634516096731,1447.8075239475957
1260.1791068511936,1263.723967953001,1284.4933015986119,1291.0394384620881,1318.7988384894018,1276.772114406501,1307.8534378575341,1319.5658345479894,1333.7338350238656,1315.6579471732753,1410.0172624940749,1324.675391451888,1332.98566932615,1357.1141428882245,1314.4644511524418,1337.340777677335,1296.8604225088216,1412.7081863265978,1356.7761119223921,1372.2643709035833,1351.822705689949,1363.8300477403538,1265.7311722456361,1372.6841993714584,1352.2881779309873,1283.4346049716014,1368.8919026739138,1286.5656256726552,1425.9623612214823,1400.7491019038885,1423.1141966040689,1438.577400384091,1414.9646375139416,1372.3042233186848,1361.2445391919691,1382.129963174113,1390.5937040595643,1379.41155665208,1398.5822959543082,1452.5407701814604
1260.0487007333459,1263.5839959806167,1283.9301664137095,1291.3731498641084,1318.1330824063864,1276.4798245903512,1307.2908962901267,1319.422554264919,1333.710746931873,1314.2903683587947,1410.1556728426592,1324.9621753285267,1331.9624508978598,1354.7619020508353,1314.7224275481324,1337.2732999172656,1295.1805775638925,1410.9276895452897,1355.4215420139024,1370.0425187252406,1349.7392002090064,1362.2952390371813,1265.6377347954153,1371.2823562880585,1351.3994346282568,1285.5930580887891,1365.6623325172914,1285.5881435936947,1423.3337201636832,1400.7298397158881,1418.7166716089307,1430.4717568991816,1410.3319383542605,1371.4596809098473,1359.9793616011877,1377.0360330144792,1388.7059853322291,1375.600709618179,1396.1237155381116,1448.8348407146289
1260.173660564997,1264.430358328784,1284.3423317746287,1291.585196692299,1319.0269147161239,1277.0131514961963,1306.9521384165269,1319.5721569057189,1333.7925649058213,1314.8047716799217,1412.0312606470113,1326.1617643517945,1333.611379775595,1355.216302487308,1315.8172952587217,1337.509915094733,1295.217593734894,1409.5735238341301,1356.136987781647,1372.1553642431015,1351.3139208831053,1361.6432829978176,1265.7195348134708,1372.7018927338222,1352.8263788613851,1285.5581553427378,1366.2978467266214,1286.5202829000366,1422.47639678283,1397.8417849003968,1419.398521170545,1430.265621929617,1412.1493464610294,1376.6662893535427,1363.3133732844524,1378.9485971916624,1392.3500754209506,1376.0177918194292,1396.5079449187986,1451.6179557795363
1260.2602014587017,1263.5754934349368,1284.1525084065427,1292.4356327066448,1318.2031013969172,1277.4282034984556,1307.1110065369369,1319.762393463053,1334.988161739491,1314.8062952791486,1411.4569210064947,1325.2751317450818,1333.3354863902607,1355.6270016232345,1315.2202570321629,1338.2814777471256,1296.8016842521145,1409.6540331763765,1356.336360383349,1371.332024843628,1351.401636268444,1361.951580295418,1265.8881717390932,1371.9249803397308,1352.6148385254448,1283.9600390673306,1366.7537014801371,1286.7513538412618,1423.1935801177503,1401.0420828900567,1417.9353192816618,1431.6414140404754,1412.0397921902559,1372.0924537745375,1362.3237675767646,1380.1889927262418,1390.9835818942852,1377.0597382714925,1397.3920083515013,1448.2734685850312
1259.844430128997,1263.6328428548668,1283.5344069745156,1291.821716403307,1318.4740478439226,1276.8916059050316,1307.4618052870117,1318.69210923781,1332.670699849299,1312.9954757103376,1409.2943656305479,1324.7127231743773,1331.8682252508452,1354.4655668494515,1313.0016102728657,1337.741971200834,1295.9183771246858,1409.6453803755755,1356.2268172369622,1370.884211204135,1350.5729789012996,1361.2042156937302,1265.8322466583916,1371.8051155778464,1351.5832859457669,1284.0762853967167,1366.4011044441843,1286.1953113676298,1422.3921350369455,1401.0829076523364,1417.3533434230278,1434.8350818667977,1409.8689197810315,1374.447814279061,1357.6761055413674,1378.9167971001195,1389.6126040828651,1378.8408310198113,1394.0993030738844,1450.4516910630578
1260.963579233801,1263.693667019521,1284.1953919522896,1291.279246250184,1317.6811703181431,1276.7370709253785,1307.1252981533892,1318.8304867275376,1332.6912652146877,1315.8263712603439,1409.1730595797933,1324.3837110058005,1331.8616938248654,1355.186402862162,1314.8726913797789,1338.0537329234737,1296.4968153561597,1410.4122510377852,1355.1913591727878,1370.839058851119,1351.001429634417,1363.7139812310213,1265.8515376192515,1373.5700085298192,1351.8138784991972,1284.571706801097,1366.029560954841,1287.2724727398192,1421.9203570381858,1401.021669869727,1418.8482442607951,1431.687272188162,1411.881381456245,1373.4539786539067,1358.7779080071655,1379.3441256067852,1388.1769966760446,1378.3369200877416,1398.4317835531785,1444.8376011868302
1260.4341894434817,1265.0871919624026,1285.5651895391588,1292.0107297593959,1317.997225650283,1277.0897189941231,1306.270883114707,1320.1834759541866,1331.8613246572777,1314.9033606191872,1409.5797726950964,1325.6344889179065,1331.1342256153237,1357.576267368562,1315.2516156918884,1337.5231398584185,1295.5968197390616,1410.9593036817353,1356.5721727039381,1370.0979299752485,1353.2567210481277,1361.6276012400656,1265.9864110191636,1374.0517655700014,1350.4661548755585,1284.3796253754126,1367.6887451182488,1286.7152890584787,1423.2545197772029,1398.7635084022293,1420.4437928038776,1430.535650583022,1413.3414523066317,1370.127807395622,1361.3194466939096,1380.6321497327056,1390.0267998684294,1374.6430727822783,1395.1921818425167,1448.1500830471523
1260.1451547589886,1263.789226294992,1283.5921564889425,1292.2054686910922,1317.1226855421717,1275.4974064463468,1306.7238157740944,1317.771865390364,1332.282766054312,1315.3850918365245,1409.0553082149975,1325.3404185072798,1331.8040099464554,1355.5665608655172,1313.828668829546,1338.4125521474461,1295.3036391953453,1409.7656061152036,1356.0388043148555,1370.1433650054564,1350.521171860524,1362.771974592431,1265.6415831201898,1372.5830687937182,1349.9868143834606,1285.0286382535585,1364.435736809361,1286.900216090335,1421.796212231466,1400.0804061653075,1416.2397620571548,1437.6447384122994,1412.187549827563,1375.8941363374695,1358.7463343835755,1378.321732340729,1385.779898075893,1378.4871452622751,1395.6511148949407,1444.8835657324487
1260.6395017312739,1264.2035961986915,1283.8408551630866,1292.5933944568656,1319.6577246368406,1277.0631501026733,1308.2722006297302,1319.1133740192608,1335.1317669608309,1314.4607690675273,1409.9908955276126,1323.8635760376528,1333.9371244660658,1355.8652900365269,1314.2221524815614,1337.3497435255042,1295.5940479120925,1410.8811364341993,1357.3144363186536,1371.4999089725507,1351.2568420542464,1363.3660576368509,1265.9491546332526,1372.699016289695,1350.0175493819786,1283.5746335649853,1367.0349244814847,1286.3356819895255,1425.0883423570642,1400.416780829158,1418.8416774106547,1430.605648714502,1413.2142166534388,1371.141496804232,1360.522583571408,1379.2102434991284,1389.7491159345198,1377.2589150389388,1396.9922279836571,1453.0152556101073
1260.1885250007238,1263.1712986952969,1284.408080202298,1291.2870936202312,1318.8918831974768,1276.9487753214848,1306.5475773930189,1319.1505509684516,1333.1431915840355,1314.2347430620912,1409.2489811881062,1323.5847964224392,1332.2522648230295,1355.4646501984207,1313.8008379730961,1338.9496065857247,1296.6297837931447,1409.6651613792403,1354.5345940022405,1368.9060763495888,1350.6999185055874,1361.075088148739,1266.2055492106765,1371.6486111483061,1351.779981844433,1284.5287945841344,1365.540401440046,1285.4391316891642,1422.7142071491844,1401.0464349229421,1418.2555525037562,1429.199523204585,1414.9604981288433,1375.3097608343517,1357.8792465593033,1377.9407999740574,1389.0546609445141,1379.961956070161,1391.4302942272145,1447.4400320986576
1260.3654226004037,1264.2307366719217,1283.4489669777226,1291.4246379657993,1318.8844369765106,1277.698538208191,1307.506062078286,1318.9795144661218,1333.2221512219128,1314.4298976425778,1410.5846430330857,1324.7339759129304,1334.127170680859,1357.1154068911233,1314.9866932120449,1338.3814276001683,1295.7500760930006,1412.9776684678227,1356.9526790984228,1369.3012255144129,1352.4066930127265,1363.4573769513038,1266.2624692866004,1374.1006663556147,1352.2348778028675,1284.5169797725669,1367.6926188044283,1287.8346068000094,1424.642398197163,1402.3907025124697,1420.510380144787,1435.2505494433533,1416.4564849109279,1373.435859543818,1361.6404182947551,1379.973289466934,1390.612894440436,1377.9749953013938,1396.011051223839,1450.4960535896514
1260.4738792041064,1264.23199305011,1284.5922944146305,1291.3627771252793,1318.27511897567,1276.3460406546503,1307.461868941196,1320.7438539845875,1335.4714754714844,1314.6724498790609,1410.403881102452,1323.8530123228204,1332.0382692890257,1357.2020087464966,1313.9062956323032,1338.137777141292,1295.2174114045117,1411.9838621326417,1355.3688322095268,1370.6600375172484,1351.2825880089192,1362.0292591941964,1265.7704785236951,1374.372074242018,1351.1943711174506,1285.3040178634624,1366.1157919422956,1287.933394117756,1423.2030944257283,1399.767749818822,1419.6072321296733,1434.3271710474482,1415.4271766259758,1371.6770410949707,1360.708571095803,1378.8343919954305,1389.3776359592075,1381.8192049103156,1395.6506091354693,1450.7576004320492
1260.697572674865,1264.9141398165573,1284.849327714141,1291.988617836784,1318.8697237202575,1278.9785082906415,1306.3332406617412,1319.9437630696646,1334.6300518840649,1313.4430975693972,1410.2971434551853,1325.0993681600187,1332.1540087808826,1354.8736878899215,1314.8608284112888,1336.2608071637474,1294.6410470647795,1409.6634616480444,1356.0988947622936,1369.739492896341,1350.822420135311,1361.5863507276647,1264.4720084586893,1371.2609598419917,1352.654561147268,1285.0262339514097,1366.6539377210988,1286.3757933955353,1423.1378214286408,1398.1167506911247,1420.1295808601915,1434.766165820584,1410.510792066547,1373.7017771116996,1361.549273410275,1379.2988850007318,1392.9761449295243,1374.9741300890441,1392.877064286169,1450.5494417344155
1260.4327048108576,1263.5430404848,1284.52718772453,1292.2450653081448,1320.0394104080895,1278.169484534174,1307.5668221112803,1319.960494680815,1334.2163092831229,1315.6319434618122,1413.3220838663603,1325.3522636003936,1334.6225354242727,1358.693312459372,1314.7013081142695,1337.0334897286484,1296.2893283512105,1412.8903197278476,1358.0013431601687,1370.6123312060924,1352.721261479961,1364.5275874518904,1265.7446439865785,1373.2014692080616,1354.5312891709534,1285.9308654079027,1368.0140207365714,1287.5632651322144,1425.4201831249613,1401.5738467016797,1422.1832584978592,1436.2814076396692,1416.1076218410242,1379.9616992263725,1361.3823413903597,1381.3505501951017,1394.8570477553155,1377.8505944532064,1399.8775100447126,1453.495971557864
1260.2003153302119,1264.0993013544771,1283.5198529016345,1291.2569776330427,1319.7233340232629,1276.505920371408,1306.5798571360424,1319.4915205102666,1331.2174589401106,1314.1367821460074,1410.8567287351143,1324.0835892442512,1332.583221665951,1355.3464267716306,1315.2374561110166,1336.7372565700375,1295.2685422000295,1411.57304261428,1357.623911843949,1369.7776173476802,1351.836244391811,1364.2182489448846,1265.3796507014738,1373.3393335314404,1351.6658370501716,1284.0467258448664,1367.5334533672808,1286.507507348764,1426.4274292693494,1400.7939047317113,1421.0008008238713,1436.4433906968372,1414.9794903740978,1373.0908393442717,1361.4803927740084,1381.883787449836,1392.1319868201506,1378.097118385909,1396.516286399822,1454.0200194938554
1260.9729516255206,1263.7717583224426,1285.2310840466657,1291.5706638526676,1317.487443460481,1277.842255672571,1308.1827355306102,1320.6509716643689,1333.688230678751,1314.0966130016907,1408.8812573833557,1325.0463435265738,1331.3642986190412,1354.8761279122266,1314.9039718524832,1338.309180060592,1295.017859419167,1409.6134172553493,1355.3097020361115,1370.9914906156807,1350.857977264863,1361.9119636121745,1266.7862415611637,1374.1007068483307,1349.284338983739,1284.3230570511398,1365.009381567784,1286.5144940564462,1421.1231367067371,1400.8743261850057,1417.382824912457,1430.319012050527,1408.7314874691033,1373.6485789892545,1359.669814260967,1380.2231232395686,1387.7614317883967,1378.6541120046713,1391.965044772892,1446.2700647081633
1260.5670962146337,1263.8308938210637,1284.8725383804806,1291.3677024739509,1316.564759724409,1276.89721364259,1306.44180909489,1320.6420048670454,1334.1255922936605,1313.7714163039868,1408.4945261647574,1325.4327244608305,1331.3503079449401,1352.8605436261023,1314.184670741694,1338.8618719218512,1295.4886063509648,1408.9329236238868,1354.0896599400533,1370.2419775324236,1350.7894705533365,1360.4752764915138,1266.5367018933696,1372.6395066217183,1349.799050570145,1283.9086122466745,1366.578441359931,1287.1506442429215,1421.0949849348783,1400.7711277039975,1416.0880897147445,1429.136997708446,1409.8063423539354,1373.7421372716267,1360.182605823529,1376.953657881909,1386.0023737167169,1379.8214393363635,1394.044733134659,1444.040070924744
1260.9560274770743,1265.3631909931798,1284.160889427992,1292.2202576630943,1320.320850987745,1276.5287638747952,1308.4203667276463,1320.219387563359,1332.4804203680374,1313.9704848890235,1410.9328220338264,1324.3877781643766,1334.093040237959,1358.2586083220997,1314.7049493356649,1339.0818446880107,1295.8031973291902,1413.0488446877932,1357.3227226708395,1370.8171857966706,1352.3177757028197,1362.3019303876185,1266.6424573260801,1374.6450270295948,1352.6559164965577,1285.741802367327,1368.6616234728642,1288.3905748051868,1426.3315124485541,1404.416974010395,1421.1564007899792,1432.7208971061339,1417.7854873505437,1372.489084752312,1359.7168466750065,1383.4570028132437,1392.9753885701534,1381.0727920566226,1395.6040335721277,1453.7384334519968
1260.6079489071333,1264.089403776881,1283.5685684609584,1291.1067879114094,1317.9940581559667,1277.832553157357,1307.331078926512,1319.4230564911388,1333.328264362204,1315.8840336596072,1410.745855106579,1324.7473281381888,1333.5738290594757,1355.3150688448236,1314.865898231245,1340.0012128540009,1294.9128671307758,1411.1761417383532,1355.4082911072742,1371.3986803871346,1350.8032216773856,1362.4834828880032,1266.0184849320015,1372.029017643463,1352.9548537500218,1284.2229558491988,1367.7039904730239,1287.8139379889642,1424.3839671504522,1402.0199446237825,1418.351527464816,1432.729574839914,1415.5460540497245,1374.022362259438,1359.0840420015916,1379.9748213773676,1389.5267950450684,1380.347838412971,1397.5961091393544,1448.8619466321618
1261.0337235840154,1263.975251375359,1284.065657962912,1291.6839596220275,1319.0239249774504,1277.2649477527696,1307.4009837616697,1319.9959631364616,1334.3480090002151,1314.073582467139,1411.4681702473952,1324.7440922565038,1333.195248380598,1356.0608850707968,1315.0471255882503,1338.4464484389027,1296.7735526463105,1412.6111087055292,1356.7441302943485,1370.3833320260167,1352.2416227704002,1363.2687145590976,1266.1066031737707,1374.6021524631808,1353.3739575620723,1284.7598398467042,1368.9131855574703,1288.6847089061096,1426.953881753531,1403.3537186487804,1422.585608538503,1431.3135633873003,1413.5619551230398,1373.4826308417,1361.920294190834,1380.5046441152049,1393.0861055166508,1379.7375165881272,1400.9060362107207,1452.2338825479362
1260.9284540201722,1263.3780027348917,1285.1078209211207,1291.358396431165,1317.5889660470398,1276.6748348667627,1307.3483994262226,1319.4730713682525,1333.5994485828617,1313.8904429989702,1409.8285676012636,1324.618694164852,1332.1459127345256,1356.7848868027006,1315.4347263726122,1338.380215743147,1296.8594964473814,1410.5186935757163,1356.5611002844803,1372.7596292094347,1351.2978206851162,1361.8289660869652,1265.7937471627802,1372.403275687192,1351.2992592952442,1284.6605849508665,1367.5018722905431,1286.9670876957816,1425.2374151390502,1400.0555321743532,1420.7168433593406,1432.9786372808348,1412.7108873625975,1372.1493315760551,1359.5904025758634,1380.8477223983211,1389.806366883039,1382.0547533529798,1397.3187440571392,1445.487764022149
1260.80502389182,1264.1032639186283,1285.5503846295278,1292.1641329708725,1317.4344756457924,1277.4017399725528,1306.9580864437219,1320.3387219907856,1335.2460327735364,1315.2263802544298,1409.5271560628707,1325.3901045933278,1330.6430269393734,1355.94472005763,1314.0706854695075,1339.0952623485798,1296.4278896980063,1410.396468422538,1354.7866872461611,1371.5971097248953,1351.9048713584668,1361.2006103870915,1266.369923158003,1373.9257749189535,1350.2158381875915,1285.4858421567499,1366.3145886195334,1286.8095134885484,1422.0286981898234,1400.024241621687,1418.7346438278148,1432.8218119570843,1412.338255380478,1373.6258999569613,1362.1359217046477,1379.775817350314,1387.6551383344495,1379.379455328225,1396.006041189606,1444.1931930505284
1260.128520180799,1263.952925880591,1283.5107363934794,1291.7364653786067,1319.0238640194664,1276.8016524124007,1306.2953051018596,1320.3818896582934,1333.0091275714026,1316.4331456353796,1411.5644827752644,1324.9880822800612,1332.7715350896447,1357.822212369133,1316.6579697626507,1337.3389496546356,1295.0062851192404,1414.041956503333,1358.4532191901162,1367.2199579615285,1355.3505573433438,1363.1775573864286,1266.9437038702395,1375.0385849354234,1351.8271761827098,1283.9894743328628,1369.4989270580772,1285.7463960706866,1427.6865991724583,1403.82040224606,1423.513217773345,1439.576409988024,1415.446605178086,1372.380975529162,1362.0528372679246,1383.0180935649812,1389.7551696698686,1383.3764582434226,1402.5560780743378,1452.723470554207
1259.9403195074083,1262.7272426081613,1283.1359248108258,1291.6668397270028,1317.9176951970003,1276.7476104411803,1306.6410741644183,1318.051362119794,1330.4077191993244,1314.1739490406758,1410.9405017521906,1323.7778813708092,1333.0192666231956,1355.7615917829978,1313.603136715394,1337.0630996685315,1295.8014563300903,1412.596655377801,1357.131699705692,1365.8744502837249,1351.3187710558982,1361.6857183385605,1265.618687050927,1373.1514843704394,1350.5500567943213,1283.6420892714498,1368.6248572283178,1287.3591507749506,1425.7431742068836,1400.5743688811583,1420.3390069042935,1431.8315867939725,1415.5729182934867,1371.4411673164925,1360.175904654382,1380.921926373238,1390.6324840942339,1378.8039162344821,1397.7068545052653,1452.1216924649661
1260.2185168302108,1263.4805846477836,1284.0087323913392,1291.4406518911883,1318.4780249314238,1277.3402733715295,1308.432152632968,1320.034056495453,1332.593950490489,1315.7279309015844,1411.2422151118183,1324.5961763338264,1331.8203519082833,1357.5473119841643,1314.5618627023412,1339.719823453935,1296.5477003309757,1413.8829260321713,1356.5951979000556,1371.353838021729,1352.9417681703655,1364.0224658959405,1265.8918865375679,1374.492553285591,1351.3309794938584,1286.396176188258,1367.928717623166,1288.2171913474392,1426.4773931082282,1402.7836734466523,1424.0391136671758,1435.3206625748492,1417.583967748157,1373.7965463776675,1360.6059289564453,1380.971359887797,1389.3667986203725,1379.0467725546698,1399.4038259575361,1448.4190927341192
1260.6954760228548,1263.9882721242861,1284.6137124802456,1291.6750904460864,1318.8106568739845,1277.1492075129213,1307.37926263561,1319.432608408352,1333.6284046987882,1315.5133940549279,1411.4499327382657,1324.5362643881558,1332.7781153526346,1356.21609038228,1315.654753140732,1337.9863008506497,1295.9257858816752,1411.4152893546657,1356.6127722834694,1372.9703786554444,1352.0848504418516,1361.5973057153606,1266.975463274648,1374.0199911282655,1351.5835588722186,1285.3095313946783,1367.7712152742074,1286.5821900610906,1424.6655409112439,1400.4128105289549,1421.9763899533962,1432.3446589875518,1414.1185678460108,1373.744217826079,1359.8871772099126,1380.5887206264315,1391.482786509902,1379.8009852177793,1395.4871903399546,1452.3070101109101
1260.6181654771522,1264.2161777509475,1285.2683173064054,1292.5091448451515,1318.8802203352793,1276.6980269984917,1307.870590749183,1321.352167449981,1335.1876190175424,1315.336433854027,1411.7674497851629,1325.7873759083711,1333.497275306222,1357.12800555343,1315.602687235107,1338.7183683791268,1297.8153759272423,1412.11044638561,1357.2191860537826,1370.6254841735963,1353.107949512977,1364.9777480043626,1265.6227318698852,1373.637564579909,1351.9233898184507,1286.0687075909452,1369.6895641691822,1288.4650880117363,1425.811667072189,1402.640223900178,1421.2237461276768,1435.4969253790691,1418.8557534321537,1373.2139182332087,1361.9214173927062,1382.0437795178843,1392.1843583732154,1381.0422598143223,1400.649643075434,1453.1475725922942
1260.8023059961913,1264.2752492172742,1284.8419368040409,1292.3256665846484,1319.1817834613814,1277.803927065134,1306.973553875386,1320.7875707894248,1333.844930538881,1315.8889798102791,1410.9884907619337,1324.0358546500606,1333.4211559784103,1356.6705496867332,1314.8636400051548,1337.8817551956622,1297.0064090806798,1413.523706354931,1358.103561302254,1371.091958501141,1353.1099516363067,1364.1045954143594,1266.711682303194,1375.1596647733998,1349.9591758014917,1286.0686008205507,1369.2424760114654,1286.6099066773647,1427.5596332769815,1402.1523378245984,1424.8967945463744,1437.7489627880232,1417.3507825295235,1373.9684306675567,1361.3233226203445,1382.4272252229953,1391.3837008732658,1381.1341863925607,1400.3904190593119,1452.8391544493063
1260.982525612308,1263.9036436472893,1283.6298020050913,1292.085138207721,1317.8141803911305,1276.7423557186237,1307.8029429417513,1320.0384297285063,1332.7583024611374,1316.438418792348,1411.6602617442184,1325.093723787773,1333.2000258472149,1357.9303945183262,1314.9577928059782,1338.1353967246437,1296.6026445159926,1412.0815288859803,1357.739665288081,1370.1838536677342,1352.8300464677814,1363.1399059706948,1266.0376351529835,1374.8267196062145,1351.5736809596192,1285.450192213976,1368.6583237177733,1288.935937128464,1426.3178680037997,1401.022356785904,1422.322065895954,1433.18983043642,1415.8911857581895,1376.8824660244295,1360.8807592518929,1380.834120386378,1391.5056599745517,1378.8282364546726,1399.7633758670793,1453.8710556588812
1260.0284641679598,1264.0406816195484,1284.7800773410413,1291.4839518906056,1319.8948182770498,1277.958667880923,1307.7299265250476,1320.1082849171098,1334.3616326793554,1316.529219527077,1411.2852186831724,1324.8950829601702,1334.0223449338598,1357.3839451447868,1314.5004320780995,1337.7037256227732,1296.3440983398882,1411.926595194309,1356.9759939945545,1370.1833473675078,1352.7330173844227,1364.83422893912,1266.0834196910407,1373.3213620039305,1351.2595693703015,1284.4379373814077,1368.7351247238,1288.54851335968,1426.43592264938,1399.5781492706035,1420.677218626611,1438.239185613028,1415.7969067423612,1372.3668404381162,1359.4712057219936,1380.2350458921674,1392.0934447886234,1379.07249407484,1395.863789957201,1451.8913343253032
1259.718012818332,1263.4444501985165,1283.6208464924262,1290.8103972675747,1316.309496109947,1277.4044800492588,1306.7903830474615,1319.828963598576,1333.7551462217734,1313.9067232311866,1409.354367584434,1326.3292841258715,1330.6827336275423,1355.8158145073191,1314.6691958854497,1337.3591359571972,1296.0442840471962,1409.6025368039677,1356.0294799572782,1370.9102498379173,1353.655454063857,1362.6185386254228,1265.9247116884826,1372.6005791725458,1349.173664312933,1286.0628838302146,1366.8460077651182,1285.8326005975262,1422.4046937980145,1399.9205006224706,1418.8380567052782,1435.4744347757955,1416.2604056411774,1373.3791744408352,1361.2763158828209,1381.978763772194,1385.267414038277,1378.2857697999668,1396.7447420592096,1442.7269493996503
1260.5008433640612,1263.1722372934607,1284.3378074839063,1291.4579870050234,1318.7880083833697,1277.4924866790604,1307.1033901738474,1318.8280860023026,1333.536791750913,1315.3917713874237,1409.4463954887174,1324.3066752752193,1332.0244613172613,1357.5766889051017,1314.8005698608572,1336.749458274625,1294.8942449340582,1412.730067007922,1356.3609816600767,1370.234042034958,1351.429330463963,1363.0252094469672,1266.7073847019028,1375.0220691744682,1350.6491713844518,1283.9214883916766,1367.1265072958456,1286.5062225550766,1423.025966553361,1400.7983796652659,1419.4094346804254,1438.0777227313206,1412.4206174655803,1375.0723518779232,1361.1469872625516,1380.982009291629,1388.7837281815414,1378.8284954662918,1393.1402410649885,1447.3093766603042
1260.2798515152365,1264.0774472571106,1285.697650360394,1291.5414345686763,1316.0552082379297,1276.4241633404008,1308.3374879575504,1319.2989795079877,1333.4787092704908,1314.4761812553772,1408.086815986157,1325.0991825738845,1330.1634217668943,1355.7034606486725,1315.0593698042094,1337.7771981470419,1297.3278050562856,1408.5670294059737,1355.0215145306215,1371.8967198541043,1352.9905955679278,1362.252113217219,1265.7186715057926,1374.1484231828479,1349.1824571003592,1284.3655303219841,1364.033796763896,1285.513166142097,1420.1058876184425,1400.8088639640866,1417.3782172671274,1436.1116329024362,1413.9630112534612,1369.317706030328,1360.727784088573,1379.6665882727887,1384.3701337701125,1378.0101250894934,1393.1734840573204,1438.2728489618517
1260.660312672918,1264.2363743874203,1285.742937566288,1291.804541563076,1317.405862437828,1278.0712093356694,1307.074195450992,1319.2344426393217,1335.4457068547397,1314.6437344470776,1408.313590398649,1323.966299833074,1331.4689234854768,1356.1535318262647,1314.8983906139076,1338.50975375204,1296.6103488417205,1412.750892030061,1355.6965510211228,1370.4001121263177,1352.2491740971802,1362.8993908356977,1266.5870128999802,1374.0916232696884,1349.351326890933,1284.5852108002016,1365.7502197369938,1286.4374710495651,1422.1841146644188,1403.1784211457054,1418.740488401334,1437.6027888359267,1413.2432003707386,1371.4600939052712,1360.344998744821,1378.0967337661334,1386.9451409408343,1382.3928106158264,1395.6837359599137,1447.9043260643625
1260.5534615662853,1263.746518157509,1285.7502383762796,1291.8914869978735,1320.3760676119273,1277.107017334161,1307.271945920768,1319.81968893277,1334.3905303436254,1316.2885381562444,1412.120140923324,1325.5491872977411,1333.9913015903915,1357.9594810894896,1313.686552090878,1338.9608440884333,1295.718367358261,1413.2092905936252,1355.321592894869,1371.0090186949426,1351.4546130694882,1364.0436406782887,1266.2025955400534,1374.4580279103006,1352.2399604139418,1284.3135166258576,1367.5810471038578,1288.1535882413316,1424.478744935452,1401.6720146417792,1419.2874119652556,1434.8295221760523,1415.1172581591063,1375.5765789532402,1361.0979240405,1381.584739537417,1392.167398791719,1378.6408656911735,1393.0174419721507,1456.113603320675
1260.420356919152,1264.0781817666368,1283.9155747674336,1291.3797353989473,1318.8001136810174,1277.3947620107253,1308.2840746780894,1319.6673596600806,1333.381973842285,1317.2676407028546,1411.2003765847446,1325.348841259774,1332.6733381947865,1359.0754884202217,1315.4429937977725,1338.0705980758298,1297.6823423794199,1413.436529327818,1356.9946911337975,1369.6983459809353,1353.0281149328314,1363.6707363178894,1265.9097347965296,1374.4357229229938,1352.9091943411188,1284.3627328167158,1367.9041681118294,1285.5460950379393,1423.6727126604035,1401.2302486782244,1421.8201357165622,1440.5568532267368,1415.9125590494914,1373.856319485548,1362.6626650046271,1382.6559275231982,1390.4969381074088,1377.706082285678,1400.121916594378,1449.5466503871069
1261.0494650233206,1263.713516681149,1282.81014191807,1291.367170716033,1320.4711095410432,1277.5584039972814,1307.762943483095,1318.6398834878714,1331.6340954541524,1315.8078380789493,1412.7895298175179,1325.2740272106098,1333.7257344396885,1359.0066132132647,1315.4500022686238,1337.7100327200417,1296.269579256727,1414.1673044307743,1356.916070766973,1367.7153434054526,1351.762213837171,1362.982693019392,1265.5698212132777,1374.484155477425,1353.4336025633752,1285.054647498389,1369.1458934306618,1285.2141978465627,1426.3067296783638,1400.4688314273758,1423.3542586234928,1437.8674348833013,1417.2440562156635,1376.140104457524,1361.2733171538523,1382.2657846875716,1392.9705671390843,1378.6354078061115,1398.8339770007362,1455.0696573456726
1260.8253255613174,1263.6225414868672,1284.8715874857799,1291.7575489257567,1318.8126062406702,1277.9717905849243,1307.366296863665,1319.165569048051,1334.4164241241158,1314.961918615828,1410.6660095854209,1325.0298291466222,1333.4012311614383,1356.7952783954167,1315.428046440376,1338.4708560899585,1295.8863594702568,1412.5563388006822,1356.1919161847,1372.5500069681739,1352.080194341249,1361.6105591384867,1266.4691313526275,1376.5714111563443,1352.234214339974,1284.2711057969125,1367.476168851748,1287.2572414803028,1426.2415116169675,1399.6760580105408,1420.8336286035449,1430.6381066752933,1415.2634688983487,1373.34364691627,1359.411561189606,1379.885311582926,1391.8966016699671,1377.2577829528304,1397.2383097292889,1450.6905961792968
1260.9616599150393,1263.8117509532328,1285.4499666407332,1291.5413503122456,1316.1206364567613,1277.186284509257,1305.7358419769187,1320.435885379236,1334.2997051149703,1312.7348147393297,1407.8267686680445,1325.0717758285139,1329.296148375836,1353.0765598392788,1313.7911131959847,1337.633186483602,1295.8607850949743,1409.4783391164701,1355.2165588963585,1370.403377863495,1350.8403491166948,1360.1763964456647,1265.4462851040728,1371.3715078533141,1350.1182133652524,1284.0581692135077,1367.0095666168938,1286.3584190944537,1422.0515310121752,1399.4337046271512,1417.380507324289,1430.575072195787,1413.2969844306895,1369.9606197684122,1357.9931275274105,1377.220096614334,1385.929228540056,1378.3048724375517,1393.4543141138047,1443.9140321109767
1260.7829119155133,1264.2304027614548,1284.7982182021012,1291.7786074822955,1318.7707620901497,1277.55964136048,1306.6150660102853,1318.6491985627154,1332.6833343344101,1314.9148965764427,1409.6272467898657,1325.1650478912281,1332.3687300653878,1354.114061752784,1314.3541623206825,1338.2008887454326,1296.2608128008465,1410.8898500120931,1355.4738248936114,1367.5939969535482,1350.9402067211988,1360.0936150398552,1265.6916562720128,1372.9913012929624,1350.9146135333838,1284.6208868577855,1366.4397189999545,1286.0203502657419,1423.0841723187264,1399.976108159909,1418.3798615225198,1427.2047043986686,1412.6678976096832,1368.7061272883268,1360.6418992117467,1376.5921312184576,1389.5948580435404,1376.9944601838977,1394.1012566171664,1452.1623417491144
1260.6138606132045,1264.007447023228,1283.5939059129767,1292.179060238851,1320.374023858304,1278.1348197434852,1307.5014049160868,1320.3930910882582,1332.7789697735973,1314.0968538338539,1411.0242632548059,1325.2659919168225,1333.8984897916741,1356.077915977172,1314.8822704743932,1338.0131452151459,1296.6892190199187,1411.0229410826503,1355.8573501203905,1368.6230009352578,1350.544433533831,1361.9721621785636,1266.1008715493228,1372.604044864185,1351.9482997900777,1285.6759550538957,1367.0690308994074,1288.8461426588544,1423.6638220592697,1400.844466790932,1417.7331627190122,1434.4358832131722,1409.2080743886982,1374.888616307482,1360.047941070704,1378.2973793272106,1392.3638346037283,1379.1851863569332,1392.2553568864419,1455.168748537166
1260.2450324935614,1263.432399993212,1283.9213993725548,1291.5511802044107,1317.2656000501142,1278.6994008948843,1306.8732188741824,1320.4326623568588,1333.5405255793619,1313.6309018749062,1409.0498922706713,1325.9117012724298,1332.184903695562,1355.7634012744722,1313.7960035000187,1338.7454406650354,1296.3380359120006,1407.3636107937293,1354.585458911199,1370.086071633637,1350.6324459346235,1360.5178438016274,1265.7490232179798,1373.3512912783483,1350.2829692713897,1284.46260756264,1365.006388638628,1286.9147454298295,1418.4605997380634,1398.906348185519,1415.8317014581355,1427.7749399809363,1410.708878492222,1377.200882935776,1359.3045327563925,1376.226815258289,1386.5538714463955,1377.8307556568807,1391.6576186151337,1442.5058937137967
1260.4330393557386,1264.0793057811811,1284.5852974885877,1292.0520384651636,1318.4169715501428,1277.2879562188193,1307.6167328368795,1319.711560219279,1334.381567822707,1315.055481429318,1410.1278303438216,1324.2910628824009,1333.9757468749551,1358.1651500164107,1314.2415011331957,1338.5974055094835,1296.8573700618986,1412.8810164285649,1356.208288709975,1372.9191532253167,1352.4277630481295,1363.7961787013871,1265.5629418122,1374.2820101605364,1350.5126116969152,1285.0373885233969,1368.016698673662,1287.6026473624952,1424.1954320566554,1402.3436450459797,1422.6954354894183,1434.7898320121708,1417.2054987486058,1372.1820225878723,1358.3468240148045,1381.6529123483929,1391.2263520786687,1380.7465533387356,1393.3605976320982,1452.9568883785914
1260.9086818974934,1263.6290940915387,1284.215645843358,1291.9600819653676,1319.6949241987377,1276.3217277154047,1307.7151837929955,1320.878740789702,1333.0047551137084,1315.106695780859,1411.8677082994766,1324.3576384593423,1333.40547183163,1358.957443692794,1313.8542685402374,1337.330636445281,1296.5687035740063,1413.8772152918123,1357.615983097599,1369.5720711269103,1351.6138936030397,1364.3143364386694,1266.6681235775557,1375.3620776756718,1350.2254202621216,1284.2954312348688,1367.7153558520813,1287.1157303567998,1426.2809987896205,1402.6622307376642,1423.569107972365,1440.626759208096,1418.5427825986876,1371.6619710450154,1361.4155678726213,1381.5765974916421,1392.9075493036746,1381.820121624785,1398.481707011063,1454.814813210882
1260.7545954936033,1264.224461453685,1285.5594875101901,1291.7457384199165,1316.8220392741791,1276.7453024149945,1307.0413787130055,1320.30334428097,1333.745753124827,1315.0121026920117,1408.8127843427994,1324.2371308578493,1330.525427157994,1355.9113012676635,1314.5162100923735,1337.4745354598117,1295.0944749828482,1409.4904760395732,1355.1740614179346,1372.665722601251,1350.0768213957751,1362.8592649492698,1264.901816530142,1373.6703200760546,1350.4086546319616,1283.8368803415335,1364.6093264558085,1287.0897676743432,1420.7315158280933,1399.712374704411,1417.7233545928214,1431.421854126632,1412.965505299953,1371.68532897358,1360.2229747179697,1377.9219040390315,1384.5986634093936,1375.8720275242817,1393.991288081338,1440.8284659963033
1261.067572655655,1263.8828962363534,1285.0907733764607,1291.0722033508796,1319.2159622649137,1278.7682856676852,1308.820965550797,1320.7293369720448,1335.8706974066922,1316.6203776478278,1412.7262817907203,1325.1634587752967,1333.938314790318,1359.5213428044046,1315.3119297027918,1338.58699527276,1296.387067046097,1415.122878134195,1357.8337468621532,1372.382377393046,1353.6790917021067,1365.1692830312675,1265.625343521426,1376.1227771599522,1353.6268802912412,1285.1800503270263,1370.6196746744931,1288.816048494488,1427.6282750024686,1401.1175761136012,1426.5739092137353,1435.8262579134123,1420.4302215617047,1373.7337375389218,1361.5158558305945,1383.2246734190971,1393.1031556526254,1380.3149223948872,1402.065338007346,1454.3531200420969
1260.6525566280593,1264.598831465619,1285.1073465359445,1291.3488318067855,1319.4062433693098,1278.7799781833476,1308.0043694914202,1319.1405643739495,1334.6789595722914,1314.6408710288686,1411.0274883694437,1324.589172682743,1333.9192787223853,1358.338605559263,1313.4038675739457,1338.9717185316542,1296.8724483268386,1415.5416021011072,1357.6983675528058,1372.2174998859052,1354.4974293407033,1364.5348611256052,1266.3137674762208,1375.2931982460707,1351.0681412467443,1286.3311089912852,1369.889646718321,1290.4157447385473,1428.2304946874567,1404.6570829276513,1426.9498573479045,1436.1653356725294,1421.218008562683,1371.8465087706165,1359.2148400708336,1382.1087984462645,1391.401011975631,1382.0704863492879,1397.3070949190299,1453.71335601215
1260.966512135913,1265.065427267466,1285.5259290991778,1291.204797755336,1317.518520716634,1277.1316784480389,1308.0290795006943,1319.3857363534153,1332.61573927617,1313.9834652195639,1407.7408112320704,1322.3586781935242,1331.3112336442027,1355.9957236145733,1312.029396788132,1338.070866289908,1296.0484416779436,1409.6352830087826,1355.4483194926459,1371.125026576892,1351.5832819711052,1360.311807419098,1265.5225512758889,1373.9797765537799,1349.1101648087536,1284.229659610743,1365.0631426972982,1285.9821917319923,1423.0516609418312,1399.5634965579807,1417.746791215327,1432.085414832437,1409.829647026681,1368.323549436784,1357.6919953634285,1377.1708987613686,1389.3387561858383,1377.2146243732345,1390.2396681300968,1450.918822803291
1260.8193550221629,1264.410721390747,1284.3616517587818,1290.7795566367672,1317.562018986725,1277.6403250140459,1307.9863050051104,1319.2224899230484,1333.76208030702,1312.7497583712106,1407.5035277494126,1324.2964145199512,1331.101011354323,1355.7922070087864,1314.4473373014978,1337.532421569091,1294.6169197040695,1409.7273844460933,1354.5141006972874,1369.8894339819926,1351.6258514133153,1360.623387130722,1265.313914738105,1374.949025852176,1348.8561542496138,1283.917898006852,1365.9681738010363,1286.759614482815,1421.000223093758,1399.3924768111954,1417.2357592890576,1431.2458187105497,1413.6389186292934,1371.1348784509128,1359.3705865236514,1380.0009291095876,1386.587452425266,1379.890152771973,1391.6483712849342,1443.8366575008577
1260.148245158195,1263.1775491243818,1283.4373844194413,1291.7716861233625,1319.4177847730216,1276.390127927077,1307.3571533715779,1319.9936644732172,1331.6347476367387,1314.049672652522,1409.56329733221,1324.7496192520252,1332.9887448844095,1354.66826312915,1314.6605594557057,1336.761898913959,1295.559677691693,1412.7296971472035,1356.8920938061117,1369.0011698720346,1351.6471930536454,1361.74265074533,1265.3532739758275,1373.524559684358,1351.538514323175,1284.0925291994129,1367.1792124920348,1287.3965687766974,1424.6541021154653,1399.8317218361265,1421.0905163047948,1433.0043177019202,1414.0801857357321,1373.1366364549153,1359.9064162224395,1380.805724187533,1390.2664042736865,1377.9863528035214,1396.214837707885,1452.1998689335842
1260.3887785151246,1263.42846015101,1283.7068779403019,1291.7347544708043,1318.3850434114077,1276.827246039715,1307.818669887619,1320.256250264671,1333.1739730467966,1314.8934198502125,1410.661629973249,1324.6809586785266,1332.967832664906,1355.8597660581975,1314.4369608376342,1336.8418789366535,1294.3986776812205,1411.1496362712617,1355.841181930317,1369.9850566875327,1351.1181372379658,1361.370711538976,1265.765335231136,1371.8408528477191,1351.5715334803647,1282.6075351271927,1367.5578480536972,1285.9869693709518,1423.1745562213864,1399.9377827262795,1419.1581091519538,1435.3514839489615,1412.6611953204724,1373.3267230201234,1361.125793031256,1380.120179128642,1389.692531133985,1378.2344083011476,1396.0709849416016,1448.0991896661253
1261.2052107096015,1264.3310133829905,1283.5107859749655,1292.2624488114113,1317.7145223622626,1277.9937730984552,1307.6994241428704,1318.92009770876,1334.4892893421516,1315.2398846073168,1411.6944081702584,1324.3738285260058,1333.3602637105093,1355.4776679736326,1314.3433207857213,1339.0580782012664,1295.9951637276347,1411.154725868335,1356.6501656718106,1372.4151320710255,1350.0793619886451,1361.8193079826676,1265.7990632166882,1372.409569133082,1353.9513219756004,1286.0620541206495,1366.698429069694,1287.208198207099,1422.1090476705488,1400.6174603852892,1418.35346410611,1433.1443233241262,1413.9703671469372,1376.2240942482024,1360.8725696526335,1379.995886561482,1388.1909004918189,1381.0430150339137,1394.3230955764673,1448.2555342444018
1260.9010579000048,1263.5319045028502,1283.696843942918,1290.8553265661676,1318.3325294817362,1276.9857046795657,1306.9752509197392,1319.5237854391848,1333.445292946614,1314.8799815494176,1410.4131073192245,1324.8824918961473,1333.1082031196609,1357.1968419797709,1314.1581980387502,1338.3586078710055,1295.7417290390165,1411.0828743044317,1356.467209756685,1369.162453160417,1352.5559059707039,1362.7539629530847,1265.7324033763057,1374.5032489834116,1352.7549344109239,1284.7598748419146,1367.8998258234553,1284.9822773864291,1423.7702193612993,1399.4979374302986,1418.670228421024,1436.368948789145,1414.0546474407997,1375.2578271076277,1359.8583837709768,1380.5220473761322,1391.0749634022675,1378.5061382303873,1395.1100824772504,1450.400846903831
1260.7032514390917,1263.516934419613,1284.6108121427174,1291.9462340514028,1318.5451323768584,1277.0733806803873,1306.7443225403679,1319.6088587282934,1332.049895859163,1314.7804320028654,1410.7009846212718,1326.6073079045077,1332.3306421772206,1356.2516764914144,1314.8837576920923,1337.5041815111654,1295.8465413236931,1411.2479683989798,1357.454070837119,1366.5639902419273,1351.7070812016468,1362.9865933275373,1265.4197512980786,1373.7571004468061,1350.1288986942102,1285.7804849749978,1367.0155283260153,1288.023670678071,1423.0835483136868,1401.456376459804,1419.4726536813391,1432.1072105764626,1415.2807866587784,1374.7049339650112,1363.6289066701952,1381.2952326690333,1389.0114727653302,1378.765721851424,1397.2413685217366,1449.6927558916761
1260.483152378967,1264.2988087857375,1284.3144315611974,1292.2905615962277,1318.381191010508,1277.8200226003319,1307.4452068188764,1320.3333237324355,1333.0924250320886,1314.052716633222,1409.8721003270516,1325.9134084737595,1331.2234451685756,1358.8829966425376,1315.779064068789,1337.5999794205065,1296.614864621873,1410.9593720693558,1357.8238300727814,1369.0627863661969,1352.4115195654872,1361.3356153416905,1265.6723839217564,1374.9660347285437,1350.5463369329127,1286.6162610402932,1366.7460713487621,1286.6662712797906,1423.4554376734898,1399.8427101369605,1420.433645816211,1434.2125870552782,1414.7869435720024,1370.2712438292388,1360.8973613291732,1382.5316174127427,1388.0189094845807,1376.6764897845437,1396.5902726315717,1446.4120540473743
1260.3414692131641,1263.8993852632054,1283.9071933636549,1291.7770998262324,1317.775268573678,1276.8183850860469,1308.2039706626651,1319.0385633387848,1333.5982256790578,1314.5208089565704,1409.9377317801343,1324.278941740268,1331.4040942588194,1354.8741460702674,1315.726018536315,1339.0035279700323,1296.8667940833068,1410.677779478855,1356.1659308552476,1367.741559011962,1352.4690518463115,1361.5270318501548,1266.2622916502157,1374.5674230578418,1352.766948312947,1284.6269196580445,1366.1009132804377,1287.527204566559,1422.6830931609993,1401.1107830916292,1419.6957925584582,1432.326247685313,1416.2337635623321,1374.7935439143605,1359.3176855083075,1381.9922110560215,1388.7902717511279,1381.0580593295613,1398.8045032013667,1445.5753582159011
1260.6247935005492,1263.5149077275464,1284.3118727863946,1292.1498227886511,1317.80628995775,1278.3015811376922,1308.6230042046113,1319.3988532141707,1333.1381092458894,1314.162525452586,1409.5935820153913,1324.7337810315644,1331.7023872348302,1355.5198192943992,1315.3128942971707,1337.4846265414278,1296.119647866287,1410.6726910942778,1356.1978660541292,1369.108555519334,1351.320859993363,1362.1128600902457,1266.033514888663,1373.8611988275068,1350.422441073949,1284.7082318567088,1367.4845246097548,1287.4650448952548,1423.7273609430697,1400.653942906191,1418.1970264091992,1429.9666927482742,1415.2346649108908,1374.4480635681944,1360.0536319020864,1379.349309905163,1388.465939577095,1380.4831077842437,1396.0214528020053,1446.7640044853656
1260.5923867323538,1264.3045281666261,1284.4842004200264,1291.6503830722074,1317.1807295959763,1276.4880984223448,1306.4675010151902,1319.3867179591387,1332.6319413762687,1314.8757272568882,1410.7519966289183,1325.4652311773227,1332.084294208194,1356.2313600503599,1316.821647609978,1337.6870223768494,1296.0864274235835,1409.0917238431073,1355.367751846849,1368.0938441332962,1351.1444712890748,1362.0469542694152,1266.199013249695,1372.9359421927718,1352.3492399835925,1284.7967133874592,1365.5881944897824,1288.4111666106523,1421.6451148194603,1399.7712629078005,1418.345282912093,1434.8480604098513,1412.9994426605895,1376.875933750216,1360.1526901034679,1379.0834824189442,1389.4438069586324,1377.9184962871534,1394.8950187227586,1443.9912788215397
1260.6732107786254,1263.7488146698383,1284.3185313617298,1291.3170209841796,1319.001069882418,1276.4830100066258,1307.0627582850962,1320.316618376706,1332.517591889896,1315.544558130639,1410.3621850234058,1325.1431449470385,1333.7100368024087,1353.7855099945923,1314.0673970675803,1337.4538802196982,1296.2881487857874,1412.5870955212918,1355.3497061233866,1370.4522025076155,1351.7946557140326,1362.8984612313538,1266.4742454514248,1372.659129403251,1352.4130918729327,1284.5402291412804,1368.1417537847176,1287.8117115140622,1424.8434994467846,1402.0334887597774,1420.2041906856605,1431.1831371766816,1418.2977766960717,1378.56291406709,1360.7765697975692,1380.301716292402,1392.2040404911215,1381.017046431624,1395.8727413454826,1452.8209608878517
1260.0139249805768,1264.7123035100547,1283.7368615861412,1291.2694264534557,1318.525795314942,1276.5151679449043,1306.4346079067209,1319.5838637993381,1332.35604987742,1315.5823820428448,1410.4111255008604,1324.2507335965151,1332.2978322611125,1356.3705617992284,1314.0273427879265,1338.2043579567223,1296.632604797314,1412.5962188657966,1355.4511129838945,1370.1586445904238,1351.676189344772,1362.2134436391343,1267.0834217102806,1373.0251678274146,1350.9555497378976,1285.2914303242821,1366.632765275795,1288.9452131448486,1423.7440106976326,1402.0267748360338,1418.3630424894739,1431.2903897734718,1414.7253093718105,1373.1809980908145,1359.3924088301333,1378.3932622673601,1389.835786122842,1380.7294439330751,1394.0248687865958,1450.824000224028
1260.5761908711122,1264.7485174328335,1284.613654830377,1291.842377434422,1318.1969598448447,1276.3327845651472,1306.902450404974,1317.8038430845859,1332.5351910432903,1313.2957545651918,1408.0170126615633,1324.5945685434738,1332.4833741061898,1353.3357810997136,1313.9847638182894,1336.0264751505815,1294.12612247664,1409.8607763518237,1353.4956490735135,1370.662541340042,1348.8624834412506,1359.2558986603929,1265.5725747028632,1370.307520079888,1351.0813542828294,1282.471272145017,1366.843747579031,1285.1855717983524,1422.7290746265994,1400.3877541791885,1416.434829870081,1426.8541894296757,1408.6411730295993,1369.5951302832666,1358.315873036255,1377.5651535882469,1391.586346382149,1377.7323962319654,1395.4831588460315,1452.2573976349295
1260.6774104964218,1264.0274617728637,1285.1080497807309,1291.862188872372,1319.1881432497685,1277.7991845160857,1307.3758988797547,1318.8002104502184,1333.788816859553,1315.1978564319486,1411.0288855062936,1324.7989559571574,1334.180536256019,1356.3451533377822,1315.2419563710307,1337.5642772740455,1296.2533438520738,1413.3646115557544,1357.240219617192,1371.8521557490435,1351.3732671620517,1362.871486610674,1266.328376997045,1375.6156522380395,1351.4084982296356,1284.7626837171244,1368.8286833374425,1286.9950474647785,1426.6494252158077,1400.5591536135805,1421.9282351878333,1430.6789210799914,1415.3544308464452,1371.4709895291153,1359.6127765032493,1379.9947473220248,1391.6649240662337,1378.9371049533518,1397.32387255996,1453.0409199912451
1260.679962161684,1264.1440250395854,1285.1256691951662,1290.3876615107981,1317.757008205169,1277.6711267296027,1307.411057003411,1319.8078211275497,1335.478372227179,1314.978664397364,1409.1844585908555,1324.1365741970085,1332.7834104472981,1354.5928553428841,1313.1641091012234,1337.7109304957892,1295.4430549399842,1409.3518217956946,1356.3996967243665,1375.8403459240915,1350.3126914429688,1361.7554663318383,1265.811653661413,1371.0752781232534,1350.377378026414,1284.667635974155,1366.0942132480743,1288.3888504605245,1421.5199101827832,1399.1355660699783,1418.1523610794713,1433.8047134990807,1411.439388926086,1371.3734224510101,1357.3687706914325,1379.6593285536171,1389.1879797390932,1378.478637776128,1394.0742525661656,1447.5816584060024
1260.5179395329126,1265.2642975721958,1284.7037475614318,1291.8714872243547,1318.2588593527269,1277.3719752900533,1308.3145103898291,1319.7168937060937,1333.3797294309963,1315.071632388258,1410.589106333677,1324.7225774866154,1333.0842962745855,1357.2265887123224,1315.3182158566349,1337.407046037491,1296.4423172427926,1410.8998943658423,1355.977767777888,1372.3540735814283,1351.5281308910446,1362.4732041136133,1265.3070800047462,1373.647331735906,1352.1454837140807,1285.5401560010057,1366.873906618376,1287.581952338759,1422.8426294176518,1400.7001005072484,1420.3655912319673,1434.6832563338696,1416.1643603197556,1371.7895703231147,1360.1703526495455,1379.61238698855,1390.1924955973966,1380.8968940053346,1393.8714700229027,1447.7599483049114
1260.7439245538305,1263.4400112712683,1285.4562314600525,1291.3497007630526,1317.872655458739,1278.61077285826,1306.3246644937483,1320.3239058292631,1333.3159733027564,1315.9621567387508,1409.9209940304236,1325.0319126298334,1332.0755533565177,1355.8534143803665,1315.0513228086236,1337.3784192593662,1295.3582878585014,1409.6092375836326,1356.2608571675805,1371.4322633572299,1351.0195102018197,1362.3336433002996,1265.8696187892451,1372.9995750422308,1351.7542830415684,1284.0305644417451,1366.2279234543942,1286.279604183811,1421.15404213138,1399.8258514568652,1418.6607989477693,1435.4458718033902,1414.4796802434262,1372.521598233619,1360.0543205206004,1378.8374449250625,1388.6212145387135,1376.5686196114589,1396.3755673064238,1449.1524143353784
1260.9592472815891,1263.34799431618,1284.684171324271,1291.8291230659638,1318.1971920043936,1277.1393885468106,1308.1738660661256,1320.053966537222,1334.935814581695,1316.1524000209831,1412.2423609121474,1325.3276587127539,1333.0092393218458,1357.0950465210528,1314.7711700791253,1337.1725881902544,1295.67895446988,1411.5511396953798,1356.3351408278154,1373.1103734325332,1352.615581785268,1363.7044140665128,1265.8064123233528,1374.998241216468,1353.036991166426,1285.7186488951122,1368.1779273989366,1286.4774039617078,1424.0694868953856,1399.3135094757267,1421.8290662325007,1441.6531223716038,1414.8827325921009,1377.1548476428584,1360.4847558969116,1381.5695564207228,1387.9238361803068,1379.087890107058,1398.4658589790308,1448.5946093915613
1260.391794905548,1264.322110199723,1283.7250220371754,1291.495850178534,1318.0628928626165,1277.627320440804,1306.1505734374723,1319.6236355457133,1334.6126526966918,1314.7221051074039,1410.6409491751574,1324.9034679449235,1331.793885178974,1356.0892706785596,1315.233556374997,1338.2338130056335,1296.1859101456391,1410.2501275840914,1356.9090307763313,1370.1627072995366,1352.252749994309,1362.3880312568685,1265.2690658826357,1374.005555273135,1351.072220492045,1284.2835357058784,1366.1004859479121,1287.1497099830094,1422.440606622345,1400.1816632466623,1420.3390614355585,1434.442910981864,1415.5623338073515,1372.60636651521,1358.4483441611758,1381.310641600932,1387.6614462688387,1377.6817495716937,1397.1603229105297,1445.2257266663628
1260.9469426666221,1263.5069233404581,1284.6402462866813,1291.0764884086036,1319.2594769767386,1276.7036967570775,1307.0775680835525,1320.2097997840751,1334.5997445141188,1314.7417320936736,1411.3362919782114,1324.767444414439,1333.261395726586,1356.4602356814119,1315.434991573148,1337.1561032149598,1297.710698601559,1413.6042453077114,1357.0316839115862,1372.1832975792152,1351.8721839677676,1364.1978813982857,1266.4111367995235,1374.2112869124073,1353.6426069328566,1285.5397398856826,1368.792709384252,1288.4616105661066,1427.4371282028899,1401.8243482752036,1422.365324874468,1435.159328598871,1420.0061416331944,1374.989161612914,1361.7564795115593,1382.2399558932711,1391.3340126272078,1379.5206420863199,1398.170734106986,1455.7028716545126
1260.7542986894273,1263.7549432736243,1284.425484654435,1292.6798545895224,1320.4363319340084,1276.526056561125,1307.563555618663,1319.3588482478372,1334.807569893233,1314.7206624960374,1411.8143819449008,1324.8474983148153,1333.7213017127276,1354.3696201915764,1314.9304535344904,1338.8364489822202,1296.7850021308984,1413.3268942880848,1357.3696534116705,1374.445381027631,1351.458204886244,1362.6182141781808,1266.545025772492,1373.2125023690257,1353.9844870120573,1285.263955163863,1369.465920606175,1286.8760407315774,1427.6386020099942,1403.0394814596555,1422.4245970323807,1432.4646973122071,1419.3384285186357,1373.1725127633513,1359.5929158809906,1379.7690981116536,1392.141453287039,1381.8856572286868,1401.037630353898,1456.0875647022888
1260.5770789531177,1263.303703360671,1283.980183399254,1291.8394399916322,1319.1387846681494,1276.5142477854404,1308.0447006072172,1319.5089757338023,1333.342487960518,1316.1163295433505,1411.8361226387055,1324.2598878341935,1332.8989397952462,1359.932041037103,1315.8552883931718,1338.3887281085058,1295.5440763900338,1413.550447132423,1358.3999652890454,1369.3550762944606,1353.2997941636352,1362.5336806495327,1265.9604145415176,1374.0965850977211,1353.7958102263524,1285.960488551755,1370.2102236719336,1288.1136036650425,1428.620849336691,1400.0797197213303,1427.575014503334,1434.2998281781272,1422.06198874608,1372.133325059916,1364.4952487554997,1383.1902673079376,1392.0037759847137,1378.9427052403998,1400.90123855256,1452.971660707484
1261.155728660057,1264.2868510744559,1285.0128770171584,1291.8536541670173,1317.940403045544,1277.1003325142497,1307.128329226857,1320.3387324999253,1333.5937614091138,1315.6421873887618,1410.0905864065064,1324.52619883444,1332.1269011936797,1355.5083204380308,1314.64890424185,1337.2400870776862,1297.1063495266258,1411.6467160596062,1355.8261039754555,1371.9745307497358,1352.428376766357,1361.2127174903292,1265.6656145719137,1373.1824809712334,1351.6814737618831,1284.8143783612672,1367.8638377425964,1287.9964782538693,1424.7530073392593,1399.860419123076,1420.5863227785155,1431.6693153910003,1415.089777955711,1373.0169647066953,1358.7181986893681,1379.7640109115534,1389.74858088408,1378.7479430046665,1397.1559848175618,1447.541434497543
1260.479795401699,1263.9578022547673,1283.6640893988283,1291.4595012736022,1316.245536141532,1278.151766963133,1307.0186070218085,1320.0749524438713,1333.5349977350104,1313.709630459206,1406.807338011275,1324.160346653461,1329.7820460754856,1353.7760169659673,1314.6316404644128,1337.0581043752375,1295.010293539912,1409.3558957494722,1354.6027879877101,1368.470371732479,1351.711557867141,1360.484104074403,1265.697645718765,1371.7625905493742,1349.450879280336,1284.2702632783817,1366.4017177753885,1284.9736521869302,1421.5979495905392,1399.068032309175,1419.1364085263078,1428.1166870331303,1414.291788079549,1372.7476733532878,1360.7490931140755,1378.3747136957732,1384.2342200869352,1377.6326686420323,1395.533803486502,1439.8187171193738
1260.1889881014597,1263.8717781107748,1284.906576857563,1292.2011032981152,1319.3963101629486,1276.9907927585919,1307.78089566222,1320.5845332501735,1333.8197720535743,1314.827888506844,1412.8694205797622,1324.5525867754247,1334.2449928982205,1356.7100776592047,1315.8796259348608,1337.886372677597,1296.4698808332626,1416.3038778610378,1359.2411419849955,1373.6101349910507,1354.0807931739816,1365.4989959566572,1265.8386443617012,1375.0324966837882,1354.0287690527982,1285.106852037203,1370.7534859396076,1286.0057848235979,1429.122187227712,1402.636300511304,1429.1536046030722,1439.849528150968,1422.9006968204785,1372.9969882921625,1361.6946955556487,1383.719128622059,1395.381028572781,1379.812820496945,1404.1319159051798,1455.1953913936513
1260.8145624707442,1264.0191020210511,1283.9308442293177,1292.4033521917984,1317.4683232639204,1277.0344710783147,1307.1071836140427,1319.9572599008543,1333.7900450809525,1312.8893899343516,1409.4019557800204,1323.8707085152098,1331.0820663192849,1354.2771210509732,1315.3407288321805,1337.230931765297,1296.471197949378,1410.0929880888762,1354.6548574476044,1368.3993658054105,1350.7866404021195,1360.8180248109197,1265.7513290279583,1371.2067177049385,1348.3036863070695,1285.0694712991447,1365.4616401031988,1285.5673089034333,1420.1581042111177,1399.4224975355344,1417.5660695590454,1434.2337270033765,1412.5029015466432,1374.081909901288,1360.0029337463175,1379.4328716157383,1385.724696583448,1376.0896914742361,1393.8811594127978,1442.0462426296658
1260.3380897157974,1264.109489787004,1284.1806005644034,1291.6099378676413,1317.9214177463,1277.1047465943445,1307.3270440607457,1320.1455996948469,1333.0100664002737,1314.082626198049,1410.1784306428797,1325.7879470974035,1332.1811566946994,1355.0719119465323,1315.4096510403026,1338.1941979108888,1296.5294145140097,1409.9826176963518,1356.1950173202083,1371.828974018693,1351.521697096891,1362.5221826036225,1266.4296940801303,1373.6884147483368,1351.6620615974825,1284.8424016504293,1366.4639573647464,1286.6270656973206,1423.8527017546485,1399.9585962074625,1418.8755841084742,1431.836495154737,1412.9883241645855,1372.9003817993982,1361.2881253121063,1378.572829472406,1389.8510229802048,1376.6909194423338,1396.3523413760786,1447.3466490211515
1260.7680029415455,1264.1905816222522,1283.5627698625478,1291.9524449110647,1317.7713204483377,1277.296561360565,1308.428285869481,1319.6541623397077,1333.0786533124665,1313.4681719583834,1410.0470302029496,1324.8849238195583,1332.0636789313555,1354.6110898816185,1315.3711298312037,1337.6572354726145,1296.9988471398626,1410.9509878893941,1356.6015003288928,1371.9644145885327,1351.9259351711466,1362.3789352792294,1265.9613308824976,1374.8453018426133,1350.045100849736,1285.657025907171,1367.2636099167132,1285.9783362024696,1424.4559246085782,1400.64914308882,1419.23093442261,1434.6052080370694,1413.2310793623792,1372.9157859924958,1361.3549645139467,1380.9107140561819,1391.104582077129,1378.721393276831,1395.9534135452993,1449.7040084243094
1261.0109273305577,1263.8201870935627,1284.3128514196337,1291.5014024438315,1317.7673842506176,1276.6978269971735,1306.3805303860051,1319.3886627505788,1333.3531431117888,1312.9393229510445,1408.0570220390484,1324.0878457880365,1331.9082894606631,1354.2358678615853,1315.004667582076,1336.9495940401748,1295.591383078503,1409.6285016306344,1355.9785555929143,1369.567339244354,1351.3246011932713,1362.6337882074274,1265.672094415386,1372.2861143834402,1350.4304072453676,1284.7322041720035,1365.8055589434543,1286.3672239568657,1422.4866720689474,1398.8864761825737,1420.1050380001113,1434.4365229708133,1412.507078954944,1372.7182788251512,1358.5171782849052,1379.1147662487124,1388.505005863596,1377.205587091648,1396.7570513514495,1443.3082418272556
1260.438371811874,1263.8256606651566,1284.7254017524135,1291.3808075495688,1318.5804664826871,1277.1561554070047,1307.1663570205953,1319.5400487596246,1332.708076677932,1314.8284958936385,1408.4975512926003,1323.3972821759146,1332.6180612744502,1356.3874822155415,1313.0144201217486,1337.3093936207847,1295.6357977614864,1410.7477026619993,1356.0795416570752,1369.645216560248,1351.1267300637214,1361.378740395225,1265.1797665241806,1373.8782740795484,1350.636268786355,1284.4987235438962,1367.1983950654676,1286.2231881157668,1422.1638161872752,1401.01224242906,1419.0139524535432,1432.8433726067092,1414.7685233798718,1374.482382290605,1357.5216163606276,1379.7846196275714,1390.3539282834515,1375.7792480683368,1392.9355761000093,1449.791290634471
1261.0237237790905,1264.68838587825,1284.6374949942212,1291.483253690073,1318.798165553433,1278.0981927986652,1307.9942469845387,1320.544148678489,1333.3634908871732,1313.8571593080437,1408.460528733572,1323.9530942491629,1331.5448218437261,1355.9144682929973,1313.5202297573667,1337.4976219171074,1295.698619827234,1412.4524438043006,1354.8587078448297,1370.491890483939,1352.7643623457998,1363.164844379245,1265.3066114533356,1374.5471021505546,1350.4350784998785,1285.3493664687262,1366.8604175298424,1287.221902808198,1423.239614457831,1400.2606292024348,1421.7169360578241,1437.1729595564002,1416.1845889858328,1370.234696245701,1358.841425039852,1381.6841445208677,1387.7246443425963,1376.8164027727303,1393.7050696225378,1451.488078057747
1259.8957937372352,1264.357890074688,1284.5606379375529,1291.5204832047868,1318.7237744160868,1277.565085125498,1307.062516636063,1319.579884511159,1332.6621868431291,1316.9918435054171,1410.5337583745807,1324.7946996097717,1332.5135279322926,1354.2802338768508,1314.0884444647768,1338.2038880338878,1296.1340552293684,1411.4338512573381,1355.7921942547985,1369.022564790286,1351.9562993193201,1362.813183339144,1266.697535516096,1374.389534887875,1352.8557323589807,1284.543481501968,1366.906957871734,1286.660807230386,1423.4200104031765,1400.7425545230742,1420.943911336181,1435.42616403898,1413.8046195023712,1375.336899687444,1358.6548212220284,1380.2685386808532,1391.6697296171785,1379.1716503261528,1395.8247765775018,1449.5821506144841
1260.6669067399594,1263.6671477163366,1283.6617385942793,1292.1531533262098,1318.0045850542085,1277.6794101709077,1307.0063651574499,1319.7704392876938,1332.0192940419472,1316.1693773915051,1410.1245858382567,1324.7456310243697,1331.3725450099346,1355.454654335844,1316.1519855735164,1336.8967293640476,1295.2098031644443,1411.2325971844932,1356.2201897868295,1368.0538405023035,1352.352480253144,1362.9030307373494,1266.320650290161,1375.4872230560388,1349.0989696007487,1284.4103101186947,1367.9161172765268,1285.7630843247587,1424.0667399310091,1402.5271957776893,1422.1493247212677,1434.927205480803,1415.4893797800726,1371.066574712243,1361.8743111227407,1382.5900164114717,1387.9066572488657,1378.3395731201915,1395.8340640260494,1447.7494537781756
1260.9190011026346,1263.689458326348,1283.9301269787895,1291.1485521831853,1319.312435874167,1277.0066039216288,1306.0008971203051,1319.9334278208366,1333.302455940832,1314.2137949715186,1410.3102854206643,1323.8497369567203,1331.4323134605777,1356.9189224095455,1314.6872047658542,1337.6690124658853,1295.3841624283302,1413.2248026426314,1355.8645469983232,1372.4154395149887,1353.3167713585415,1361.635983119526,1265.7889672009856,1374.357014874543,1350.5782373472955,1284.043788142108,1368.6396946915659,1285.8063878188905,1425.2569407661274,1400.3745249833037,1422.634278894042,1434.0411372246676,1418.124554098446,1369.4288401742026,1360.1620810836441,1380.6256225546047,1389.6407322431596,1379.9729083315592,1397.2040214876542,1449.0132874070018
1260.3331714156236,1263.1029391612735,1283.9401386464203,1289.7824766591195,1316.9497709323948,1276.275744406253,1306.2213233666337,1319.9337219190543,1333.4688833431733,1315.1647954419018,1408.9159591370067,1323.6102693953824,1332.842894143324,1356.3595650083844,1315.2068119152755,1338.2660674248027,1295.6837559676494,1410.025243771859,1356.5104262253851,1369.9750084691862,1350.7474671081284,1361.5144030164222,1266.0019437706653,1373.028956005518,1349.9555873784252,1284.682476008108,1366.228171873972,1284.9124613904687,1422.5922035596473,1399.3319758095865,1418.3240333714698,1433.283676781585,1415.6944754669619,1372.5349103757114,1359.6175482695305,1379.4716965453088,1389.8469497973376,1378.7111311917165,1396.7012793151287,1445.774329431551
1260.7857675594366,1263.3780508587138,1283.9269625068416,1291.2586673322608,1319.037455667568,1276.6609681920716,1307.8120553178621,1319.7170717528002,1333.5498856309619,1314.9688325114407,1411.4001279141626,1324.4024042327371,1333.0051384352673,1356.9371662942299,1315.5788545131502,1338.1225897860018,1297.1713331345275,1413.022880549545,1356.8685768774792,1370.9211696402685,1352.4232959078952,1362.5812216255529,1266.1607887873367,1374.4122138469784,1350.398382875607,1285.3670617724301,1368.2985201244016,1285.9540274322783,1426.2986807149891,1400.630815998527,1420.5313722181297,1433.9499148952743,1417.55058201769,1370.814172248777,1360.927599370171,1381.3227925204617,1390.586794686174,1379.982030602221,1398.9090918340476,1454.4579718252828
1260.7639780175975,1264.3734361218064,1284.5248591904997,1290.7305496162858,1318.8512971926355,1277.1377900558552,1307.1711395271525,1319.5084882869155,1333.399316317372,1313.5239248590672,1408.8104545746585,1324.7732251438356,1331.603901115097,1354.7556254816704,1314.829588642881,1335.4149438386603,1295.1877860250615,1410.0686398121554,1355.005175277954,1371.6568451258277,1350.3751119770416,1360.602008992912,1265.4138028431073,1371.3717784491396,1349.5978942735533,1283.5937501590374,1365.8120972991237,1285.3175288004095,1421.312531364814,1399.2017084047861,1420.0109886693233,1432.270313760501,1411.8802293620508,1370.7226515700436,1358.7073333948429,1380.1262822879505,1388.1738845134541,1375.032892204243,1393.0539038870543,1447.045366690189
1261.283095271448,1264.98480241695,1283.8603732549157,1290.6844780372614,1318.0399646629617,1277.175346546494,1307.7127649743875,1320.9282497379245,1334.626166446168,1314.748924771566,1411.1290939962707,1323.576603130016,1332.8609854587148,1358.2668724449363,1314.9350532558394,1337.6290532506944,1296.990059176981,1413.0312893146906,1357.2901374327378,1372.2195010406638,1352.8797261880966,1362.7677168879968,1265.613613397513,1374.5263197864833,1352.1403055318801,1284.7380567445703,1369.181824042836,1287.071242710065,1425.6246193767727,1400.5805142776765,1423.0332882425212,1435.5724269007944,1420.092459702068,1372.5548212172178,1360.1246271648363,1382.5291866180726,1388.5783929967251,1380.0487088793416,1401.0702106227734,1451.8992879869852
1261.2280494203358,1263.4059943791503,1284.51040934994,1290.3815611539972,1317.4175318922146,1277.8890062930504,1307.6085123860828,1319.7797289638827,1332.9353858719214,1314.3252210534476,1408.934457537741,1324.1958869469634,1330.6568175764805,1354.8728715312177,1314.7808575005286,1338.777542308663,1295.2446089642663,1410.9726610903351,1355.51496590029,1369.2330048937552,1351.4587787225378,1360.9858900311117,1266.1332601837632,1373.9659644054725,1348.7619710498998,1285.6616821650628,1367.6966696206478,1286.7198414772715,1423.6664963587325,1400.9872280093416,1421.280078761235,1433.2735692957103,1416.0650240648743,1369.0619941006657,1361.0887309979369,1381.5884829132278,1387.4056552337627,1378.8173485106445,1393.4084483208253,1446.836200357068
1260.7166286413808,1263.8671367129853,1283.7027357082368,1291.0690484809622,1319.051422879987,1277.4271101589609,1307.2430238508996,1319.4578626292243,1333.4349444029442,1315.3923181302266,1410.9323177289232,1324.7879289568416,1334.0350170389643,1356.2439892890825,1315.7667395885373,1337.62967847545,1296.0181181751896,1413.4022843068208,1357.3905319556386,1369.9397620534573,1352.490848995979,1362.3125651948117,1266.9170054007227,1373.0212476179097,1352.292715194721,1284.4697679141427,1369.2596373186714,1286.6242815505714,1426.8558493736693,1401.1635902216126,1422.1005597796282,1428.7664284887883,1414.550477564089,1370.3456887716752,1363.4011139013598,1381.6866135335506,1391.2581666497174,1382.4707760095441,1401.1689014469764,1452.3423906953324
1260.5038748075388,1263.834708270835,1283.645991143275,1291.5345027107617,1318.8233196878098,1277.2751828834998,1307.2765770260005,1319.7254639751031,1332.691910378141,1313.574507543421,1410.7856591317684,1325.6956403057789,1333.1921098770215,1355.5161791363862,1315.5831002470513,1336.9515755306336,1295.6851000439822,1410.7144953317725,1357.6909016573145,1370.849002623321,1350.7047239549865,1363.8808872105685,1265.2192941402996,1373.7993588969318,1352.9233981651646,1284.2492442247935,1366.8479570686566,1286.7781407658558,1425.45461542831,1402.3735197413382,1419.3413422898889,1435.1606320181884,1409.908200497509,1373.1026173440255,1361.1803979253689,1378.4305455997694,1393.2858316325605,1378.2223087461061,1397.3655789961988,1450.9450038268649
1261.1905865286162,1264.0565791840422,1283.759060574211,1291.5099352536583,1317.8732261927776,1277.5651207491387,1307.4980073549482,1320.0478776221803,1331.9031562726252,1313.8255453473873,1409.400500918633,1323.0892159487619,1332.2635465030032,1354.7783406471283,1313.9228558368045,1337.392827593549,1295.8908958353866,1410.7802392976466,1355.3253437026913,1368.8673276138327,1351.0244481373197,1363.1221427070716,1266.1120560231757,1373.0507057345287,1350.394122042221,1283.628278719189,1367.5710957015867,1287.0239824643525,1424.4977602831982,1401.5317856936222,1421.3161592080812,1431.4431434963199,1417.0563105481358,1369.97336753778,1359.5040507816354,1378.6287366022805,1389.3898181414174,1380.7024336447937,1393.4416664400308,1450.9807336982676
1259.9701032361118,1263.8704123519472,1284.2746400277167,1291.7357104344062,1318.4946077623326,1277.6691638262075,1308.163421935202,1319.6344029515362,1333.9766199424487,1314.7371064963597,1410.6101880611413,1325.17606205444,1333.4065574217295,1356.4985627285375,1314.2328175469595,1338.5393260700641,1295.9029880981518,1411.5672866752188,1355.3281609272387,1373.591765598841,1352.4533737273255,1364.3432603228482,1265.691244407452,1375.6420622065534,1352.1043682048642,1284.9626543694515,1367.1979586595937,1287.8388072606429,1423.3712528194637,1401.6829582971147,1419.2065142114557,1438.3451576217778,1414.4896306607407,1372.911879211006,1358.0431626114578,1379.5099710773393,1390.8939685886203,1379.6390224241202,1393.831726471937,1453.1136508930988
1261.2650688126325,1264.141021158433,1283.6876439092118,1291.592571409744,1318.8405565129935,1277.7170054891544,1306.878606192936,1319.138416768885,1332.874787139927,1315.2174269189702,1410.3697042183385,1324.3565269108035,1332.5198050526342,1355.9921121853934,1314.2843504021062,1337.6778202759763,1295.5465178086747,1410.8653121218124,1356.2980204364846,1370.6921191899942,1351.646975906351,1363.2078037897215,1265.9929645802292,1374.1167605864969,1350.9654888416055,1284.874443599009,1365.6463196702834,1285.7724129391195,1422.3617269001656,1399.524472405583,1419.0710019897447,1435.4427890597021,1413.0611207678037,1371.4524191015503,1359.3665404085264,1379.6094388337613,1390.1747928714015,1377.7141118784377,1393.6165396644296,1450.7043730108123
1260.368902086892,1264.1899440115342,1284.739415569817,1291.2854900222042,1319.2917778275576,1277.6489285508246,1306.7429821803369,1319.9106476933594,1332.422870899594,1315.9398636800831,1411.1807988604255,1324.335542410114,1332.9526518501448,1356.3336575161145,1314.091484047519,1337.8734111628398,1296.3095631093358,1414.2315384919996,1356.6877470287561,1371.533222758481,1352.0272817554498,1363.3283970353257,1265.8605569974206,1373.728626251924,1351.5589040801028,1285.8963974595679,1369.83159575524,1287.0905115796797,1426.0078613737935,1401.1247313164563,1423.3147318244053,1436.4797084921697,1418.1123729582287,1371.5239589260805,1359.6770267845052,1381.3930299883853,1392.509886507065,1379.7595521975834,1397.4046459953117,1454.7928792246269
1260.8197451944586,1263.921158369905,1284.384722487915,1290.7979460361062,1317.564428788287,1276.265334662621,1308.583389934022,1320.0504172131034,1334.2160363232886,1316.692849564408,1408.9509328376987,1324.07704656287,1331.6762017865917,1355.0845081490597,1314.2941418870862,1338.0394800983718,1295.8955495052417,1411.2078047173018,1354.9147312902396,1373.4280031090143,1351.1981751363955,1361.308223068195,1267.189808093669,1371.6658137996228,1350.9088293804564,1285.4333068464036,1366.3437747962134,1285.6099720108032,1421.8876657589235,1400.7324098401473,1420.9450445247637,1437.8656351495622,1412.9511843895941,1368.7526571532062,1359.943484746342,1378.3243549356541,1387.8386785902064,1377.0308073477065,1393.7202170922621,1449.3410775888003
1260.8715093975466,1263.6989111550668,1284.9652282752097,1291.3900259247673,1317.6797124596574,1277.4557743563641,1307.0725337020574,1320.823543494337,1332.3517024325954,1314.8016256626381,1408.942952157885,1324.4801704305403,1331.5898268613134,1356.3069580172248,1315.8600036825817,1337.0256259515745,1295.2187978569991,1410.798892725392,1355.960405479453,1369.8910859940647,1351.4895707238607,1361.023021310008,1265.249929574513,1372.5155660637893,1349.4405989700083,1283.8963673632827,1366.1242475866864,1285.9363011344951,1423.068933619118,1399.0034173090085,1418.3888383013064,1435.1680066947908,1415.0363748638497,1368.9121246381842,1358.5845987472662,1379.8236269011065,1388.391931346977,1375.6851719143758,1396.6405640771634,1445.921698110852
1261.0720887719142,1264.0440449999694,1284.8299268656813,1291.8013894245366,1318.1120051727858,1277.1006285744938,1307.042919671975,1319.0009364015896,1333.1161133569622,1315.5608664155247,1409.4565039916931,1325.7041246117383,1332.999248239773,1356.1221665164505,1314.6082374277864,1337.8608130325385,1296.6397773519677,1413.0606167375659,1357.2987574398892,1371.8447526617242,1352.9021959199185,1364.976960946297,1266.0902882650728,1374.4502034512104,1352.580718591727,1284.9659545600712,1367.9839929757445,1287.8730942932516,1425.5174990792927,1401.688375166409,1424.1833005267856,1441.6295691377954,1417.4542854636063,1372.335544483833,1358.9105491340201,1382.6014318901612,1389.3554889300783,1378.4509456579808,1398.4458326594547,1448.7679867833087
1260.603914999111,1263.6285218670828,1283.7559404497358,1291.0964940361202,1318.7093322033843,1277.6003105396924,1307.4121726333676,1319.2055814061312,1333.066556640301,1316.5681484953302,1410.4745286599293,1324.607502724913,1332.972579256896,1356.9226324254073,1314.1159705752457,1337.7111898782948,1296.5051521969153,1412.2773168400015,1356.8012874742128,1374.1886503796777,1353.3830385489737,1362.463660480786,1266.6202710753992,1374.4401422837489,1351.8751203450413,1286.1488608861255,1369.1837372189527,1285.7883865589097,1425.5967348004012,1401.655209619866,1422.4283649084805,1434.1589818173409,1416.4351557968455,1373.8230825136939,1363.0845987138493,1380.0967700141432,1390.9883947733135,1377.610248998051,1398.0126426439815,1449.4298960096432
1260.672365000876,1264.1270746957837,1284.3095899256004,1292.3370711324403,1319.2091544843815,1277.1407022932178,1307.3339497664274,1318.5643422098676,1334.1522809219614,1315.0381730240706,1412.79385858092,1325.3633688861087,1333.265897787078,1358.730642708115,1314.160774035412,1338.0529329490105,1295.6413318778593,1412.2792369083177,1357.329252080058,1370.4335753719201,1353.2244183829066,1364.258022759397,1266.5459573757287,1374.9490052182707,1353.736723634634,1285.138945555067,1368.1827867103814,1285.5542717769547,1426.0749305560382,1401.6977104334158,1423.5206432374675,1433.9864770818017,1418.585200267189,1377.5306385289796,1360.4271472995804,1380.6919591041978,1392.6483798799277,1379.0695347166743,1399.11025227223,1451.5229495827691
1260.6527779005048,1264.6172381385404,1286.5183365394223,1292.8710654436588,1318.75547745692,1279.597814931437,1307.3073279960847,1319.546958552542,1334.274314567887,1315.7987771508785,1412.8481267355296,1324.9649543094195,1334.4411116378049,1357.2672693905415,1315.2089401014464,1337.6755992838073,1295.9528271304341,1412.5677879418063,1358.4483690220802,1372.086423991815,1353.6266951471232,1363.6886001151538,1266.4838410978675,1375.6568563567319,1354.3382969287413,1286.307019904944,1369.519257563665,1289.2498208990903,1426.6790814010892,1400.575655740464,1422.4734435494904,1433.1370675149105,1418.0109160260736,1374.356676729888,1364.0623160447446,1382.2231451379998,1392.9265625037128,1378.9952631865174,1404.8466993154755,1450.8452167518278
1260.4613363734477,1263.5648261351687,1284.3455788963279,1290.8877676960258,1319.9106514250054,1276.7439499097895,1308.9697070546374,1319.0543395207835,1332.241341086147,1314.5556596956524,1411.1461860418901,1325.4761452704647,1332.9413738058424,1355.724906368099,1313.8258329355167,1336.850119466341,1296.1715906723741,1412.3967315164728,1357.2049263797194,1367.3739638799605,1351.2649471281732,1361.8339439775878,1266.9835339441674,1374.3044326653794,1351.5591374249489,1283.9760659512415,1367.7668371617544,1286.870503928337,1425.1423641253016,1402.1376600099577,1420.3381153750438,1429.0745922425078,1413.2224138782944,1374.9351421061763,1362.4201330989104,1379.0472463705912,1390.4320008720738,1378.2727742486748,1395.4220566326076,1451.210277528858
1260.3007940033353,1264.7623100753233,1284.2538781202027,1291.1923158528136,1318.44698948873,1277.7795748072297,1307.4329983210284,1320.5170569208046,1332.6267620128701,1314.1268446364302,1408.9778871716412,1325.3021038909576,1331.5289221926569,1353.1861475204853,1313.836726611075,1337.4555085058914,1295.5201163355,1410.2085655631734,1353.441139860855,1369.8843887264761,1350.9644636159064,1361.624304261735,1265.3756533324506,1370.5644168737417,1351.464367733199,1284.5314505518759,1365.4920702808586,1286.6101184424908,1421.5452450093244,1400.197642003168,1417.7462274506402,1429.6973780198496,1411.0045655098606,1377.2193851195696,1358.311073798148,1376.976622605445,1389.3994781586348,1378.6040201367007,1391.3844536932802,1444.7828730753697
1260.273854949954,1264.0658271389411,1284.2178082749385,1291.3160300443897,1318.3186705408132,1277.7001833229767,1307.4274675828574,1319.3663751163397,1332.4095198947275,1313.2444448736362,1410.028121481985,1324.7074506734632,1333.2316649069069,1354.0850552624038,1314.1252640960329,1338.4359012578798,1296.0076366626479,1409.3935698751486,1354.9126197401943,1371.1859370010288,1350.2316219464187,1362.865759197922,1266.3912247610929,1372.3453318034321,1352.0338320001256,1284.4655339569777,1367.7340534616783,1285.617856621412,1423.64897416226,1401.7055585956675,1416.729532283072,1431.0310892241112,1412.3237078725845,1371.5944640499295,1361.020758447105,1378.2791278411191,1392.5326353208575,1380.0262222416159,1395.169039141733,1453.1940727547812
1260.5052202862921,1263.971219041641,1283.931383873171,1290.931746617933,1317.8926239317086,1276.0249156707032,1306.0884989071058,1320.0011468895093,1333.0406560803797,1313.2969704316213,1408.3533690208462,1324.4356537778583,1331.8275604799135,1353.664037731845,1314.027071281029,1337.659175485551,1296.747938905309,1409.2809252922993,1354.2502241051368,1372.539244639085,1350.5952155065293,1361.8991272823844,1265.7758902697983,1372.982510438787,1349.4373962040315,1284.2779072520118,1365.5166335537085,1287.2827539434409,1421.2672468180704,1400.0062001869958,1417.682460379723,1432.0516429544007,1411.4929938141809,1367.9353360875355,1361.0380787040774,1377.291198938887,1388.6054292005983,1379.290972772313,1390.008072739769,1447.9894356147975
1261.2420381832312,1263.5026863328874,1284.1915733381006,1291.1532196962546,1317.6819667051013,1277.2459799648036,1307.1670229688802,1320.780791679815,1335.1022940152995,1313.469446678973,1410.0811201609565,1325.1245194876296,1332.1550439024768,1355.8864692294721,1316.1170633621923,1337.2006845831115,1296.7896624552945,1411.1963154445432,1356.76789934459,1372.7732891785977,1351.7315013810328,1363.1998779044516,1266.5145064415315,1372.0155000549116,1350.1553265764492,1285.9583114280474,1366.5185372384371,1287.8501049942363,1422.5004833530463,1400.029550424238,1421.145528905086,1435.6535333717868,1415.3617873423798,1370.1735391889297,1360.1420831621172,1379.9184090244073,1389.3044938005235,1378.6424732809235,1397.5262278465161,1447.8775938033718
1260.5786064342285,1264.0839067410693,1283.7626243921247,1291.8977171046747,1320.3550535029349,1278.0175569938774,1306.0375296362588,1320.4720828353952,1333.4265167969645,1315.013420142242,1411.9547224194669,1324.6145000860613,1334.9947480994085,1357.0442347818102,1314.1318646880281,1337.9733064264858,1296.2274780795112,1414.5848820552876,1357.046706129603,1371.5780725776212,1352.6420762222967,1364.0864976320959,1267.5672519354855,1375.4516653418175,1352.3080324877708,1284.2509445499318,1369.867964572102,1286.8196452750094,1428.4759230147558,1401.1813546098101,1425.1244312862814,1435.8536631779448,1416.6895752789687,1375.33529575018,1360.1858059696872,1382.61474578225,1394.5627773013116,1380.6344339799487,1398.8998749859406,1457.8118076577741
1260.3757034014213,1264.7637011798258,1284.4747482520845,1291.0855401026197,1319.3002584497783,1276.6862481223332,1306.8704192905248,1319.3490468505966,1333.6996971085719,1315.725764789392,1412.244583927336,1324.5161453542667,1333.0499964442208,1358.5200839446952,1315.3525814166794,1337.7774155811192,1296.2304906616366,1413.0713323917155,1357.3500803064574,1375.2794890511896,1353.0249060111332,1363.5032348069058,1265.9449165627507,1374.150814693289,1350.6516014171218,1284.6861709685234,1368.4227043959438,1287.7142285647838,1426.984129546218,1400.8149809136219,1421.3043095756993,1437.977974082209,1415.001037218519,1370.6711970355232,1361.8524919318322,1380.5053507612317,1393.9191847530487,1377.750725344564,1400.243012082275,1455.4958307859124
1259.833449408567,1263.6996382310097,1283.7705094737034,1291.281593394949,1318.3417735040362,1277.912636411671,1306.5945140564488,1318.0406228447641,1332.8141473496062,1315.1219351400223,1410.8354449381015,1324.7887792076776,1330.9835651937058,1355.943548684814,1315.4600901745318,1337.9017241569477,1295.5560548803546,1410.136591324096,1356.359960341535,1369.477587633989,1350.7421401845563,1362.5988472111037,1266.312237207985,1373.1629072403775,1349.8136022524716,1285.1451857432828,1367.6226315906526,1286.772308565669,1422.7690957416282,1399.2472771214084,1419.7371277919997,1437.9457683499072,1414.7662208374645,1375.971455546742,1360.6204135463106,1380.7794230891293,1387.88280795061,1374.8993146453142,1398.0992866644103,1444.8675954065234
1261.1818105755403,1263.7079266098478,1284.164939375263,1291.4815242187738,1319.8242600394253,1276.884420126473,1306.691420926856,1319.506131598401,1332.2120423799145,1315.5667706223026,1412.3626194325936,1324.2119841200595,1334.8691737200866,1358.4211330421313,1313.8880566754272,1337.4915322156419,1297.110427266739,1413.712366063524,1357.9981094947368,1370.6229439009983,1352.8469011441632,1365.8651453359264,1265.7953905124702,1375.0978831919529,1353.3397515042063,1285.4309342687784,1368.5040486800594,1288.8281823309103,1427.0409271240567,1402.4456973825895,1424.9965796484628,1440.702261648526,1416.7420572257224,1374.1940672941596,1359.4604417835349,1383.5813455840214,1393.9675554844716,1379.15236699871,1398.3758347011944,1458.9516373335775
1260.5987761291763,1263.9948176670212,1283.5391037795891,1291.0232000553833,1317.4853940260268,1276.5929298880983,1307.0782434711296,1319.3060693192276,1331.7158126183742,1314.220144926441,1409.727905004083,1324.0519527998545,1332.4100820220754,1353.8924967741748,1313.3342825086982,1338.1315302719013,1295.077642145974,1410.534048141156,1355.9058149847156,1368.384194846813,1351.789574282148,1362.702365183529,1265.0000932121388,1373.235842702317,1349.7009674023177,1284.2281172810083,1366.529561862411,1286.121518134722,1423.0353914108123,1399.026627552298,1418.8333384343398,1429.6506227848506,1412.0993092293222,1376.1023972319042,1360.7811506508685,1379.7842112628716,1387.5195225078282,1377.766312012314,1396.0275230300851,1445.5197936702598
1261.1401698894608,1264.6185371261922,1284.9620429211673,1290.9633729592395,1319.6556399470253,1278.7446484144557,1308.063547221312,1320.1419105611637,1333.1577995216737,1314.6475716407033,1411.218800869745,1325.4271266929406,1333.8388245143174,1355.7458149095394,1314.4235856432329,1339.2215051244132,1296.4646428897115,1412.41205076523,1356.1237182256066,1370.6769226923898,1351.5809219899606,1362.5634615351237,1266.0188134920247,1372.822227101006,1352.6183453247481,1284.7805325025033,1367.8030982105818,1287.4447552211918,1425.2215777959593,1401.5152112577412,1420.9699185673892,1429.1814221585287,1417.5351944129259,1375.6987357029725,1360.4382277707105,1377.7964907499768,1391.6614219281762,1379.2700858072246,1394.6472448334775,1450.4046137123914
1260.3588651580578,1264.3382743342643,1283.5156397949675,1292.2569685025915,1318.2718958136043,1277.3403189646835,1305.9746424427028,1320.7463839820387,1332.005935954338,1313.6568897154177,1409.211946554834,1325.1936013398035,1332.090896181034,1358.360498655932,1314.7036931830612,1337.8878149613743,1295.3425375510353,1410.2608738238382,1355.2386785402764,1368.9035075385696,1351.6224579318412,1361.2315743167644,1266.2053168282357,1373.7447702023035,1350.432266811699,1284.1054741215132,1365.957938943839,1285.0641378828861,1421.6569212624117,1401.0278033175937,1417.6002774408112,1435.111076895887,1413.4372108680984,1374.1370980069821,1361.4657709736243,1379.5779028139953,1388.3330461995733,1378.402560245101,1396.4307240570504,1448.0374672943217
1260.7944143964892,1264.3812620561546,1285.4824782840847,1292.1594817862585,1318.8667883149064,1277.852465918569,1308.2942561770774,1319.7050218656445,1333.3790810494124,1313.6553106974507,1410.4994345833563,1324.178945477354,1333.3697085267422,1355.3999266129015,1314.8795188272604,1336.9253258544747,1296.262605991057,1412.78678772227,1356.7023085136598,1371.3014662361113,1352.425688767836,1362.3269974466352,1266.6704019271756,1373.292220218921,1350.377528932423,1284.590335293202,1368.3975972556557,1286.0317795270187,1426.6461724363207,1401.9349210928299,1421.465707654821,1431.9167040984976,1415.7930157872192,1370.5102760433012,1363.2397375627017,1381.4408160878459,1392.0835917992663,1381.2826828034024,1395.826064556122,1454.1291178122963
1260.3266856971727,1264.0105032270253,1284.4349203646032,1292.2054101665228,1320.007215520249,1276.5196488229287,1308.206030385814,1320.3617189468155,1333.848198808942,1314.7206337572675,1412.5700327726775,1324.0977422815004,1333.6471473832457,1356.009709288452,1314.9578884020593,1338.0519299623631,1296.2249889983548,1412.8463807186902,1358.1442942773567,1373.3756687216044,1351.8126310496389,1362.8157370558538,1265.8729466907873,1373.9753308597594,1354.1412867250647,1285.4887834046124,1369.3054391358307,1287.4672364850292,1427.1999857479207,1400.8250807504544,1420.885640330328,1436.3887979224776,1416.1253419954362,1373.0721422141469,1362.2447730213632,1381.998372559819,1395.936855499715,1380.4931946108738,1398.62559372082,1457.116133659819
1260.9946737722737,1263.6491241946171,1284.3944349731069,1291.9489944004583,1318.5605019944358,1278.110462737698,1307.205110008574,1320.0722451181512,1334.1868375453023,1315.7796317274833,1411.4347356985002,1324.8140359608517,1333.6983073605766,1356.547585089586,1315.218845224072,1338.6991594964286,1295.2800006011703,1410.9949004777914,1356.4267833557346,1372.1325443128203,1352.1172169541862,1361.8403355464936,1265.1242569493413,1372.5429386510416,1352.696800369244,1284.409407641461,1367.66651262619,1286.1401603566856,1425.4987734506988,1401.3010825279794,1421.9905635340417,1435.6247281179892,1415.7867255079982,1374.6816925474961,1362.52005972364,1382.3652729578641,1391.596060464927,1378.530092744786,1393.6581795599495,1447.9849922747635
1259.8346599341817,1263.5989217099975,1283.9112341340435,1291.5615644308116,1319.1311199524205,1276.9144930313157,1307.2824835930046,1319.4078198216664,1332.399296363494,1313.4883246610473,1411.1094578462694,1325.3359204928106,1333.8375419253541,1354.9748616931233,1314.6162511033262,1336.6871167885354,1295.2929948265253,1411.0691590672234,1357.4133122915853,1371.897619840987,1351.3515944462083,1362.1055824225828,1266.2195308924931,1370.443990340857,1351.1658524989716,1283.7894161038305,1367.4298989183408,1285.3903250255223,1424.7297056599539,1401.264502826555,1420.4462522394144,1432.297964878677,1413.5408593727293,1370.0186729584018,1361.1055640318757,1379.870528450774,1391.8563800156196,1377.7840249065334,1395.7321476538239,1455.815367053351
1260.1158567721945,1263.707860425362,1283.3939403475879,1291.2765377817188,1317.3920451947333,1276.4532124449004,1306.6730296332978,1318.5679377588558,1333.255298549832,1313.941817807093,1408.836462557624,1325.221789915663,1331.860976718548,1353.0511633253375,1314.6693849903718,1336.4865020410462,1294.6431946929429,1409.93874874076,1354.6437272291362,1368.6844777318358,1349.7343812666716,1361.291196623357,1265.5589718767114,1369.944279000944,1352.0776261462968,1284.5491260203814,1365.6484256567753,1285.743334976468,1421.3632448975438,1398.6177678709412,1414.9738690006977,1430.2677821878108,1410.6994790320396,1373.33960162512,1360.2049611460018,1376.787613985899,1389.5305257700954,1376.7135497293382,1389.5931027655354,1446.3529536005747
1260.6328920512196,1264.402072998661,1284.541190968301,1292.714026307117,1319.5690769373061,1277.7938843851962,1307.4781860258922,1320.401562403499,1333.9442226099377,1317.4067178533792,1411.8194958138026,1325.0004770869843,1333.283072873132,1356.4693211429626,1314.609345320215,1337.9727260952807,1295.700305395819,1411.662842847328,1357.0937392217422,1371.2375404647019,1352.6319015611364,1363.4332237721906,1265.8272901710102,1374.2558051239432,1353.7999141682305,1284.3769868029353,1367.8012871045573,1286.7147986355158,1423.859847837504,1400.615194582089,1418.9336083625099,1437.175883633828,1417.1973942160896,1375.4842008165904,1361.16577086672,1379.6782473944327,1392.3474321992442,1377.8996956385333,1394.5350336272097,1454.791491198312
1260.7146848608015,1264.0371176427273,1284.3858138260016,1291.2907210378783,1317.8849963383088,1277.7901829813022,1306.4474827841657,1319.4457984338894,1333.8393191224593,1315.3424048564807,1408.1068030148965,1323.0170458120572,1330.8686474831336,1356.5732316894432,1314.6294505436365,1338.5720542177837,1294.7312772167415,1409.4827969539665,1354.8772671833337,1373.0758180319367,1351.9692404391417,1361.928881917097,1265.5265854270385,1374.3225680647092,1349.6122411000972,1284.7893981122538,1367.101379731689,1285.7215857185563,1421.6820151468187,1398.4021275552209,1418.6499165053087,1435.5576239787815,1412.9582028073246,1367.5014055798315,1359.9677664594747,1379.9234032608094,1387.5695657216165,1378.8091813970082,1392.368149510366,1445.0284905241167
1260.637218040913,1263.3556451966933,1284.319528423641,1291.7886434952038,1318.6844437562197,1277.7496384590465,1307.0020798381656,1320.6067665841908,1334.6709225673412,1315.4614083541242,1411.269885853359,1324.68062720067,1333.219265363938,1359.3178890644936,1315.3832838077803,1337.9683566739611,1296.1855637571332,1412.9581982060533,1357.0605510484456,1372.4610430763173,1352.5640866711155,1363.100204428599,1266.2152299701422,1373.8890621166815,1352.8148055790894,1284.2266956914689,1368.5668220873097,1287.7317433334379,1424.6779081528084,1401.8981315423002,1421.7689391326821,1435.67052204909,1416.8560270196133,1374.5743652385756,1361.4751449206835,1380.4203614510172,1388.935206994528,1381.4644852118988,1396.4838934527868,1452.979652329977
1260.9049343118868,1264.826759008412,1284.4572024260788,1291.5379136742736,1318.9765454243209,1276.3724126561385,1307.4437839381853,1319.832254830855,1334.6630838126064,1314.5079727874738,1410.8990965183225,1324.7407834964401,1334.2786089781464,1357.0620225255143,1315.3318216754913,1336.6831974883162,1295.445156837018,1411.4464232908833,1356.0377816807377,1374.2217615363384,1352.7716285225338,1362.1756639624223,1265.7484749992436,1373.4306809545114,1351.9910801860929,1284.8680884255562,1366.6231722788145,1287.7179654622805,1424.7907483752422,1401.768936200489,1420.4787777617742,1434.1306561540891,1412.0904084171457,1372.6588888919919,1362.392250934564,1378.7561781729626,1391.058347325104,1379.9576997594202,1394.7963624961658,1452.5773066625238
1260.8188898261033,1263.5437721697017,1284.7293803823306,1291.1990650575697,1319.118675419765,1277.1775108110894,1307.4452686207921,1319.9439774512878,1332.7114935072957,1314.5165463290934,1410.614389132173,1324.802328171321,1333.201921311921,1353.3691124540464,1314.2868874207022,1336.4853463286709,1296.021989822159,1410.5986696776065,1356.0842295707487,1368.2495089732818,1350.595707567832,1363.3647081906468,1266.061461590017,1373.414991289444,1351.9731739860583,1283.9629280249976,1366.8155766031691,1287.2433325517015,1423.638012119083,1399.4522720957377,1418.6116164399002,1432.0958051999871,1413.2362042797638,1374.2467078327877,1358.811531489574,1379.3749949807925,1390.8976255502098,1378.6226857234935,1394.9032041262033,1450.24006637438
1260.7455015103167,1263.6514777013738,1284.2904126341223,1292.253597115228,1318.8071450033087,1277.3839963123044,1306.8811761342522,1319.7696195179844,1333.7165559186037,1315.2044055643137,1410.3376903152905,1323.1944427034198,1333.6775453383339,1357.2417374701768,1314.2649342919524,1338.8799538128885,1296.7414506674656,1412.040660641024,1355.6765497410152,1372.8844250051002,1351.8745900025222,1363.2618260390216,1265.8604779658012,1374.6548853477539,1351.5403765460464,1283.7582897079712,1367.2428835505473,1288.3496558321272,1423.155579079233,1402.0385395154,1419.2579985611885,1434.046852223504,1417.7481243858056,1374.1096170326296,1357.5858238340938,1380.443871714991,1390.6837934130667,1381.263716923153,1393.4625756029589,1451.9927209838906
1260.5819205952369,1263.8480930801024,1283.714103785061,1291.594892337505,1317.8631768969635,1276.9625476338522,1307.2790058657147,1318.9541293653144,1332.5657321222977,1313.4394886504383,1409.6429632864554,1324.1079775869282,1331.9199693891571,1355.6278759796487,1313.2244523247637,1336.046444991745,1294.771132268713,1410.3895105375009,1353.4047787226475,1368.0772002738531,1350.9363927908175,1362.0838252627627,1266.0806297225324,1370.8770704052606,1350.5538579957401,1283.8528495475061,1366.7952418269665,1285.5311753319927,1422.503364771469,1399.2343601279404,1419.9746425024466,1428.1736520285415,1411.9347161757512,1370.2572139383708,1357.8847889653375,1376.0434592672675,1389.1484398779717,1376.4915459017473,1394.5118193904343,1448.2533366341645
1261.3448173293327,1265.1149856978002,1284.620402582424,1292.0343618963357,1317.4811496087939,1276.9913920514227,1308.2069052912473,1320.4813803257816,1334.1856793158054,1315.458277689667,1410.4379355166461,1324.4908245988902,1331.527222255747,1359.638839979671,1315.7651702649987,1338.1016609219737,1296.8839911375112,1410.9200882185687,1355.7746610573379,1371.0600645078446,1352.172070052468,1361.896104283532,1266.8604880834066,1373.8085433177491,1350.1948184436699,1285.3330947757263,1367.336773493696,1287.803054766712,1422.6389138854086,1401.4949914294257,1420.7159163209062,1437.2368226497686,1417.1575713607742,1371.5947951206188,1360.5906914596474,1380.180142936312,1389.0665040378394,1380.1344901648815,1393.1380944602993,1447.8445724886835
1260.35588032206,1263.8074842966744,1284.1498532411592,1291.318312193216,1317.9012063068274,1276.4692780657158,1306.93481802181,1320.12237612069,1332.56988873468,1315.4671801467418,1409.788231117073,1324.0524529661352,1333.1232319414326,1355.9336917154715,1313.5860247732746,1337.4165070713714,1295.6378993888552,1411.4885132179813,1355.7383323157158,1370.9722134549302,1351.6645990841348,1363.0304749745183,1266.224254714083,1373.7849131370433,1349.7991134211773,1285.151146052806,1366.9176713448028,1287.2687997944508,1424.1171001480209,1399.7393639197664,1420.0457821058824,1435.2307437435877,1417.135582757736,1370.4522315168617,1359.857939111673,1380.479615515032,1389.2461584888579,1379.8677096291137,1396.3989040337508,1450.2833717898864
1259.8501351479676,1263.346459158723,1283.9786308346395,1291.962565901396,1319.2068764369283,1277.3047204553231,1306.6731747516103,1320.0210046155705,1332.4467238469304,1314.9783747933081,1411.2421328795306,1325.4444270607282,1332.0547272930069,1356.9186285750866,1315.8600264101508,1337.828635336946,1295.0303722816136,1412.9166655836818,1357.2566042351234,1369.8069899299746,1351.428616285601,1362.210365924464,1266.8269378631323,1373.8996885441609,1352.152979763868,1284.815252789939,1367.9789204490407,1287.5027783635262,1427.0293162717135,1403.1040521749544,1421.9305656014974,1431.1170179152512,1414.2708258929927,1372.419904066908,1361.9684431652454,1380.9730780141256,1391.747508719485,1382.26094087457,1400.0490916548508,1454.996282042566
1260.3462373307204,1264.0315483415268,1284.0200565531877,1292.1455375292478,1319.7540168463995,1276.9123469256992,1307.1935563592162,1318.7101247167277,1332.272915854314,1315.011619426256,1411.0529307149504,1323.6996747193486,1335.284909525285,1356.3867830849254,1313.2916839251352,1337.892501732617,1296.1160606461938,1411.895882199161,1355.502911242876,1369.183386825383,1350.8672373243573,1361.93953823551,1266.7706191620416,1373.0044668578898,1350.3179089518442,1284.3379801168767,1367.8892576523224,1287.8196044658914,1425.7473188178092,1402.1571989327308,1418.7969789401104,1429.1445607592211,1416.0240526971954,1372.4674075388323,1359.4894405044463,1379.8510517753655,1392.9240963825048,1378.5477305219595,1394.7954366650677,1453.3392159673883
1260.601727221964,1263.7763952587752,1283.2783782493925,1290.5270025688753,1317.397124015497,1277.3256813913936,1306.2114370811375,1320.2541133037332,1333.628675403607,1313.6829592126066,1409.0777855416875,1324.7027772515387,1331.1698469630433,1356.7766863097752,1313.8266895044455,1339.0988925491995,1296.7832115169554,1411.401754658178,1354.2162369332507,1370.1501988324878,1350.6549621739805,1361.3353776541203,1265.978264804325,1373.7759006855736,1348.7682469509684,1283.9184231874844,1367.0320519335796,1286.0017308976214,1421.76725482992,1400.806496195543,1418.4127063796366,1434.6526543940943,1412.9092772763097,1373.2369196740376,1358.5330082776707,1378.8374019215435,1388.0144021397532,1378.5779913107413,1392.6140718749148,1445.961072338997
1260.8219981574932,1263.2776868350488,1284.0830716342546,1291.0165289788013,1318.196755771696,1276.1958126369275,1307.3138564921433,1318.7929178093862,1333.5362532066727,1313.8056972491238,1408.4583216734488,1323.8173478118722,1332.1285529165064,1356.5652484027507,1314.3691427852177,1337.330270055275,1295.6201840365238,1409.8985392611103,1355.3560532853348,1372.212822124406,1350.7078018637774,1362.8619677116933,1265.597041777854,1374.493685288719,1350.4802698387894,1283.7868056308669,1365.7010915253688,1286.5067283654998,1421.264985452281,1400.4202915296494,1418.0271695296267,1435.037141747124,1414.9163086989688,1372.950428708802,1361.0357850113646,1378.7376662239674,1387.8196158609155,1377.8740933446738,1396.8290261595698,1442.4732089529673
1260.7292407149248,1263.24875350481,1283.9569349017247,1292.3815422669134,1318.6294214679076,1277.105567312716,1307.9716797166657,1319.505789856868,1333.9436994645728,1314.7457651904333,1411.513173757869,1323.9105047338146,1332.9337142418467,1358.637116889078,1316.5702437718455,1337.994862230065,1296.0396938869876,1413.8583399142613,1358.990057154753,1370.3636544860462,1354.541151036482,1364.682953674328,1267.0760834211,1376.375009138447,1350.7251754648657,1284.8657026618837,1370.6999194996913,1287.8010375251417,1428.6614321647644,1401.90212728508,1426.4900963047662,1440.5979094395575,1420.125265458927,1371.5661865882028,1363.6499785535282,1384.9784818798298,1390.3416980988598,1381.353136520405,1402.1367386875652,1452.5514347157077
1260.3240208809304,1264.0951863171256,1284.2247281542739,1290.9175549735612,1318.536302933807,1277.2249014355668,1308.1218010425239,1318.9843920102394,1333.4775403130398,1314.5416631966268,1410.6044987383104,1323.6669884103287,1332.0973486586356,1355.7899560911812,1316.4955950901117,1337.8352689601877,1296.3374719080018,1412.4543407185147,1356.7275068055958,1367.877097916329,1351.6599220020905,1363.4783007405388,1266.413141317959,1372.1059571762453,1349.640581729878,1284.6088909085631,1368.2694761140074,1287.162589559756,1424.48213423963,1400.8778641176825,1422.6640877732195,1437.2751613595813,1417.179064690734,1371.520347684612,1360.302746174351,1381.8869836122171,1388.9972390506243,1379.5510324955817,1398.5431042673258,1446.5674488502998
1260.544459890926,1263.2234966967474,1283.9954703076476,1291.4356358689652,1318.7741182024436,1277.3254320015023,1308.064711262837,1319.0730833780283,1332.755212174663,1314.9223728656007,1411.2867916599885,1324.573109341671,1334.0488081233773,1356.6626022973958,1314.2299226738094,1339.1127391099724,1296.4749130953549,1414.0827761017244,1356.920434828354,1371.3906640578573,1352.5129343188316,1362.7144645396686,1266.7525716901741,1374.330677322279,1352.2395584094438,1284.1392123986273,1367.6629847413283,1286.6533527102067,1426.085826247436,1401.969002923885,1421.219878433967,1436.498934728745,1418.5400808521752,1372.587655547489,1359.7275600296584,1382.8470209429315,1391.5567852476402,1380.0827091164383,1393.152602243635,1455.958751292551
1260.3876964014573,1263.4203477536475,1283.5330771475399,1291.2245479065614,1317.3316412436257,1275.9738878431967,1306.7843830040467,1318.103030473456,1331.9030034903865,1313.4351074225508,1407.489430750416,1324.487727354661,1330.3466262550414,1355.1336810364303,1314.1019156016932,1336.6746950353877,1294.0864253021562,1408.4995701357102,1354.6765936772426,1368.9179954341753,1350.4108381834646,1361.7858904096868,1265.5861875234452,1372.4689442654837,1348.7128130150443,1282.9730296028836,1364.8035098433352,1286.4755902636732,1419.6125827707194,1397.6262937922825,1415.5907426339352,1432.7659938042063,1411.182609932598,1370.6573366809491,1360.2241548578518,1380.108372025576,1386.0783214395558,1376.714435497334,1393.3737967778545,1440.2422402237862
1260.7057447019308,1264.1909591718877,1284.4604668828297,1291.5378776597727,1319.560272309985,1277.1829525842925,1307.0734970296319,1318.7009440509316,1333.5858701239165,1315.2009052944586,1411.9952810767147,1324.7999091165764,1334.1999106519315,1357.261555360334,1314.7381878721085,1336.7180945211708,1295.9907897439855,1412.1585044029737,1357.792136719767,1369.7786262940792,1352.0554915414575,1364.1780627080975,1265.8879063801262,1373.3704964060003,1353.5838685539995,1284.7101709903507,1367.1386537874537,1285.7845923253399,1425.656133667177,1399.1779370682402,1421.8818999214693,1436.3463082735282,1416.8930679295331,1374.1261981872437,1359.4761458805322,1380.7209323693346,1393.0711264856632,1375.687044973048,1398.3542560348517,1454.8165766443785
1260.1007818113458,1263.9883806155278,1283.607326950232,1291.2731349439318,1316.6557964083318,1277.813337781879,1306.273734992975,1319.8948696939194,1335.4931920224822,1314.7034034654323,1408.0881851351805,1324.0142919262175,1332.0193866908508,1355.874519120557,1314.762248584091,1336.4525597199456,1294.70524686984,1408.5554220371507,1355.4448350291361,1369.4905483343111,1350.7269110960128,1360.756907683658,1265.0483327559718,1372.879709378799,1351.3984809889705,1283.3556482318859,1365.311837137073,1285.564241268092,1420.5475999591354,1397.5805735026918,1417.2146951704235,1432.6502501458958,1413.9426804370744,1369.290333977922,1358.7209036859172,1380.7809945820343,1387.2151147901884,1373.8967786070787,1394.5147235716597,1441.6558799860456
1261.2876456879187,1263.8064754958662,1283.606761499172,1292.2550897062677,1318.761757231195,1277.9127415751996,1308.5862236797618,1319.850626789245,1333.859822578542,1315.6077426666698,1411.548681333356,1325.9828521266763,1333.4547027531767,1355.6965185855463,1313.9576139220326,1338.7755579894545,1296.2282617149735,1411.310478309621,1356.4179006714642,1370.947822059552,1351.9172002831301,1363.6635297780042,1266.1470619455006,1373.1253606505295,1353.1974898968833,1285.0269199561674,1367.590329372754,1287.291577228493,1423.6785064743267,1400.5252645845944,1418.8959869460252,1435.6354558854773,1412.4468726956084,1378.2708712156377,1360.046622425639,1381.1685559527102,1392.2968828701,1379.5199083006153,1396.9688080468043,1449.8080081032788
1260.7873161184878,1263.530405287839,1283.673092339796,1291.7404230051309,1320.152074788534,1277.096171265696,1307.7246129997686,1319.2006190791626,1332.5886379002816,1314.1475041407232,1413.2380298255691,1325.8361772416736,1334.9029224663425,1356.2104876606165,1315.3779339281932,1338.2778962818954,1296.1598845684484,1411.497525618605,1357.1262780674142,1367.0756299620318,1349.5668322297545,1363.5848709769227,1266.3458593008947,1372.9384912403227,1353.8652581016709,1284.0156680233495,1368.302002386705,1287.0934857525797,1425.321707705908,1401.7529456541897,1418.4284749568983,1431.632908243646,1413.024900140077,1376.9258818033193,1363.233659814906,1379.4051310336545,1394.4424529982546,1378.6234735051146,1395.1230455214272,1456.8866664312861
1261.3731536298596,1263.941997388081,1285.8408721502158,1291.310470271088,1318.1657763937264,1277.2909550765214,1306.8300711377917,1319.1502543227007,1334.7656156326373,1314.8408631360137,1409.366636191056,1326.0982909563565,1332.3392031183644,1355.4287733938138,1315.5420615996904,1337.9549732759865,1296.5939052256479,1409.1258973256897,1355.5301039853632,1373.4476598746214,1349.622747594129,1361.1004925381162,1265.934506227884,1371.7680144894446,1350.7811146462498,1283.3247867365776,1365.5210998909931,1287.6178267453288,1421.6325089936295,1399.2579264418976,1417.6058343540421,1430.121623561468,1411.15098174698,1372.0795019556608,1359.9134135766287,1378.5900874164233,1388.013655462072,1378.9071166887873,1392.8049441317244,1445.6239992542771
1261.0650721520708,1263.656610723597,1283.9560985023884,1291.5031800410459,1316.9461892141355,1277.7084555106037,1307.8928960562082,1319.4239280328222,1333.2936145276494,1316.0113351914345,1411.4340985424355,1326.1023139080135,1331.2090175110295,1354.722668982762,1316.1416314188327,1338.0151427228839,1297.2389654577416,1411.240687072168,1358.4845856749128,1371.177109380418,1352.4837781828237,1362.922752436255,1265.4767480945893,1375.0428416586767,1350.9580423929829,1285.505115068246,1366.6852607703904,1290.5432875494228,1421.669106364018,1400.934130602737,1420.2099569750608,1438.9964173315582,1415.3434663555695,1373.1999056009047,1361.582325480543,1381.3018616244512,1388.1724645468882,1378.1558338351822,1396.566094409575,1442.3758824964857
1260.106026898465,1264.2447176230655,1283.512177097398,1291.5409900653096,1316.412085152657,1277.9013314375138,1307.9137121406736,1320.9281184799272,1334.073977532621,1315.4663984906394,1410.2828689266348,1326.0490617768553,1331.5938684926741,1357.8904862862657,1315.9094895863443,1338.1709729072156,1296.2086172037139,1411.2137838596987,1356.925663365476,1371.8257682251779,1352.3107384954794,1363.9790937563328,1266.261093940749,1374.6563381723388,1352.5951818099568,1285.7288439666365,1367.236446121985,1287.2880693259513,1423.0952225567596,1401.235982980538,1420.3593109220612,1442.2305561372239,1411.037427676711,1375.2648832103332,1361.3572325052262,1382.5111164594773,1389.4683788015323,1378.0155294761353,1396.7274256708033,1448.708821370169
1260.8132119604334,1264.548353804608,1284.693446757457,1291.7970363373724,1320.4963324102691,1278.974136038964,1307.4135129854913,1320.6145523897853,1333.0929964163076,1315.1329285213642,1411.7338377871101,1325.0252951600125,1334.1084119076513,1356.2827302287262,1314.8375991221703,1337.9780069442256,1296.6615242587084,1413.156161017842,1357.6688259343407,1372.6613408099652,1351.6580094818062,1364.311943349926,1266.9195814102434,1373.018371260922,1353.191545414822,1285.2264264585579,1367.937080597418,1286.560364363034,1426.7211691446873,1400.1150135286894,1420.9545861340926,1433.5220559350466,1417.3236765740717,1374.1790679466699,1360.2827428648488,1379.8936715140544,1394.14960269667,1380.1342589745918,1396.6229311737693,1455.5190433280443
1260.2213167343446,1263.3617253894133,1284.5483460492412,1291.7322665342956,1320.1857593442712,1277.8678179216183,1307.862876929145,1320.2113531054717,1333.9062691066833,1313.9869171728492,1411.5594771090064,1326.4534801401483,1333.94516710854,1355.687465698776,1314.8645006893132,1336.5079716981706,1296.3994296812377,1411.1849892552555,1357.4081660056179,1373.3411276266231,1352.5016721940615,1363.5654998127518,1265.4131104467097,1373.6144530629383,1353.1967882636573,1284.6567723033465,1366.5239448565856,1287.4417088336506,1423.5061029018211,1399.1229317787597,1420.0381101931857,1438.7755076460571,1413.2000654874457,1373.8271994626605,1359.7446519179887,1379.285984220094,1393.2424116110292,1379.780749186042,1392.577083985555,1451.2205305123316
1261.1923360919159,1263.8233486847262,1285.2486397980406,1292.3820691309822,1318.9803795732676,1277.9903915457485,1307.654739442972,1320.321194139591,1334.7943189460852,1315.3196184788508,1410.4385382242494,1325.0108312082173,1332.257365231083,1355.5447100175356,1315.1872519356434,1338.0414285417544,1296.4097218742195,1410.2903083175104,1354.8903234714828,1371.7729332808292,1352.1729283840132,1362.105704409751,1266.2129437056335,1374.64911589532,1351.637802475065,1284.947465610341,1366.691355986958,1289.047777246192,1421.7462594030517,1400.268509797318,1418.5183057626343,1433.9413362205294,1413.927275805056,1372.8042364713328,1361.5589479760743,1379.214270405729,1389.9267330816488,1378.6208399531836,1390.8122882439231,1451.4403452054382
1261.095065531893,1264.0374084778298,1284.3986448074586,1292.226422675896,1318.355308025618,1278.352963882662,1308.6402000823061,1320.0307307827707,1333.5295969874264,1313.909455780111,1410.3752464606785,1325.3848349371726,1332.2607964613105,1355.868412703211,1315.441655551098,1337.1239683917063,1295.271467252065,1410.1556113001473,1356.5206905477148,1369.394382233607,1349.84330089467,1363.0483612310934,1265.3976306251056,1373.4693583708613,1349.8352933399115,1284.1790744094374,1366.8728892275408,1287.3255812367547,1421.819763004016,1400.7024114277701,1417.7133684517719,1435.1875417875315,1412.879079427396,1370.9699747124973,1359.8911231854825,1377.6135882133099,1389.9053864545685,1377.9878921803113,1394.964850534572,1449.7114439933143
1260.0874224791305,1264.1254074444043,1284.5728374805772,1292.066020537556,1318.1935124344848,1278.2721695798914,1306.8782191861085,1319.5614318982646,1333.4151737584114,1314.995176320636,1411.2442760977285,1324.5643081177493,1332.9671860276326,1358.1753189194692,1315.5140688361462,1337.8960927107667,1296.54723283473,1411.6181703814125,1357.411903392405,1372.3603354780573,1351.8685514392794,1363.273493843843,1266.0757336229483,1373.2646092914133,1351.2505240686226,1286.3716129088793,1369.4698472608225,1287.433024558826,1425.751496763374,1402.2966614631182,1421.2888485344263,1435.216360565614,1412.1245145424484,1373.5804046747194,1362.2437884071462,1380.6835584757468,1391.147876236166,1378.2552937536777,1400.6401944640536,1450.634702287913
1261.1390412127282,1263.97034460577,1284.1073762632404,1291.23180742244,1317.533961375274,1276.4375830684842,1307.0908161915943,1319.7122075435047,1333.904235679274,1314.6884700366834,1409.342048522465,1324.0995259408953,1333.0892861618781,1355.9378857455001,1314.4853382722877,1338.1882891628802,1295.6233033627236,1409.4858929703057,1355.5581825730724,1372.6710391931729,1350.3833129908849,1361.432818568405,1265.6005853557242,1371.6624554577252,1350.5215343914758,1284.5237862611896,1365.825719370923,1285.6934640652858,1422.4247108183497,1401.0696034374746,1419.0568257421696,1433.6867015159416,1409.7865638544063,1372.5243753740865,1358.306698421028,1379.5455583872872,1388.9513212638196,1378.197885600945,1396.2032134124206,1449.2382129679113
1261.0554460022229,1264.2785314699192,1285.2701450657837,1292.3472987911844,1317.1403755284487,1277.9371599023802,1306.8304966065766,1319.8898805389406,1333.130505454387,1314.3278197680809,1409.1245244141596,1323.7929062546095,1331.8228514400737,1357.2162441945616,1313.5672165555852,1338.1400035277468,1296.607201660389,1411.131446115766,1354.803584743435,1371.6771506080647,1351.787127413578,1362.4518660431445,1265.6904005440622,1372.7046192080634,1348.859561026097,1285.410973930378,1366.9694771397333,1287.2350878197515,1423.7494804539965,1400.7040699461277,1419.0433428553301,1434.1876217586241,1414.9590308715663,1371.4647235289756,1359.5932948456307,1378.013831560985,1389.7585404509373,1378.4346239211784,1392.556836626842,1448.384578952308
1261.0828760207646,1264.1268110212764,1284.3836402211816,1291.951544695861,1318.242412457433,1277.7538095271614,1307.74057043394,1318.9846443957988,1332.817828408261,1314.5469757793776,1409.5045532262884,1324.4189356840614,1331.4585995198938,1357.0069047390934,1313.9767278423942,1337.7596650709352,1295.128419959922,1411.4538395514744,1356.4396902623698,1370.9547645824243,1352.1052909780472,1363.0793005644516,1266.3343974113054,1373.5056645596717,1351.7627818696894,1283.520338859754,1366.9304495999163,1287.062064666224,1424.1775967129186,1401.917304734504,1420.6706668859226,1438.1275215926114,1411.390093021444,1369.1902629858087,1359.5932962610511,1381.559331871159,1389.2444073022473,1380.1162751027214,1395.210732573009,1451.1652777332686
1260.9364098291273,1263.4094113085687,1284.7531388966584,1291.3611350656859,1319.73737723112,1276.7589611289595,1307.2532633599856,1319.1536319010565,1332.0895022007637,1315.3165012949542,1411.1109091955739,1324.1939172664427,1334.7371581077011,1357.8331930843572,1315.0846451627112,1338.403211640251,1295.9821003253257,1413.4074401322932,1357.666379651131,1368.0339520281352,1352.8959770971856,1364.114532507899,1266.6692775715883,1374.8885262973843,1351.5783776124842,1284.7521437612522,1368.5846707038231,1287.2748326105693,1426.933444417645,1400.7489525418325,1421.39692885199,1434.1378902529364,1420.958979871165,1370.527328648865,1362.2932645482033,1382.1504744468016,1393.2912221803447,1380.3781494701884,1397.2419435804225,1454.8750928230404
1260.608732778374,1263.3612694251997,1283.954054053638,1291.2230498990562,1319.0690766910625,1276.9508599690698,1306.754800530366,1319.4708968581583,1333.3353348278727,1314.0140912070235,1410.4599210043775,1324.3443105718502,1333.5872400921194,1353.7831880942963,1315.5639801008658,1337.2863551117448,1296.5056300038018,1411.612685781863,1355.677360485512,1372.1279575468182,1352.1272461038411,1362.695088349371,1265.7781382243206,1372.654079191392,1352.6117192361687,1283.8045477177648,1366.9583300190247,1285.610997467487,1424.3078030773847,1398.711047347158,1419.4812792653643,1433.6996518561577,1411.8686873977147,1377.252138756468,1360.5102527893202,1380.118723172757,1390.842448772797,1378.6967042972542,1396.4853240595953,1450.0552633795462
1260.526352748766,1264.3760913339079,1284.0560593198659,1291.1966802023703,1318.908032686547,1276.3940269841303,1308.8077950088525,1318.8218321411548,1333.480617625578,1314.4585230772818,1410.86426231532,1325.7389856276143,1332.9910201087155,1357.1254425659006,1314.7288986786982,1338.1646613505338,1296.6178187918918,1411.4416202987115,1356.5677194113355,1371.589174016572,1351.2102134593556,1363.2927425932287,1265.6187721902108,1372.3445606916698,1354.6103077951645,1285.294320537642,1367.0364485036525,1287.869745680145,1424.1867216031185,1400.132423029527,1418.0514248557304,1431.7139997077838,1412.247789090064,1373.1266678407303,1363.8914491206042,1379.6271953555795,1393.1783201388157,1379.5702587996052,1395.8846076651655,1452.725159282731
1260.6738454073957,1263.9349895331175,1284.0576652654695,1291.469012022067,1319.8707693601611,1277.886658907991,1307.115102340095,1320.7339810633189,1333.022412431106,1318.912693255384,1413.4349475351446,1325.6416391593973,1334.2557648798077,1356.7977457789837,1314.7441249827,1339.2307856311068,1297.1770832966135,1413.7886477336344,1356.8008765599798,1367.282034447776,1352.9163664158946,1364.2639486105734,1266.8572895440423,1374.4094828202483,1353.8315879388897,1285.9874486372983,1368.7786673400417,1288.8095708149933,1425.7608694892801,1402.6589085947774,1420.6991795896065,1434.9179347046488,1417.9842929355689,1378.4472312193077,1360.5096795268707,1381.4217348325765,1393.3368739354962,1380.9119538627283,1395.8663591638149,1453.1558347779728
1259.9435520567006,1264.1950811489962,1284.5507452416034,1292.7869151613982,1317.5009620874387,1277.3498746640785,1307.8303252952994,1320.4543679457265,1334.646187849821,1315.899598732243,1412.1156275135668,1325.3326783576135,1332.2429895841062,1356.6723955995728,1316.1964538671878,1339.7901154396309,1297.4975334165829,1410.1855379050912,1357.0735426834026,1371.0931036960149,1351.7317044361919,1363.1797159671298,1265.6002320983184,1374.4867114769706,1351.2828635801018,1286.182723316055,1366.4031035442024,1287.071163374415,1422.7788435487066,1400.667428543877,1421.805318682813,1432.6579199011587,1418.6645151395085,1375.1164693010803,1361.3736167579275,1380.9496945992296,1387.15578913164,1379.4584734945936,1399.220322236469,1444.620874234598
1261.2856573554636,1264.1475694283624,1283.6864524211567,1291.648363843055,1319.1967435982656,1277.6694107845142,1308.5968297870054,1319.7976626418576,1333.8158650363314,1314.0195059474486,1411.1994191096408,1326.2918356535772,1332.4452225715322,1356.0619796522208,1315.453222756107,1338.2489993518204,1297.4445292652522,1410.3248236319473,1356.2876884631153,1367.3581698093076,1350.7129575936851,1363.0638106778329,1266.343079070131,1373.7117426094878,1350.831719044389,1284.8082092589664,1366.4623948806855,1288.6177681631705,1421.4953177344344,1400.160690447942,1417.425859130436,1431.8166090476245,1411.454464264921,1373.7685129130725,1361.4116889924023,1381.0247939625197,1388.993484013309,1377.2591312355974,1394.6783440621962,1445.8324932698124
1260.4648759978618,1264.2770622202813,1284.920787409899,1292.0417836083404,1318.6481373938705,1277.972177836649,1310.0215575480067,1319.999892352863,1333.8081097655704,1315.0495812539475,1410.84262815505,1324.874636002423,1333.4849900113834,1357.208698298687,1315.034498856371,1338.0696935479564,1296.3095591997771,1411.998221863186,1356.7386173103039,1373.2748201230663,1352.6120928233613,1363.8340116706902,1266.097253254899,1374.041795884879,1351.458508926836,1287.3784230002443,1367.6192343813884,1289.4205937621896,1424.4333908829371,1401.7108826196616,1420.9933445739114,1431.9951231784787,1418.6011336718907,1374.5789105751721,1359.7268874893193,1382.3993767647953,1390.8941345170306,1380.3654351142309,1396.5863692864737,1452.026249351274
1260.9177879422716,1264.6369403217143,1284.9860342729528,1292.7720456236373,1317.8987186212228,1277.7533640704867,1308.6203738637294,1321.120383301149,1334.6178529611673,1315.2739865635363,1411.8124574698172,1325.2397596484448,1332.6027221876068,1357.376187866264,1313.7119594269677,1338.836748344333,1295.54349770383,1412.78035568383,1357.1366186673433,1371.0172636885638,1351.8731171213901,1363.6726623425448,1265.8909317600712,1373.6808207613042,1353.407915244756,1285.716300757231,1367.1605673262939,1288.3529775461648,1424.1375083947744,1401.3176781953712,1422.3254135480306,1433.5384738083412,1412.618193296522,1377.7823785649055,1361.914322582333,1382.5352641617662,1390.5771333898003,1378.8837032472195,1400.9992463454578,1450.3662355404276
1260.3545981262728,1264.0682320156484,1283.8524483469116,1291.2831466740847,1319.5674752702814,1276.8722470895113,1307.1372498303792,1319.9077605140078,1332.4852424605272,1314.6367820163948,1411.1630847222903,1324.997087687572,1333.0812079505142,1357.170143099959,1314.0259054799646,1338.441731715941,1295.3633058081473,1413.0416256033134,1357.1854898287113,1371.4861209454573,1351.1088980819775,1362.6636313996305,1265.8635046996399,1372.861184762609,1350.7234621291325,1284.6317069956779,1367.614564845908,1287.6358956187212,1426.088977433726,1402.7513812596765,1419.4060293224347,1436.8609716920062,1413.3032426971781,1373.1204518466882,1360.748550907181,1378.802682258319,1392.0935580183473,1383.4297385514012,1397.2443882426571,1454.803492695985
1260.4872576759265,1263.8963512151056,1285.7354327906155,1291.9627084713647,1318.0020631951365,1278.1056910329721,1307.295077106917,1319.6706668831964,1334.3586850333363,1314.2015944642553,1410.6807551069576,1324.4742411490724,1331.6677153248413,1356.466786039675,1314.6078546337462,1338.0085686984942,1296.2427722816678,1411.0832937394566,1356.2687409742064,1374.8879126954862,1350.0226601921452,1362.2837770736426,1265.8015128430113,1370.139921762354,1351.445045931207,1284.3096629161562,1366.4660549827693,1286.3231157319176,1422.9349953323024,1401.0205328293926,1419.2250295812203,1433.8964882508521,1413.9667058393713,1373.9354697074982,1359.08891120201,1379.7394264363504,1388.2870993185923,1382.7219102713218,1394.2915433153241,1448.215604461751
1260.5301286402237,1263.6815420938008,1284.7693505098723,1292.4996542057245,1318.482989896598,1277.226531946367,1306.4277283497563,1319.0973628975996,1332.9416895858574,1314.070851214183,1408.7699805438504,1323.494464288377,1330.6959771730506,1355.3434901858939,1314.6695002612846,1337.7843914280368,1295.3967083375635,1409.7516108172567,1355.0284295885967,1370.0662211721342,1349.764052268961,1360.280135602737,1265.9710535198974,1370.9835132253143,1348.6181223699757,1283.6194997094378,1366.9231141532923,1286.3475372655412,1421.8872559303622,1401.0014051976711,1418.0049012946074,1431.9659103478982,1410.3979830287578,1372.0916931991376,1359.6659721778074,1378.2997043610153,1385.749036511765,1381.074051615062,1394.9702406085264,1447.8599072071618
1260.529936834987,1263.9625731924748,1284.1968167888913,1290.5925594624753,1319.6037149764413,1278.1223082370964,1308.2188631649492,1320.0039316259292,1333.1515372356828,1315.4221778863102,1410.6818478297685,1324.8279564889526,1334.1232530709924,1354.801152325764,1313.3201959963965,1336.3862323820463,1295.0110760836294,1414.0356269775145,1356.6125132195743,1368.4619340393524,1352.4066983959976,1363.7138973066944,1266.0741701310567,1374.538884638715,1353.7721073863422,1283.7050617243672,1367.55689462861,1286.066798889393,1425.0679879994832,1401.3991065139335,1420.5797264435519,1433.8105853251618,1414.3793380409734,1376.3548819386192,1360.7284633099016,1379.085860330502,1392.4276519690923,1377.8902840848398,1394.614888300268,1454.9345951280602
1260.4330234464041,1264.459793616348,1285.48500287054,1291.7369651110719,1319.1499168189291,1276.8343761792282,1306.0969988942425,1320.4040756565182,1333.7635097808795,1314.3570462350847,1410.4559458700892,1324.8343804601907,1333.8288765724972,1356.2371299515908,1314.0932000357234,1336.405085842099,1295.647906546138,1411.8320928525363,1356.8879995471725,1372.9027111906535,1351.544941522052,1361.8823184925068,1266.6281522409292,1373.00365583574,1350.8033114090392,1284.5560585166595,1366.9294902088704,1285.9662664736113,1425.2111804271844,1400.4236469599662,1418.5331507819562,1431.3048715924458,1414.3872588975562,1369.2268037794643,1360.3234625360606,1378.1679216951334,1392.0981966909812,1378.0443095077972,1391.525121011394,1454.7454204234004
1261.0167951057347,1263.4695135347365,1284.541041162479,1291.8493090678444,1318.4424640815173,1278.0270610746759,1306.913388150977,1319.2231813346261,1333.9452958301101,1314.368243469854,1408.991306900645,1324.2291695229603,1333.367502828112,1357.4183456201708,1314.1752607632523,1336.236174681913,1295.2054467687135,1412.1840574380408,1356.287880078919,1371.284619561033,1351.1764018577348,1361.3201362754253,1266.1649687764152,1372.721827388032,1350.277197754231,1284.4721219161472,1368.3234385647484,1286.0386715086972,1425.0596288947452,1398.8779276161608,1422.138248012508,1434.2685642135586,1419.1671007133302,1370.5451154598936,1359.6333404252493,1379.4207406508733,1391.4102843826076,1376.5417743119665,1395.9961201919102,1450.7093411139574
1260.9963973789131,1264.9030904748533,1285.022747759463,1291.412768792053,1317.5206596209546,1277.5765984786733,1306.5181505238568,1321.1179836114343,1333.3054473109937,1314.5955051658605,1410.6842007788405,1324.247755150123,1332.7054180670755,1357.1719686468778,1315.0400138575149,1336.7997152147395,1295.99495623089,1411.060678719012,1356.4761160512548,1370.7627631181315,1351.5876116045108,1363.679639871704,1266.6203235086605,1372.7489424167563,1351.629926888351,1284.6637148223992,1368.8060798803438,1286.8843121080388,1425.2768591797162,1401.4818636504526,1420.8564211576243,1435.3710827243315,1414.47740905733,1373.0731795171403,1358.840157487262,1380.494593755588,1390.520981001893,1378.242080878727,1397.0678904842769,1446.7410742881789
1260.226249424691,1263.8163423659994,1283.9231940495513,1290.8565766661975,1317.9563701759794,1277.0296732171257,1307.4422156153228,1318.8511567631383,1333.5631275468418,1314.5304518400008,1409.2638085949918,1324.6968046112845,1332.2855607889244,1354.3363256537173,1315.1333192822335,1336.840015627327,1294.9101623662268,1409.764704779453,1355.5563172386019,1367.0438456663699,1351.4557691852058,1361.7209258099235,1265.4046086106887,1371.2102219174383,1351.907560301609,1283.4516006010329,1365.3579532807703,1285.8654798004945,1421.9286121648834,1400.046130185099,1418.314095694928,1428.7777994619164,1411.302273731231,1370.5496264255078,1359.7252039840578,1377.5097194016582,1391.104410182511,1378.2796885200441,1392.3951131378142,1445.4093471963495
1261.0055748347047,1263.5548161834588,1283.767930717301,1291.2876834263866,1317.8486779276327,1277.887760893,1306.772507248457,1320.276679938067,1334.892995367461,1314.9681710955556,1409.9084495880068,1324.891774817823,1332.3712773029974,1356.6349415109332,1315.5812300234818,1337.5960443370511,1296.2145845006812,1410.239518234037,1356.3930489895527,1372.696691199859,1351.1198271669798,1363.1678145668407,1266.1336920835,1372.5322462349761,1351.3284530718322,1283.7648416810325,1366.4814925207074,1287.0506059560003,1423.4388932790478,1400.0634545736523,1419.1347327486417,1435.2572546563135,1413.9455525746423,1372.7559193472634,1361.7444019994816,1380.9003902179645,1389.262283499639,1378.3145791396257,1395.6042125241836,1446.7174302404926
1260.6538709862104,1263.8857928503126,1284.1971328648228,1292.3193066780177,1320.1119358262579,1277.205969326768,1308.5768906373728,1319.5664476060626,1332.4573910077063,1314.2930703221475,1411.869787323195,1325.3251357858098,1334.6674263789896,1357.2606123838223,1315.773485352274,1337.9064855751192,1296.1651836247179,1412.536722608487,1358.1597934581057,1371.5723675368542,1351.5839089419812,1363.6069718135404,1266.2293452845074,1372.7280524518194,1353.9113547163845,1285.4442009937607,1368.7968335568635,1285.9966545645343,1428.5460382909414,1400.9796802195426,1423.0605482035967,1435.4514006394515,1416.6069144966066,1375.285823732782,1363.3928584810758,1383.1081187137665,1393.843731525154,1381.1252836037065,1401.5096299386141,1455.3396985533436
1260.2180185160728,1264.083637964827,1283.5115651005713,1292.5024993667644,1320.417612659552,1278.703515289005,1307.4234338771212,1319.946313184281,1332.9663710659459,1316.0089940497235,1411.9835060461007,1325.177896094165,1334.00521675247,1356.7517968376808,1314.5062890483416,1337.6951616672638,1295.6164297712314,1410.6649256071,1356.5937842882201,1368.425576573693,1350.5349723264533,1363.2570237259556,1265.9263871561686,1373.1229943407866,1352.209719528293,1284.3991012806405,1368.5394719573596,1287.1892453803655,1426.1518768145152,1400.8977967916487,1419.3521798527402,1433.6039045515563,1414.0629104747381,1373.0445740120024,1362.962354408487,1381.754101644319,1393.3506250812293,1378.053596822462,1398.1339029922262,1453.3544032817647
1260.7019166437055,1263.8573510053366,1283.3271129104542,1291.0527801095677,1318.8565671763142,1275.4920557961252,1307.2380554251206,1318.9149696130614,1332.1886522082596,1313.7633381804112,1410.700171915473,1325.0568107286583,1334.2007697461004,1354.292855209499,1313.7642081112028,1336.8835945683384,1295.723381528162,1412.3920068409382,1355.6566740704752,1367.3828269117619,1350.9108066918996,1362.6730600074372,1265.5437513787986,1372.6650403151652,1351.912960361978,1284.9347815448607,1368.0705724808895,1285.4751759403043,1425.998845995858,1401.6350965079957,1418.6351053088329,1433.29975751969,1414.707099597808,1374.6117228662301,1360.9929985421797,1380.3086543761601,1393.7759183059961,1380.736265114117,1396.5087961269214,1454.1750608613283
1260.7146112458997,1264.0047747619462,1282.8376740954532,1292.6671522741074,1317.7990019929603,1277.4984960782938,1306.9537150036558,1320.0677310187218,1332.6933526389178,1315.5630146066292,1410.9527019681698,1326.1599049644062,1332.7821871768813,1356.2364277742695,1313.578608478315,1338.418801787562,1295.852682368016,1410.4271469392104,1356.469197621972,1370.6455779746927,1350.501823840704,1363.2133237662047,1266.1992128484424,1373.377420195816,1352.3134371375536,1284.1113270578494,1366.846738104923,1289.2623158586698,1422.9643740184736,1400.727671939575,1416.3305812167914,1433.8076815756394,1413.110861649773,1374.273713982556,1360.3082065341557,1378.1904915469518,1390.1168005114089,1378.7180282349227,1394.1195771576365,1448.3990839629048
1259.7379111691603,1263.8258676193434,1284.0280713405639,1292.3148089592921,1318.3500303102367,1277.3551895126052,1307.3613262037325,1319.421957083271,1332.9784434213295,1313.141987650517,1410.6847021966819,1324.6373942711373,1332.7501790782228,1355.621861588578,1313.3523146656707,1338.0892394517984,1295.800904552763,1411.2761029468675,1354.6293340541524,1368.1762493499796,1351.411799865446,1362.2627881769952,1265.358433634644,1374.2485578213034,1351.9698080509909,1283.7795888579647,1366.084799475427,1286.9889824881834,1422.825490383051,1402.0311694050542,1418.29121587383,1433.2014635324194,1414.6532653840304,1372.9700336570984,1359.436959192152,1379.6930815357603,1389.2948371498428,1379.5127673386908,1394.5433769878139,1448.6410668604412
1260.4432414026535,1264.560583673331,1283.9423440774467,1291.5986880371102,1316.7757584543474,1277.7251524605344,1306.9812460807254,1319.770126005998,1333.6726209094334,1314.7133858546563,1408.5366679416052,1323.4325127728312,1331.3319716073497,1356.410157644265,1314.2600512641245,1337.8354165288315,1296.3438311443495,1412.1473537838563,1355.0101420390388,1373.6743925270316,1351.9461969265801,1361.2922949177528,1265.8432684788893,1373.1916937775788,1350.2916643029978,1284.9985250926445,1366.5454650196214,1286.601645818929,1422.1908233265744,1401.4402455546099,1421.7370761453033,1434.36596247508,1413.3904305970684,1371.895855404882,1356.9161291930868,1378.0688827267302,1389.3026367028833,1379.475687893635,1393.4504160053489,1446.6270477952191
1260.7872787467834,1264.643404293082,1284.003021247843,1290.9347424578687,1318.083507818907,1279.0480025384002,1308.6987693666874,1320.0030219590012,1334.286146589032,1315.7549875957206,1409.2203671254802,1324.4061542990898,1331.506859496408,1359.1561268461587,1314.5396713316125,1339.4004436375178,1295.8465693494136,1411.0790552894946,1355.5129291614035,1371.8282124289406,1352.2982973914986,1362.7521127251787,1266.528921824088,1374.7383428076944,1352.112283077053,1284.3483571289446,1367.3438173208606,1288.8039414795153,1423.746736012211,1399.9635875168804,1421.2689478837171,1434.1414155184113,1416.3213687984503,1373.109507869895,1359.7331847354558,1382.1838181115559,1386.489728135108,1380.156729608668,1395.2859738457191,1445.7834364740884
